gender,Near_Location,Partner,Promo_friends,Phone,Contract_period,Group_visits,Age,Avg_additional_charges_total,Month_to_end_contract,Lifetime,Avg_class_frequency_total,Avg_class_frequency_current_month,Churn,cluster,churn_proba,stay_proba,historical_CLV,expected_future_months,expected_future_revenue,expected_CLV,months_into_current,cluster_v2
1,1,1,1,0,6,1,29,14.227470422861144,5.0,3,0.0203979476208577,0.0,0,3,0.024743939,0.9752561,3814.227470422861,4.876280426979065,5363.908469676971,9178.135940099834,1.0,2
0,1,0,0,1,12,1,31,113.2029376510582,12.0,7,1.9229360550418195,1.9102435215196407,0,1,0.00017903275,0.99982095,8313.202937651058,11.997851371765137,13197.63650894165,21510.83944659271,0.0,0
0,1,1,0,1,1,0,28,129.44847933200614,1.0,2,1.8590983473832376,1.7365018916344137,0,0,0.5222683,0.4777317,2829.448479332006,0.47773170471191406,525.5048751831055,3354.9533545151116,0.0,3
0,1,1,1,1,12,1,33,62.66986319123829,12.0,2,3.2056327682385,3.3572145130526616,0,1,4.184684e-05,0.99995816,2762.669863191238,11.999497890472412,13199.447679519653,15962.117542710892,0.0,1
1,1,1,1,1,1,0,26,198.36226543903683,1.0,3,1.1138844004257795,1.120078107422207,0,0,0.024598027,0.975402,3998.362265439037,0.9754019975662231,1072.9421973228455,5071.304462761882,0.0,3
1,1,0,0,1,1,1,34,450.7439599104914,1.0,3,2.6234768072839807,2.6370069647681804,0,2,0.00087514194,0.9991249,4250.743959910491,0.9991248846054077,1099.0373730659485,5349.781332976439,0.0,0
1,1,1,1,0,6,1,32,94.2663885148517,6.0,2,1.138941228411322,1.2772416305372298,0,3,0.0015620594,0.99843794,2794.2663885148518,5.990627646446228,6589.690411090851,9383.956799605703,0.0,2
0,1,0,0,1,1,0,30,217.78664105008903,1.0,0,1.2135019626583017,1.0493871451868677,1,0,0.80598176,0.19401824,717.786641050089,0.19401824474334717,213.42006921768188,931.2067102677709,0.0,3
1,1,1,1,1,1,1,23,45.40990920299768,1.0,1,1.106238932529013,1.059332976736446,0,0,0.34328753,0.6567125,1645.4099092029976,0.6567124724388123,722.3837196826935,2367.793628885691,0.0,3
0,1,0,0,1,1,0,31,65.31083634086433,1.0,11,1.81085190458252,1.9513676552017305,0,2,0.0015675118,0.9984325,12665.310836340865,0.9984325170516968,1098.2757687568665,13763.586605097731,0.0,0
0,1,0,0,0,6,1,32,229.70894524511127,6.0,3,1.6411796616862384,1.36771396663351,0,3,0.008768095,0.9912319,4029.7089452451114,5.947391510009766,6542.130661010742,10571.839606255853,0.0,2
1,1,1,0,1,1,0,27,266.7838237446521,1.0,2,2.3485353357599856,1.5843158272716689,1,0,0.98395985,0.016040146,2966.783823744652,0.016040146350860596,17.644160985946655,2984.427984730599,0.0,3
0,1,1,1,1,1,1,33,148.41805281528684,1.0,4,3.3686057499800075,3.3918531715752978,0,2,0.00043431425,0.99956566,5048.4180528152865,0.9995656609535217,1099.522227048874,6147.94027986416,0.0,1
1,1,0,0,1,1,1,27,152.74866849929762,1.0,1,0.0,0.0,1,0,0.722924,0.277076,1752.7486684992975,0.27707600593566895,304.78360652923584,2057.532275028533,0.0,3
0,1,0,0,1,6,0,35,209.8881331905138,3.0,8,1.978083818026388,2.117349155762039,0,2,0.00045441103,0.9995456,9509.888133190514,2.9986367225646973,3298.500394821167,12808.388528011681,3.0,0
0,1,1,1,1,12,0,29,101.37260415417305,10.0,4,2.850402196472184,2.836455259119332,0,1,0.00022827889,0.9997717,5001.372604154173,9.997717142105103,10997.488856315613,15998.861460469787,2.0,1
0,1,1,1,1,1,1,31,11.975295259522357,1.0,0,3.3422611433294565,3.2062232230844008,0,2,0.022538869,0.97746116,511.97529525952234,0.9774611592292786,1075.2072751522064,1587.1825704117286,0.0,1
0,1,0,1,1,6,1,29,92.78741424476028,5.0,1,0.6644824749922384,0.6099452944797018,0,0,0.06434182,0.93565816,1692.7874142447604,4.678290784358978,5146.119862794876,6838.907277039636,1.0,3
0,1,0,0,1,1,1,30,97.80431525583174,1.0,8,1.50707557553785,1.5787380483152962,0,2,0.0018237899,0.9981762,9397.804315255831,0.9981762170791626,1097.9938387870789,10495.79815404291,0.0,3
1,1,1,1,1,12,1,29,73.91754594762952,11.0,14,1.1413270096198054,1.1584545301683429,0,1,0.00037529276,0.9996247,15973.91754594763,10.995872020721436,12095.45922279358,28069.37676874121,1.0,1
1,1,0,0,1,6,1,29,338.5968593027536,6.0,1,3.5635989884526174,3.479553072853101,0,2,0.00033863803,0.9996614,1938.5968593027537,5.997968316078186,6597.765147686005,8536.362006988758,0.0,0
0,0,0,0,1,1,0,30,153.19859377822274,1.0,3,0.6363818009615023,0.0,1,0,0.9622496,0.037750423,3953.198593778223,0.037750422954559326,41.52546525001526,3994.724059028238,0.0,3
1,1,0,0,1,12,1,29,100.15813043665086,12.0,1,3.899715123776592,3.709854878880804,0,1,0.0028617394,0.99713826,1700.158130436651,11.965659141540527,13162.22505569458,14862.383186131232,0.0,0
1,1,0,0,1,1,1,32,276.0798821905471,1.0,1,1.4206371562255409,1.0431012098788572,1,0,0.7730602,0.2269398,1876.079882190547,0.22693979740142822,249.63377714157104,2125.7136593321184,0.0,3
0,1,0,1,0,6,0,27,179.55545728024344,6.0,6,3.393160619358797,3.2825153464860963,0,3,0.00021017005,0.99978983,7279.555457280243,5.998739004135132,6598.612904548645,13878.168361828888,0.0,2
0,0,0,0,1,1,0,29,57.73000650327499,1.0,0,1.491187497274369,1.2468065037921203,1,0,0.98510265,0.0148973465,557.730006503275,0.014897346496582031,16.387081146240234,574.1170876495153,0.0,3
0,1,1,0,1,6,0,29,167.87521108842424,6.0,5,3.311349561669348,3.2434118858397034,0,2,0.00022519701,0.9997748,6167.875211088424,5.9986488819122314,6598.513770103455,12766.388981191878,0.0,0
1,1,0,1,1,6,0,27,31.805389694141468,6.0,3,0.8242833135958354,0.7957610492318434,0,0,0.15825695,0.84174305,3831.8053896941415,5.050458312034607,5555.504143238068,9387.30953293221,0.0,3
0,1,0,0,1,1,0,28,242.36650054262452,1.0,15,1.4594094470402328,1.3203716289772194,0,2,0.0032546162,0.9967454,17242.366500542623,0.9967454075813293,1096.4199483394623,18338.786448882085,0.0,0
0,1,1,1,1,6,1,27,159.1489236862274,5.0,3,3.5115681790970164,3.528885687703054,0,2,0.00047871735,0.99952126,3959.1489236862276,4.99760627746582,5497.366905212402,9456.51582889863,1.0,1
0,1,1,0,1,1,1,32,44.67250817468889,1.0,1,1.7716919792557118,1.6878719123797667,0,0,0.09880698,0.901193,1644.6725081746888,0.9011930227279663,991.3123250007629,2635.984833175452,0.0,3
0,1,0,0,1,12,1,32,87.85613947441288,12.0,1,0.0,0.0,0,1,0.023022432,0.9769776,1687.8561394744129,11.72373104095459,12896.104145050049,14583.960284524463,0.0,3
0,1,0,0,1,12,0,32,131.114586424149,12.0,3,2.374935353569161,2.2650888942452982,0,1,0.00086410705,0.9991359,3931.114586424149,11.989630937576294,13188.594031333923,17119.70861775807,0.0,0
0,1,1,1,1,12,0,29,208.9807514639272,12.0,12,3.0835027485045474,3.137978891402041,0,1,6.383681e-05,0.99993616,13908.980751463927,11.999233961105347,13199.157357215881,27108.138108679806,0.0,1
0,1,0,0,1,6,0,26,243.51068017558129,5.0,4,1.6950063019979729,1.6781187218678733,0,0,0.006593784,0.99340624,5143.510680175581,4.967031180858612,5463.734298944473,10607.244979120054,1.0,3
0,1,0,0,1,12,1,33,188.59086256820493,12.0,11,0.5611384840428737,0.5659106205423078,0,1,6.649035e-05,0.9999335,12788.590862568204,11.999201774597168,13199.121952056885,25987.71281462509,0.0,3
0,1,0,0,0,1,0,34,65.74274262265584,1.0,1,1.0699892680002354,1.0519945422537709,0,3,0.1659567,0.83404326,1665.742742622656,0.8340432643890381,917.4475908279419,2583.190333450598,0.0,2
1,1,0,0,1,1,1,32,14.25472125783996,1.0,21,3.3723138038385403,3.3157149345500736,0,2,0.00026605214,0.9997339,23614.25472125784,0.9997339248657227,1099.707317352295,24713.962038610134,0.0,0
1,1,1,1,1,12,1,25,179.03883962297508,12.0,12,1.7949385766908976,1.716777789644885,0,1,0.00014222502,0.9998578,13879.038839622976,11.998293399810791,13198.12273979187,27077.161579414846,0.0,1
1,1,0,1,0,6,1,35,233.2395478031676,6.0,0,1.270751504397165,1.2065910354788194,0,3,0.03189298,0.96810704,733.2395478031676,5.808642268180847,6389.506494998932,7122.7460428020995,0.0,2
0,1,1,1,1,12,0,33,5.135184497156928,12.0,5,2.9452379650144063,3.008917866863644,0,1,0.00014152643,0.9998585,6005.135184497157,11.998301982879639,13198.132181167603,19203.26736566476,0.0,1
0,1,1,1,0,1,0,25,161.60734904259368,1.0,1,0.8789498475034133,0.0092440811667241,1,3,0.99791974,0.0020802617,1761.6073490425938,0.002080261707305908,2.288287878036499,1763.8956369206303,0.0,2
0,1,0,0,1,12,0,36,108.90944277802252,12.0,1,2.046309893657255,2.0797042598139592,0,1,0.004221337,0.9957787,1708.9094427780226,11.949344158172607,13144.278573989868,14853.18801676789,0.0,0
0,1,1,1,0,1,1,30,261.7131880951677,1.0,4,3.863329318623784,3.8082617008204727,0,3,0.0010274217,0.9989726,5161.713188095167,0.9989725947380066,1098.8698542118073,6260.583042306975,0.0,2
1,1,1,0,1,12,0,29,332.4890410547644,9.0,4,3.0714307544217,3.112817956184608,0,1,0.00045696952,0.999543,5232.489041054764,8.995887100696564,9895.47581076622,15127.964851820983,3.0,1
1,1,1,0,1,6,0,29,139.34952378010922,6.0,8,1.391037096478528,1.3544371854288566,0,1,0.0016507423,0.99834925,9439.349523780109,5.990095496177673,6589.105045795441,16028.45456957555,0.0,3
1,1,0,0,1,1,0,26,54.18423621080765,1.0,0,0.8540792567085165,0.0,1,0,0.99983084,0.00016915798,554.1842362108076,0.0001691579818725586,0.18607378005981445,554.3703099908674,0.0,3
1,1,1,1,1,6,0,33,115.0991177252774,6.0,3,3.373237583328313,3.3783911776787003,0,2,0.0003079905,0.999692,3915.099117725277,5.998152136802673,6597.967350482941,10513.066468208217,0.0,1
1,1,0,1,1,1,1,25,152.95423818790002,1.0,12,2.915044970361457,2.8685849547070923,0,2,0.0016740302,0.99832594,13852.9542381879,0.9983259439468384,1098.1585383415222,14951.112776529422,0.0,0
0,1,0,0,1,6,0,27,272.99718088898123,6.0,12,2.288928344890015,2.2043292947378545,0,2,0.0007533514,0.99924666,13972.99718088898,5.995479941368103,6595.027935504913,20568.025116393896,0.0,0
1,1,0,0,1,1,0,33,204.2615056608934,1.0,6,1.8025185415587104,1.7216235470768095,0,2,0.0044938913,0.9955061,7304.261505660894,0.9955061078071594,1095.0567185878754,8399.31822424877,0.0,0
1,0,1,0,1,1,0,29,373.066503119564,1.0,0,1.6858228409402505,1.6617420771398794,0,0,0.0735163,0.9264837,873.066503119564,0.926483690738678,1019.1320598125458,1892.1985629321098,0.0,3
1,1,0,1,1,1,1,30,252.9156830285072,1.0,1,1.491547003063834,1.0592608497344491,1,0,0.76770365,0.23229635,1852.9156830285071,0.23229634761810303,255.52598237991333,2108.4416654084207,0.0,3
0,1,0,0,1,6,1,24,1.754737156770652,4.0,6,3.0056564705977453,2.9871328008335536,0,2,0.0049080364,0.995092,7101.754737156771,3.98036789894104,4378.404688835144,11480.159425991915,2.0,0
0,1,0,0,1,12,1,23,34.972072319098174,11.0,3,0.0294275662078662,0.2131890921930141,0,0,0.006412623,0.9935874,3834.972072319098,10.929461121559143,12022.407233715057,15857.379306034156,1.0,3
0,1,1,1,0,1,0,30,194.6691783286323,1.0,4,1.8930153973176576,1.9009430377531884,0,3,0.006786492,0.99321353,5094.669178328632,0.9932135343551636,1092.53488779068,6187.204066119312,0.0,2
1,1,0,0,1,6,1,30,134.4978468662896,6.0,2,1.6869872332841584,1.7088797675468983,0,2,0.00787433,0.9921257,2834.4978468662894,5.9527541399002075,6548.029553890228,9382.527400756517,0.0,3
0,1,0,0,1,6,1,27,236.9158278764984,6.0,0,0.9964930166420368,0.0,1,0,0.99450785,0.005492151,736.9158278764984,0.03295290470123291,36.2481951713562,773.1640230478546,0.0,3
1,1,1,1,1,6,0,28,115.77487796084124,6.0,2,0.6335916085168876,0.7550997925776941,0,0,0.025798012,0.974202,2815.7748779608414,5.845211863517761,6429.733049869537,9245.507927830378,0.0,1
1,1,1,1,1,1,0,34,166.862754236209,1.0,10,0.0,0.0,0,0,0.008423724,0.99157625,11666.862754236208,0.9915762543678284,1090.7338798046112,12757.59663404082,0.0,1
0,1,1,0,1,1,1,28,262.30956844586706,1.0,2,1.0266105076125682,0.9604870154524944,1,0,0.54914856,0.45085144,2962.309568445867,0.4508514404296875,495.93658447265625,3458.2461529185234,0.0,3
0,1,1,0,1,6,0,32,55.77441782254436,5.0,6,0.8135614904122801,0.8746773672175823,0,0,0.0059993006,0.9940007,7155.774417822544,4.970003366470337,5467.003703117371,12622.778120939915,1.0,3
0,1,1,1,0,6,0,34,72.64111198794714,6.0,2,0.0,0.0,0,3,0.044057705,0.9559423,2772.641111987947,5.735653638839722,6309.219002723694,9081.86011471164,0.0,2
1,1,0,0,1,1,0,28,42.16080904270572,1.0,1,0.4250114097298257,0.6052465413331591,1,0,0.8171856,0.18281442,1642.1608090427058,0.18281441926956177,201.09586119651794,1843.2566702392237,0.0,3
0,1,1,0,1,6,0,30,95.37852877345216,6.0,2,2.9173741573753875,2.968503817781418,0,2,0.0073991856,0.9926008,2795.378528773452,5.955604791641235,6551.165270805359,9346.54379957881,0.0,0
1,1,1,1,1,1,1,31,163.9731019398782,1.0,6,1.4245181139541172,1.0359563100429756,0,0,0.04087604,0.95912397,7263.973101939878,0.959123969078064,1055.0363659858704,8319.009467925749,0.0,1
0,1,0,0,1,1,0,28,35.110895275635045,1.0,1,1.704473441832295,0.8869797239670347,1,0,0.9957872,0.0042127967,1635.1108952756351,0.004212796688079834,4.634076356887817,1639.744971632523,0.0,3
1,1,0,0,1,1,1,30,414.5433842898426,1.0,3,2.8483272840904283,2.8631626362637617,0,2,0.000750457,0.9992495,4214.543384289843,0.9992495179176331,1099.1744697093964,5313.717853999239,0.0,0
0,1,0,0,1,1,0,27,152.06524646464462,1.0,1,1.0757009693441617,1.5809020013086426,1,0,0.7650737,0.23492628,1752.0652464646446,0.2349262833595276,258.41891169548035,2010.484158160125,0.0,3
1,1,0,0,1,6,0,27,122.33561541666757,6.0,7,2.399736098485752,2.3397980647546905,0,2,0.0008425098,0.9991575,8322.335615416667,5.994944930076599,6594.439423084259,14916.775038500926,0.0,0
1,1,1,0,0,1,0,27,228.0719505992239,1.0,0,1.7193771214690177,1.340513652956493,1,3,0.99029875,0.009701252,728.0719505992239,0.009701251983642578,10.671377182006836,738.7433277812307,0.0,2
0,1,1,1,1,12,0,26,174.97805438258493,11.0,0,1.0616442534670267,1.0272294821392989,0,1,0.048724763,0.9512752,674.9780543825849,10.464027523994446,11510.43027639389,12185.408330776476,1.0,1
1,1,1,1,1,6,0,29,134.56411185989518,5.0,0,1.7258345652501248,0.8948147737986513,1,1,0.98965573,0.010344267,634.5641118598952,0.05172133445739746,56.89346790313721,691.4575797630324,1.0,1
0,1,0,0,1,1,0,24,31.340568586282807,1.0,1,0.4650452286466966,0.0,1,0,0.99859947,0.0014005303,1631.3405685862829,0.0014005303382873535,1.5405833721160889,1632.881151958399,0.0,3
1,1,0,0,1,1,0,24,215.40890983725217,1.0,2,1.7821071683054306,2.1269777129187504,1,0,0.6890461,0.31095392,2915.4089098372524,0.31095391511917114,342.04930663108826,3257.4582164683407,0.0,3
1,0,0,0,1,1,0,30,8.39841697871205,1.0,2,1.851313434533592,1.3633300281609189,1,0,0.9351175,0.06488252,2708.3984169787122,0.06488251686096191,71.3707685470581,2779.7691855257704,0.0,3
1,0,0,0,1,1,1,30,249.5130881367792,1.0,2,0.8754402522144942,1.002298541581715,0,0,0.2080373,0.7919627,2949.513088136779,0.7919626832008362,871.1589515209198,3820.672039657699,0.0,3
1,1,0,0,1,1,0,32,241.08037796680668,1.0,5,3.824978830624872,4.1000039575190055,0,2,0.00043128993,0.9995687,6241.080377966807,0.9995687007904053,1099.5255708694458,7340.6059488362525,0.0,0
0,1,1,0,1,6,1,30,68.78617060962523,6.0,4,1.5220966434730856,1.6244360306453711,0,1,0.0047843996,0.9952156,4968.7861706096255,5.971293568611145,6568.4229254722595,11537.209096081886,0.0,1
0,0,0,0,1,1,0,25,277.7136524685851,1.0,12,3.4116349557496166,3.3417801704179326,0,2,0.0004211752,0.99957883,13977.713652468585,0.9995788335800171,1099.5367169380188,15077.250369406604,0.0,0
1,1,1,0,1,1,1,28,132.144631872878,1.0,1,3.7154929789970073,3.907798981498432,0,2,0.010536357,0.9894636,1732.144631872878,0.9894636273384094,1088.4099900722504,2820.5546219451285,0.0,0
1,1,1,1,1,6,1,26,73.17954865693335,6.0,7,0.6317305922219072,0.7020948185059079,0,1,0.0035110577,0.9964889,8273.179548656934,5.978933572769165,6576.8269300460815,14850.006478703015,0.0,1
0,1,0,1,1,1,0,24,83.65564541127117,1.0,0,0.2689192695010907,0.1026489785077283,1,0,0.9880072,0.011992812,583.6556454112712,0.011992812156677246,13.19209337234497,596.8477387836161,0.0,3
1,1,0,0,1,1,0,23,27.72516717934969,1.0,1,1.7405804733781518,1.1353422739039891,1,0,0.9984883,0.001511693,1627.7251671793497,0.001511693000793457,1.6628623008728027,1629.3880294802225,0.0,3
0,1,1,1,1,6,1,28,287.83547410585294,5.0,5,2.946074825900828,2.9358866076199304,0,1,0.0004901042,0.9995099,6287.835474105853,4.99754935503006,5497.304290533066,11785.13976463892,1.0,1
1,1,1,1,1,1,0,25,34.33285789841679,1.0,3,0.1187338755972613,0.0,1,0,0.95979553,0.040204465,3834.332857898417,0.04020446538925171,44.22491192817688,3878.557769826594,0.0,3
1,1,1,0,1,12,1,30,251.4285935907357,11.0,4,1.17374771802435,1.297812288876334,0,1,0.00031426744,0.9996857,5151.4285935907355,10.996542751789093,12096.197026968002,17247.625620558738,1.0,1
0,1,0,0,1,6,0,28,32.93942560366577,6.0,4,2.2465993825465067,2.3200048335825336,0,2,0.0041020694,0.99589795,4932.939425603666,5.975387692451477,6572.926461696625,11505.86588730029,0.0,0
0,1,0,0,1,1,0,26,123.69663367051903,1.0,0,2.370527312090504,2.6467698174213514,1,2,0.8853426,0.1146574,623.6966336705191,0.11465740203857422,126.12314224243164,749.8197759129507,0.0,0
1,0,1,0,1,1,0,27,22.33167910602752,1.0,5,0.47477651870494,0.5025592116201367,0,0,0.02815338,0.97184664,6022.331679106028,0.9718466401100159,1069.0313041210175,7091.362983227045,0.0,3
1,1,1,0,1,12,1,26,28.737502094361183,10.0,4,1.4940636354312635,1.3973639760045613,0,1,0.00495585,0.9950442,4928.737502094361,9.950441718101501,10945.485889911652,15874.223392006013,2.0,1
1,0,0,0,0,1,0,28,168.77758597340758,1.0,6,2.191897557124226,2.1428509911826383,0,3,0.004611833,0.99538815,7268.777585973407,0.9953881502151489,1094.9269652366638,8363.70455121007,0.0,2
0,1,1,0,1,1,0,28,340.3376306136844,1.0,3,3.774787369574622,3.7568045419689895,0,2,0.0004144907,0.9995855,4140.337630613684,0.9995855093002319,1099.5440602302551,5239.881690843939,0.0,0
0,1,1,1,1,1,0,31,6.075928811888389,1.0,1,2.484539409878816,1.380961289930868,1,0,0.98938715,0.010612845,1606.0759288118884,0.010612845420837402,11.674129962921143,1617.7500587748095,0.0,1
0,1,0,0,1,6,1,21,232.9395501524931,5.0,0,2.1754577652294564,1.3714960723553764,1,0,0.9937883,0.006211698,732.9395501524931,0.03105849027633667,34.16433930397034,767.1038894564634,1.0,3
1,1,0,0,1,6,0,25,101.70260431483764,5.0,0,0.6698056577616651,0.363487178436626,1,0,0.98852974,0.011470258,601.7026043148377,0.05735129117965698,63.08642029762268,664.7890246124604,1.0,3
1,1,1,0,1,6,0,30,179.12385201927108,6.0,3,2.9386727290689536,2.878774224056152,0,2,0.003437867,0.9965621,3979.123852019271,5.97937273979187,6577.310013771057,10556.433865790328,0.0,0
1,1,1,1,1,6,1,31,23.30183743832832,6.0,6,1.0401576639009331,0.9848822199189222,0,1,0.012169053,0.98783094,7123.301837438328,5.9269856214523315,6519.684183597565,13642.986021035893,0.0,1
1,1,0,0,1,1,0,26,125.38696288946257,1.0,0,1.3809212509032245,0.2700311708744477,1,0,0.99992585,7.414818e-05,625.3869628894626,7.414817810058594e-05,0.08156299591064453,625.4685258853732,0.0,3
1,1,0,0,1,1,0,26,31.121602708977328,1.0,3,1.7469905991082242,1.0234742455518258,1,0,0.9914807,0.008519292,3831.121602708977,0.008519291877746582,9.37122106552124,3840.4928237744984,0.0,3
1,1,0,0,1,1,1,25,51.29686857062286,1.0,1,2.403919209995124,1.7781083831303015,1,0,0.9962567,0.003743291,1651.2968685706228,0.003743290901184082,4.11761999130249,1655.4144885619253,0.0,3
0,1,0,0,1,1,0,29,83.36584987362376,1.0,0,1.0469816970769954,0.4700144165664834,1,0,0.9961052,0.003894806,583.3658498736238,0.003894805908203125,4.2842864990234375,587.6501363726472,0.0,3
0,1,1,1,1,1,0,33,16.749150128407233,1.0,1,2.9117440133190686,2.944011414458372,0,2,0.02042791,0.9795721,1616.7491501284073,0.9795721173286438,1077.5293290615082,2694.2784791899157,0.0,1
0,1,1,0,1,1,0,26,146.34070104575625,1.0,2,1.2115879578486268,0.9747216937180944,1,0,0.85076326,0.14923674,2846.3407010457563,0.1492367386817932,164.16041254997253,3010.501113595729,0.0,3
0,1,0,0,1,12,0,31,29.41397013659436,12.0,20,1.4514353286809352,1.4390183528850824,0,1,0.0006542575,0.9993457,22529.413970136593,11.992148637771606,13191.363501548767,35720.77747168536,0.0,0
1,0,0,0,1,1,1,23,181.45971578175823,1.0,1,1.9281692678050049,1.5317336965826966,1,0,0.9700076,0.029992402,1781.4597157817582,0.029992401599884033,32.99164175987244,1814.4513575416306,0.0,3
1,1,0,0,1,1,0,28,241.9959185318043,1.0,2,1.0152798205075948,1.067772138388974,0,0,0.49373123,0.50626874,2941.9959185318044,0.5062687397003174,556.8956136703491,3498.8915322021535,0.0,3
0,1,1,1,1,12,1,34,114.96079547186244,9.0,1,2.6427719703469594,2.492826314363076,0,1,0.0013118827,0.9986881,1714.9607954718624,8.988192915916443,9887.012207508087,11601.97300297995,3.0,1
0,0,0,0,1,1,1,30,167.04449971423398,1.0,7,2.344395260080297,2.4936257662312507,0,2,0.000714513,0.99928546,8367.044499714233,0.9992854595184326,1099.2140054702759,9466.258505184509,0.0,0
0,1,1,1,1,12,1,29,59.803126535668106,12.0,6,2.275885466533244,2.531185530426696,0,1,0.00018759788,0.9998124,7159.8031265356685,11.997749090194702,13197.523999214172,20357.32712574984,0.0,1
0,1,0,0,1,12,1,27,234.7699295124091,11.0,4,5.410054460060277,5.3684153086386734,0,2,4.0234572e-05,0.99995977,5134.769929512409,10.999557435512543,12099.513179063797,17234.283108576208,1.0,0
1,1,0,0,0,1,1,25,251.4583500319224,1.0,2,0.9557186352995468,0.3658752226727858,1,3,0.9712107,0.028789282,2951.4583500319222,0.028789281845092773,31.66821002960205,2983.1265600615243,0.0,2
0,1,1,1,1,6,0,29,88.90794258372078,6.0,1,3.272647095890072,3.4071510162640744,0,1,0.0026350466,0.99736494,1688.9079425837208,5.9841896295547485,6582.608592510223,8271.516535093944,0.0,1
1,1,1,1,1,12,1,29,205.4779368486628,12.0,9,2.745098447042129,2.733828018761546,0,1,0.0001291446,0.99987084,10605.477936848663,11.99845004081726,13198.295044898987,23803.77298174765,0.0,1
0,1,1,1,1,12,1,32,258.6483831413877,12.0,2,0.9275427880054106,0.9283259966866128,0,1,0.0008603602,0.99913967,2958.6483831413875,11.989675998687744,13188.643598556519,16147.291981697907,0.0,1
1,1,1,0,1,1,0,31,191.38688101892745,1.0,2,1.818105337256105,1.822569193691037,0,0,0.08610447,0.91389555,2891.3868810189274,0.9138955473899841,1005.2851021289825,3896.67198314791,0.0,3
1,1,1,1,1,6,0,33,131.59350534816556,4.0,2,1.6917685839133416,1.5514089576137582,0,1,0.008344951,0.99165505,2831.5935053481658,3.9666202068328857,4363.282227516174,7194.8757328643405,2.0,1
0,0,0,0,1,1,0,23,59.16390792720026,1.0,0,0.5569303101938249,0.7016431375555228,1,0,0.9914689,0.008531094,559.1639079272003,0.00853109359741211,9.38420295715332,568.5481108843536,0.0,3
1,0,0,0,1,1,0,32,301.6247074768349,1.0,3,1.208335701472376,0.6964942377807813,1,0,0.8363871,0.1636129,4101.624707476835,0.16361290216445923,179.97419238090515,4281.59889985774,0.0,3
0,1,0,0,1,1,0,30,114.79801858351584,1.0,2,0.9923117660496328,0.6454407141065595,1,0,0.8337314,0.16626859,2814.798018583516,0.16626858711242676,182.89544582366943,2997.6934644071853,0.0,3
1,0,1,0,1,1,0,31,235.0992659938536,1.0,1,0.9738344685858789,0.5502849081008999,1,0,0.9521273,0.047872722,1835.0992659938536,0.047872722148895264,52.65999436378479,1887.7592603576384,0.0,3
0,1,1,1,1,1,0,25,254.79803358463136,1.0,1,0.4582555774679724,0.4465616442972493,0,0,0.21688373,0.7831163,1854.7980335846314,0.7831162810325623,861.4279091358185,2716.22594272045,0.0,3
1,1,0,0,1,12,1,32,231.3415397907338,10.0,2,2.3034199553453902,2.2840959269452235,0,1,0.001134698,0.9988653,2931.341539790734,9.988653063774109,10987.51837015152,13918.859909942254,2.0,0
0,0,0,0,1,6,0,29,138.79924403742478,6.0,0,1.8729408918779231,2.0129160654935427,1,0,0.6691885,0.3308115,638.7992440374248,1.9848690032958984,2183.3559036254883,2822.155147662913,0.0,3
1,0,1,0,1,1,1,28,162.55456456434447,1.0,1,1.11028845707887,1.1744855327659098,0,0,0.26818037,0.7318196,1762.5545645643444,0.7318196296691895,805.0015926361084,2567.5561572004526,0.0,3
1,1,0,0,1,1,1,34,7.540132676980518,1.0,10,2.171613310156107,2.057809662003997,0,2,0.0019464375,0.99805355,11507.54013267698,0.9980535507202148,1097.8589057922363,12605.399038469217,0.0,0
1,0,1,0,1,1,0,33,85.16550229006472,1.0,2,1.1623865758546,1.1713054369691651,0,0,0.10451668,0.8954833,2785.1655022900645,0.8954833149909973,985.031646490097,3770.1971487801616,0.0,3
0,0,0,0,0,1,0,25,59.880380930851686,1.0,0,1.4034844635468628,2.463702782900136,1,3,0.99833614,0.0016638637,559.8803809308517,0.0016638636589050293,1.8302500247955322,561.7106309556473,0.0,2
1,0,1,0,1,6,0,29,291.7312753504424,5.0,0,0.0,0.0,1,0,0.8580604,0.14193958,791.7312753504424,0.7096979022026062,780.6676924228668,1572.3989677733093,1.0,3
0,1,0,0,1,12,1,28,5.865051308080439,9.0,7,1.3528004355223553,1.316758784003043,0,1,0.0009421724,0.9990578,8205.865051308081,8.991520464420319,9890.67251086235,18096.53756217043,3.0,1
1,1,1,1,1,12,0,28,243.8207002866404,12.0,4,0.9152334018950924,0.8502862985811935,0,1,0.00029594018,0.99970406,5143.82070028664,11.996448755264282,13196.09363079071,18339.91433107735,0.0,1
1,1,1,1,0,1,0,32,161.47406989868878,1.0,0,1.7009807840654572,1.3408570516149736,1,3,0.75396717,0.24603283,661.4740698986888,0.24603283405303955,270.6361174583435,932.1101873570323,0.0,2
0,1,0,0,1,6,0,34,184.6931236973552,6.0,7,1.52040715790207,1.5413463311071198,0,2,0.0009135398,0.99908644,8384.693123697356,5.9945186376571655,6593.970501422882,14978.663625120238,0.0,0
0,1,0,0,1,6,1,27,227.86063342991784,6.0,4,2.515823611144828,2.504537284981847,0,2,0.0017293863,0.99827063,5127.8606334299175,5.989623785018921,6588.586163520813,11716.446796950731,0.0,0
1,1,0,0,0,1,0,26,73.70488062420708,1.0,6,0.7706409023809214,0.4472650318654215,1,3,0.6595943,0.3404057,7173.704880624207,0.3404057025909424,374.4462728500366,7548.151153474244,0.0,2
1,0,0,0,1,1,0,33,262.71747286475966,1.0,9,3.46336356743842,3.5978630478792324,0,2,0.00035351087,0.9996465,10662.717472864759,0.9996464848518372,1099.6111333370209,11762.32860620178,0.0,0
1,1,0,0,1,1,0,32,96.91721282537708,1.0,2,1.0249496800378504,0.90651711898179,1,0,0.52952266,0.47047734,2796.917212825377,0.4704773426055908,517.5250768661499,3314.442289691527,0.0,3
0,1,0,0,1,1,0,28,226.23141041910444,1.0,6,0.4852549953585394,0.398128545468232,0,0,0.001377013,0.998623,7326.231410419105,0.9986230134963989,1098.4853148460388,8424.716725265143,0.0,3
0,1,1,1,1,12,0,29,10.804310442202306,12.0,2,1.5870116110503345,1.5952250029862822,0,1,0.0064389473,0.993561,2710.804310442202,11.92273235321045,13115.005588531494,15825.809898973697,0.0,1
1,1,1,1,1,12,1,35,161.989847247568,12.0,4,2.586389240078054,2.66129491918179,0,1,0.00018577352,0.9998142,5061.989847247568,11.997770547866821,13197.547602653503,18259.537449901072,0.0,1
0,1,0,0,1,1,0,25,322.65654787308245,1.0,3,2.0866801872970435,2.207409810641474,0,2,0.0213473,0.9786527,4122.656547873083,0.9786527156829834,1076.5179872512817,5199.174535124364,0.0,0
1,1,0,0,1,6,1,30,172.19943740262332,6.0,3,2.0573506141918423,2.026214820457785,0,2,0.006003792,0.9939962,3972.1994374026235,5.963977217674255,6560.374939441681,10532.574376844304,0.0,0
1,0,1,0,0,12,0,29,89.65779449812035,12.0,1,3.5215020511386634,3.3681368682113098,0,3,0.003468056,0.99653196,1689.6577944981204,11.958383560180664,13154.22191619873,14843.87971069685,0.0,2
1,1,1,0,1,12,1,37,194.23515075203585,12.0,5,1.208614381367461,1.2140854655564786,0,1,0.00016131306,0.9998387,6194.235150752036,11.998064517974854,13197.870969772339,19392.106120524375,0.0,1
1,1,0,0,1,1,0,36,79.29361848882044,1.0,12,1.604291845573584,1.645825408314718,0,2,0.0016182517,0.99838173,13779.29361848882,0.9983817338943481,1098.219907283783,14877.513525772603,0.0,0
0,0,1,0,1,1,0,22,66.70614985018169,1.0,3,1.8532676680184168,2.07571927954018,1,0,0.6802581,0.3197419,3866.7061498501816,0.3197419047355652,351.7160952091217,4218.422245059303,0.0,3
1,1,0,0,1,1,0,32,154.3411191967422,1.0,0,2.015868105616156,0.8723748441188264,1,0,0.9984573,0.0015426874,654.3411191967422,0.0015426874160766602,1.6969561576843262,656.0380753544265,0.0,3
1,0,0,0,1,6,0,32,264.7647420446215,6.0,2,0.0535194304314057,0.0333105298965583,0,0,0.03279817,0.9672018,2964.7647420446215,5.803210973739624,6383.532071113586,9348.296813158207,0.0,3
0,0,1,0,1,6,0,30,208.80618511574767,6.0,3,3.0416046203876617,3.110076817789317,0,2,0.0053082537,0.9946917,4008.8061851157477,5.96815037727356,6564.9654150009155,10573.771600116663,0.0,0
1,1,1,1,1,1,1,29,175.52462363115475,1.0,5,1.019021745821728,1.017565050274968,0,0,0.0013568598,0.99864316,6175.524623631155,0.998643159866333,1098.5074758529663,7274.032099484121,0.0,1
0,1,1,1,1,12,0,30,157.44673126842932,11.0,1,2.076114091220589,2.099662224144163,0,1,0.0023532049,0.9976468,1757.4467312684294,10.974114894866943,12071.526384353638,13828.973115622068,1.0,1
1,1,0,0,1,12,0,28,416.7071747042405,7.0,6,3.486852743640963,3.5904443382122504,0,2,7.307086e-05,0.9999269,7516.707174704241,6.999488472938538,7699.437320232391,15216.144494936632,5.0,0
1,1,1,1,1,12,1,32,207.524673359496,9.0,1,0.0739321443548739,0.0541583722520256,0,1,0.0042000576,0.99579996,1807.524673359496,8.962199628353119,9858.41959118843,11665.944264547927,3.0,1
1,1,0,0,1,1,0,31,329.54612276586613,1.0,1,2.6572141694696194,2.7075474106192594,0,2,0.0070244456,0.99297553,1929.5461227658661,0.9929755330085754,1092.273086309433,3021.819209075299,0.0,0
0,1,1,1,0,1,1,26,142.5417175113823,1.0,0,1.0152820552008746,0.5796092319974153,1,3,0.9968021,0.0031979084,642.5417175113823,0.003197908401489258,3.5176992416381836,646.0594167530205,0.0,2
1,1,0,0,1,12,1,30,77.06225564547923,11.0,3,1.6990115564979946,1.7535809768468986,0,1,0.0019459595,0.998054,3877.062255645479,10.978594303131104,12076.453733444214,15953.515989089694,1.0,0
0,1,1,1,1,6,0,26,54.69421089191693,6.0,9,2.531159142810844,2.4468416890583,0,1,0.0007069757,0.999293,10454.694210891917,5.9957581758499146,6595.333993434906,17050.028204326823,0.0,1
1,1,1,1,1,12,1,26,9.423026461182417,7.0,6,1.9550516008299943,2.0725866215365936,0,1,0.0024409636,0.997559,7109.423026461182,6.982913076877594,7681.204384565353,14790.627411026537,5.0,1
0,1,0,0,1,1,0,29,34.99031404544924,1.0,0,0.7213526713929127,0.9312736978082226,1,0,0.9287662,0.07123381,534.9903140454493,0.07123380899429321,78.35718989372253,613.3475039391718,0.0,3
1,1,1,0,1,1,1,30,255.54778169154147,1.0,12,4.079398614423472,4.084065021594674,0,2,0.0003127798,0.9996872,13955.54778169154,0.9996871948242188,1099.6559143066406,15055.203695998182,0.0,0
1,0,0,0,1,1,0,22,214.4186736614924,1.0,1,1.0323862384405966,0.8683406273709459,1,0,0.92695916,0.07304084,1814.4186736614924,0.07304084300994873,80.3449273109436,1894.763600972436,0.0,3
0,1,1,1,1,1,0,23,174.8732368744856,1.0,0,2.331755076778549,2.6025437349470897,1,0,0.9321607,0.067839324,674.8732368744857,0.06783932447433472,74.62325692176819,749.4964937962538,0.0,1
1,0,0,0,1,1,0,31,104.68044618332502,1.0,1,1.952119241329041,2.080270202754129,1,0,0.44719458,0.5528054,1704.680446183325,0.5528054237365723,608.0859661102295,2312.766412293555,0.0,3
1,1,0,0,1,1,1,32,72.80895435796623,1.0,5,0.6722669057848236,0.5775865817477115,0,0,0.0033920715,0.9966079,6072.808954357966,0.9966078996658325,1096.2686896324158,7169.077643990382,0.0,3
0,1,1,1,1,6,0,34,75.04623523493058,5.0,5,1.4324635058331654,1.5107794637226473,0,1,0.0025767256,0.9974233,6075.0462352349305,4.987116456031799,5485.828101634979,11560.87433686991,1.0,1
1,1,0,1,1,1,1,31,122.05642080994387,1.0,0,1.8283412546372035,1.9772811626470967,0,2,0.15171981,0.8482802,622.0564208099439,0.8482801914215088,933.1082105636597,1555.1646313736037,0.0,3
0,1,0,0,1,6,0,29,143.13548853575756,5.0,4,0.0,0.0,0,0,0.022578055,0.97742194,5043.135488535758,4.887109696865082,5375.82066655159,10418.956155087348,1.0,3
1,1,1,1,1,1,1,27,229.4853857224899,1.0,0,0.6065449978443745,0.0,1,0,0.9947038,0.0052961707,729.4853857224899,0.005296170711517334,5.825787782669067,735.311173505159,0.0,3
1,1,1,0,0,1,0,26,24.50648027433324,1.0,5,0.8102000549814791,0.0497668866403027,1,3,0.98334,0.016659975,6024.506480274334,0.016659975051879883,18.32597255706787,6042.8324528314015,0.0,2
1,1,0,0,1,1,0,29,285.17118890712527,1.0,13,1.516261151446047,1.6721829423104977,0,2,0.0010314505,0.99896854,15085.171188907125,0.9989685416221619,1098.865395784378,16184.036584691503,0.0,0
0,1,1,0,1,1,1,29,299.26475178182426,1.0,4,2.1702874369350704,1.9844704055936744,0,2,0.0068345205,0.9931655,5199.264751781824,0.9931654930114746,1092.482042312622,6291.746794094446,0.0,0
1,1,0,1,1,12,1,29,149.51840020494063,8.0,6,2.9694612881720084,3.1500103598951417,0,1,0.0006576474,0.9993424,7249.518400204941,7.994739055633545,8794.2129611969,16043.73136140184,4.0,1
1,1,0,0,1,1,0,35,126.58892173093165,1.0,8,2.4583830697916387,2.3672572536040977,0,2,0.0012491952,0.9987508,9426.588921730932,0.9987508058547974,1098.625886440277,10525.21480817121,0.0,0
0,1,0,0,1,1,1,29,170.71720745157273,1.0,0,1.5716664146411283,1.2639436137830606,1,0,0.94463575,0.05536425,670.7172074515727,0.055364251136779785,60.900676250457764,731.6178837020304,0.0,3
0,1,0,0,1,1,0,27,243.44782695321555,1.0,1,2.3185582772767623,2.264364269376285,1,2,0.69307595,0.30692405,1843.4478269532156,0.306924045085907,337.6164495944977,2181.0642765477132,0.0,0
1,1,1,1,1,12,1,30,60.24556867198161,12.0,6,1.7772428455382498,1.7590833083597843,0,1,0.0004198984,0.9995801,7160.245568671981,11.994961023330688,13194.457125663757,20354.702694335738,0.0,1
0,1,1,1,1,12,0,31,327.58812027967014,7.0,3,0.6749528874249242,0.7409735444788941,0,1,0.0046765194,0.9953235,4127.58812027967,6.967264354228973,7663.990789651871,11791.57890993154,5.0,1
1,1,0,1,1,1,1,27,118.34535811686888,1.0,2,3.411260015847032,3.3242377416434272,0,2,0.007809908,0.99219006,2818.3453581168687,0.9921900629997253,1091.4090692996979,3909.7544274165666,0.0,0
1,1,0,1,1,1,1,29,95.66155841984995,1.0,1,2.1792498562703746,0.942721860001219,1,0,0.9986098,0.0013902187,1695.66155841985,0.001390218734741211,1.529240608215332,1697.1907990280654,0.0,3
1,1,0,0,1,1,0,31,83.26797896668923,1.0,0,1.7077265634781928,1.653354340711663,0,0,0.4880348,0.51196516,583.2679789666893,0.5119651556015015,563.1616711616516,1146.4296501283409,0.0,3
0,1,1,0,1,12,0,30,357.0469424513923,11.0,4,4.0986080913904015,4.057948137185618,0,1,4.400198e-05,0.999956,5257.046942451392,10.999516129493713,12099.467742443085,17356.51468489448,1.0,0
0,1,0,0,1,1,0,33,32.28790186479418,1.0,4,0.9473553934762664,0.9472708747130264,0,0,0.05984781,0.94015217,4932.287901864795,0.9401521682739258,1034.1673851013184,5966.455286966113,0.0,3
0,0,0,0,1,1,0,28,56.183114648977785,1.0,3,2.8965154092694085,2.9748115043408827,0,2,0.03356215,0.9664379,3856.1831146489776,0.9664378762245178,1063.0816638469696,4919.264778495947,0.0,0
1,1,0,0,1,1,0,33,68.50358197916258,1.0,6,2.6119538987891664,2.6695651601506007,0,2,0.0005852459,0.99941474,7168.503581979163,0.9994147419929504,1099.3562161922455,8267.859798171408,0.0,0
0,0,0,0,1,1,0,30,218.8931159949425,1.0,0,3.6211326290202015,3.4490663273308617,0,2,0.06905395,0.93094605,718.8931159949425,0.9309460520744324,1024.0406572818756,1742.933773276818,0.0,0
1,0,1,0,1,12,1,29,73.06104519177603,8.0,2,1.6702396738740806,1.7759602350858017,0,1,0.019861894,0.9801381,2773.061045191776,7.841104984283447,8625.215482711792,11398.276527903568,4.0,1
1,1,0,0,1,1,0,32,39.93783767837607,1.0,4,4.256038926416903,4.21491409810838,0,2,0.0012568407,0.9987432,4939.937837678376,0.9987431764602661,1098.6174941062927,6038.555331784669,0.0,0
0,1,1,1,1,6,1,27,292.2286091189424,4.0,0,1.0475612692919922,1.0876698446313209,0,1,0.067928374,0.9320716,792.2286091189424,3.7282865047454834,4101.115155220032,4893.343764338974,2.0,1
0,1,0,0,0,12,0,27,327.35373070151667,12.0,7,2.1881615400787786,2.0294190967400345,0,3,0.00032266005,0.99967736,8527.353730701516,11.99612832069397,13195.741152763367,21723.09488346488,0.0,2
0,1,0,0,1,1,0,30,186.37195901184225,1.0,1,2.427950899858006,2.4844671916377186,0,2,0.15031399,0.849686,1786.3719590118421,0.8496860265731812,934.6546292304993,2721.0265882423414,0.0,0
0,1,0,0,1,1,0,29,121.46156881946504,1.0,1,1.0939076759678754,0.6093480449772486,1,0,0.9628953,0.037104726,1721.4615688194651,0.03710472583770752,40.81519842147827,1762.2767672409434,0.0,3
0,1,1,0,1,1,0,26,231.1658885452937,1.0,4,0.6437481074940188,0.8713148362326104,0,0,0.027458884,0.9725411,5131.1658885452935,0.972541093826294,1069.7952032089233,6200.961091754217,0.0,3
1,1,1,0,1,12,0,30,174.43058712331646,11.0,9,1.696863335086217,1.6012410500461938,0,1,7.5614415e-05,0.99992436,10574.430587123317,10.99916797876358,12099.084776639938,22673.515363763254,1.0,1
0,0,1,0,0,6,0,33,53.124270062825616,5.0,0,2.993532299480022,2.910933669513476,0,3,0.116249144,0.88375086,553.1242700628256,4.418754279613495,4860.629707574844,5413.75397763767,1.0,2
1,0,1,1,1,12,0,29,171.7258460743299,12.0,9,2.6694114034494203,2.7910690859003227,0,1,8.407834e-05,0.9999159,10571.72584607433,11.998990774154663,13198.88985157013,23770.61569764446,0.0,1
0,1,0,0,0,1,0,29,241.7016740555345,1.0,4,1.690379651877285,1.5950648887526482,0,3,0.019748822,0.9802512,5141.701674055535,0.9802511930465698,1078.2763123512268,6219.977986406761,0.0,2
1,1,1,1,1,12,1,33,235.6397654490464,9.0,6,1.5385059691761862,1.6177014901365927,0,1,9.543685e-05,0.9999046,7335.6397654490465,8.999141156673431,9899.055272340775,17234.69503778982,3.0,1
1,1,0,0,1,1,0,27,184.1724486788892,1.0,2,1.3818421474264058,1.5885763663507633,1,0,0.48469025,0.51530975,2884.1724486788894,0.515309751033783,566.8407261371613,3451.0131748160507,0.0,3
0,1,1,1,1,12,1,27,111.26584600918886,12.0,5,0.7928850952572946,0.8763967341105697,0,1,0.00030334567,0.9996967,6111.265846009189,11.996360063552856,13195.996069908142,19307.26191591733,0.0,1
0,1,0,0,1,1,0,32,230.0573528337177,1.0,2,1.3567633054584531,1.3049607872517928,0,0,0.07364895,0.9263511,2930.0573528337177,0.9263510704040527,1018.986177444458,3949.0435302781757,0.0,3
0,1,1,0,1,1,0,34,46.49219971093142,1.0,0,1.0107713015838713,0.0,1,0,0.99438214,0.005617857,546.4921997109315,0.005617856979370117,6.179642677307129,552.6718423882386,0.0,3
1,1,0,0,1,1,0,25,153.14317819578702,1.0,0,0.3426641667775092,0.0,1,0,0.99628407,0.0037159324,653.143178195787,0.0037159323692321777,4.0875256061553955,657.2307038019424,0.0,3
1,1,1,0,1,6,0,30,53.38598407052636,6.0,1,0.2755422040118007,0.2480950087760094,0,0,0.0626063,0.9373937,1653.3859840705263,5.624362349510193,6186.798584461212,7840.1845685317385,0.0,3
0,1,1,1,1,12,1,31,186.37316604299045,12.0,3,3.0195066746929387,2.9909152993492265,0,1,0.000341681,0.99965835,3986.3731660429903,11.99590015411377,13195.490169525146,17181.863335568138,0.0,1
1,1,1,1,1,6,0,32,50.69298489717524,6.0,1,0.8942010887874274,0.7424297662291456,0,1,0.06255782,0.9374422,1650.6929848971752,5.624653100967407,6187.118411064148,7837.811395961323,0.0,1
0,1,1,0,0,12,1,29,271.30395924962664,11.0,1,1.0554933564818727,0.96800983262611,0,3,0.056194387,0.94380563,1871.3039592496266,10.381861984729767,11420.048183202744,13291.35214245237,1.0,2
0,1,1,0,0,6,1,29,141.13879614444704,3.0,2,0.5405685045768014,0.3361078997569328,0,3,0.019502742,0.98049724,2841.138796144447,2.941491723060608,3235.6408953666687,6076.779691511116,3.0,2
1,1,1,0,1,1,0,31,180.13137194111198,1.0,5,3.80716382010512,3.7472519665228976,0,2,0.00065207965,0.9993479,6180.131371941112,0.9993479251861572,1099.282717704773,7279.414089645885,0.0,0
1,1,0,0,1,1,0,23,131.1115714669628,1.0,0,1.6926318901698585,2.2791150015900583,1,0,0.99533194,0.004668057,631.1115714669628,0.004668056964874268,5.134862661361694,636.2464341283245,0.0,3
0,1,0,0,0,1,0,32,186.5856443379992,1.0,0,0.9816010001433804,0.0,1,3,0.9956703,0.0043296814,686.5856443379992,0.004329681396484375,4.7626495361328125,691.348293874132,0.0,2
0,0,0,0,1,1,0,26,7.159988650331982,1.0,4,0.6831551928943704,0.6474292151927711,0,0,0.09595676,0.90404326,4907.159988650332,0.9040432572364807,994.4475829601288,5901.607571610461,0.0,3
1,1,0,0,1,1,1,25,139.98469206376043,1.0,0,2.3757179001620514,1.831001797879868,1,0,0.9935328,0.006467223,639.9846920637605,0.006467223167419434,7.113945484161377,647.0986375479218,0.0,3
0,1,0,0,1,12,0,31,318.5367588526888,11.0,7,2.6344859274362813,2.6074300985394188,0,1,7.5043194e-05,0.99992496,8518.53675885269,10.999174535274506,12099.091988801956,20617.628747654646,1.0,0
0,1,1,0,1,12,0,31,279.5139878153244,12.0,1,1.5471633572594568,1.5375224098737017,0,1,0.005899455,0.9941006,1879.5139878153245,11.929206848144531,13122.127532958984,15001.641520774308,0.0,1
0,1,1,0,1,1,0,25,111.95379416730324,1.0,1,2.1251584063375284,2.2726130821342374,1,0,0.9134797,0.086520314,1711.9537941673032,0.08652031421661377,95.17234563827515,1807.1261398055783,0.0,3
1,1,0,0,1,6,1,27,268.11727203630886,6.0,2,2.2119603704673287,2.2878754902483065,0,2,0.01675064,0.98324937,2968.117272036309,5.8994961977005005,6489.4458174705505,9457.563089506859,0.0,0
0,1,1,1,1,12,0,30,109.0796443434009,12.0,2,3.217037830156635,3.2726783961457384,0,1,5.6408837e-05,0.9999436,2809.079644343401,11.99932336807251,13199.25570487976,16008.335349223162,0.0,1
1,1,0,0,1,12,0,31,252.64357646352056,8.0,4,2.7106714522841977,2.6964327813728857,0,1,0.00036787227,0.9996321,5152.643576463521,7.99705696105957,8796.762657165527,13949.406233629048,4.0,0
1,1,0,0,1,1,0,34,247.79181725408387,1.0,8,1.084722802766379,0.9928766632046948,0,0,0.0045984145,0.99540156,9547.791817254083,0.9954015612602234,1094.9417173862457,10642.733534640329,0.0,3
1,0,1,1,1,1,0,24,277.0356467212181,1.0,1,1.1569019805294658,0.1366580937397667,1,0,0.99941874,0.0005812645,1877.0356467212182,0.0005812644958496094,0.6393909454345703,1877.6750376666528,0.0,3
1,1,1,1,1,1,0,31,259.2449021059656,1.0,3,1.7784779497632757,1.6217390426963392,0,0,0.038807202,0.9611928,4059.2449021059656,0.961192786693573,1057.3120653629303,5116.556967468896,0.0,1
1,1,0,0,1,1,1,27,33.34895705215342,1.0,0,1.8330549660516944,0.0063979878928257,1,0,0.9999671,3.2901764e-05,533.3489570521534,3.2901763916015625e-05,0.03619194030761719,533.385148992461,0.0,3
0,1,0,0,1,1,0,25,111.8457893327204,1.0,8,3.0553544380048967,3.1553893366375125,0,2,0.0039775916,0.9960224,9411.84578933272,0.9960224032402039,1095.6246435642242,10507.470432896944,0.0,0
0,1,1,1,1,12,1,31,191.1440194124347,7.0,5,3.8261366626517175,3.762327666183237,0,1,0.00023912283,0.99976087,6191.144019412434,6.998326063156128,7698.158669471741,13889.302688884174,5.0,1
1,1,1,0,1,1,1,34,190.7505073605873,1.0,1,0.0,0.0,0,0,0.0486752,0.9513248,1790.7505073605873,0.9513248205184937,1046.457302570343,2837.20780993093,0.0,3
1,1,0,0,0,1,0,33,32.556886044222864,1.0,15,2.580107042179027,2.764951972182003,0,3,0.0011927577,0.99880725,17032.55688604422,0.9988072514533997,1098.6879765987396,18131.24486264296,0.0,2
1,1,1,0,1,1,1,32,207.1662091098285,1.0,3,2.9548077365200607,2.9696108724575923,0,2,0.005867377,0.99413264,4007.1662091098283,0.9941326379776001,1093.54590177536,5100.712110885188,0.0,0
0,0,0,0,1,1,0,30,82.25533188214428,1.0,2,1.0537086592921328,0.8320129115833063,0,0,0.65401393,0.34598607,2782.255331882144,0.3459860682487488,380.58467507362366,3162.840006955768,0.0,3
1,1,0,0,1,1,0,23,48.93800229645518,1.0,1,0.5312351376081262,0.0507909023144004,1,0,0.98838997,0.011610031,1648.9380022964551,0.011610031127929688,12.771034240722656,1661.7090365371778,0.0,3
1,1,0,0,1,1,0,36,146.1815570652607,1.0,5,3.853884499720447,3.818110227463988,0,2,0.00027358183,0.9997264,6146.181557065261,0.999726414680481,1099.699056148529,7245.88061321379,0.0,0
0,1,0,0,1,6,0,33,27.91190796574705,6.0,1,2.0160156229343054,2.1578480348871234,0,2,0.020875983,0.979124,1627.911907965747,5.8747440576553345,6462.218463420868,8090.130371386615,0.0,0
0,1,1,1,1,1,0,21,41.07207142384463,1.0,1,1.4220520918699655,0.9528954012413046,1,0,0.99607384,0.003926158,1641.0720714238446,0.0039261579513549805,4.3187737464904785,1645.390845170335,0.0,3
0,1,0,0,1,1,0,26,217.2981721426605,1.0,1,1.3870798372779152,1.5335982093585367,0,0,0.64764684,0.35235316,1817.2981721426604,0.35235315561294556,387.5884711742401,2204.8866433169005,0.0,3
1,1,1,0,1,12,0,29,87.5214008607283,11.0,6,2.3125068300709337,2.2092832225117807,0,1,0.00033184793,0.9996682,7187.521400860728,10.99634999036789,12095.984989404678,19283.506390265407,1.0,1
0,1,0,1,1,1,1,36,103.17368375861952,1.0,4,0.7732412159808952,0.923840975157221,0,0,0.004871313,0.9951287,5003.1736837586195,0.9951286911964417,1094.6415603160858,6097.815244074705,0.0,3
0,1,0,0,1,12,0,30,291.2141628160044,11.0,5,3.07474708465527,3.1468147365972365,0,1,5.784048e-05,0.9999422,6291.214162816004,10.999364018440247,12099.300420284271,18390.514583100274,1.0,0
1,1,1,1,1,6,1,32,296.026016900965,6.0,1,0.9933230685190544,1.0729988661372651,0,1,0.007455769,0.99254423,1896.026016900965,5.955265402793884,6550.791943073273,8446.817959974238,0.0,1
0,1,0,0,1,6,1,27,196.68546126591409,6.0,1,1.069101681696981,0.9929963451421928,0,0,0.14387013,0.8561299,1796.685461265914,5.136779308319092,5650.457239151001,7447.1427004169145,0.0,3
0,1,1,0,1,1,0,30,44.27186794015736,1.0,2,1.1143415548077424,0.3395328499845527,1,0,0.9975643,0.0024356842,2744.2718679401573,0.0024356842041015625,2.6792526245117188,2746.951120564669,0.0,3
1,1,1,1,1,12,0,31,14.899913231023532,12.0,7,1.8205753108610376,1.8053744683367816,0,1,0.00038508017,0.9996149,8214.899913231024,11.995378732681274,13194.916605949402,21409.816519180426,0.0,1
1,0,1,0,0,1,1,28,22.271532347506035,1.0,1,0.7831060194687544,0.5187114544874789,1,3,0.9849504,0.015049577,1622.271532347506,0.015049576759338379,16.554534435272217,1638.8260667827783,0.0,2
0,0,0,0,1,1,0,27,185.21088525003785,1.0,6,0.7406777245180012,0.6721475178425816,0,0,0.0038871013,0.9961129,7285.210885250038,0.9961128830909729,1095.7241714000702,8380.935056650109,0.0,3
0,1,0,0,1,12,1,30,85.5813918686716,9.0,17,2.6617450543350603,2.565624968859067,0,1,9.525401e-05,0.99990475,19285.581391868673,8.99914276599884,9899.057042598724,29184.638434467397,3.0,0
0,1,1,1,1,12,0,26,215.47657592028577,9.0,7,2.4542282053862268,2.229717953470921,0,1,0.0023346038,0.9976654,8415.476575920286,8.978988647460938,9876.887512207031,18292.364088127317,3.0,1
1,1,0,0,1,1,1,28,79.53083110617769,1.0,4,1.2261663270177572,1.2328949899484378,0,0,0.0335566,0.9664434,4979.530831106178,0.9664434194564819,1063.0877614021301,6042.618592508308,0.0,3
0,1,1,0,1,12,0,26,132.33955360332587,12.0,9,3.381583407422064,3.443562730115336,0,1,2.4836689e-05,0.99997514,10532.339553603326,11.999701738357544,13199.671912193298,23732.011465796626,0.0,0
0,1,1,1,1,1,0,30,95.80402094487128,1.0,4,1.3392309541648149,1.4190772752141658,0,0,0.057877295,0.9421227,4995.804020944871,0.9421226978302002,1036.3349676132202,6032.138988558091,0.0,1
0,0,0,0,1,1,0,26,119.33992739748209,1.0,2,1.7738299623462186,0.8451335105360377,1,0,0.9914312,0.008568823,2819.339927397482,0.008568823337554932,9.425705671310425,2828.7656330687923,0.0,3
1,0,1,0,1,6,0,30,67.21429781687213,6.0,1,0.1413872144442829,0.2780487059678245,0,0,0.061287627,0.93871236,1667.2142978168722,5.632274150848389,6195.5015659332275,7862.7158637501,0.0,3
0,1,0,0,1,1,0,32,166.00411591408908,1.0,7,3.723612213428898,3.6944816935643807,0,2,0.00028921105,0.9997108,8366.00411591409,0.9997107982635498,1099.6818780899048,9465.685994003994,0.0,0
0,1,0,0,0,12,1,32,27.65726189361179,8.0,1,1.623602921242801,1.7199711123636765,0,3,0.009285622,0.9907144,1627.6572618936118,7.92571496963501,8718.28646659851,10345.943728492122,4.0,2
0,1,0,1,1,6,0,34,111.64396401074532,6.0,3,1.7510590252880922,1.7965761142314176,0,1,0.00246072,0.9975393,3911.6439640107455,5.985235691070557,6583.759260177612,10495.403224188358,0.0,1
0,1,0,0,1,1,0,32,158.36547436032552,1.0,2,1.8906160163628376,1.9418229813912609,0,2,0.023375712,0.9766243,2858.3654743603256,0.9766243100166321,1074.2867410182953,3932.652215378621,0.0,3
0,1,0,0,1,1,1,37,61.26257392544929,1.0,3,0.4428478247300201,0.4504956671855511,0,0,0.0066236234,0.9933764,3861.2625739254495,0.9933763742446899,1092.714011669159,4953.976585594608,0.0,3
1,0,0,1,1,6,1,27,268.4628026961343,6.0,5,1.0518253167536171,0.8809336724114423,0,0,0.0018494362,0.9981506,6268.4628026961345,5.988903522491455,6587.793874740601,12856.256677436735,0.0,3
0,1,0,0,1,1,0,31,19.295875208891967,1.0,7,3.3718475933235963,3.434645868620469,0,2,0.000692219,0.99930775,8219.295875208893,0.9993077516555786,1099.2385268211365,9318.534402030029,0.0,0
1,1,1,0,1,6,0,33,264.0094278422361,6.0,7,1.424129645247488,1.3607336372180487,0,1,0.0013863067,0.9986137,8464.009427842237,5.991682291030884,6590.850520133972,15054.859947976209,0.0,1
1,1,0,0,1,1,1,32,28.94454578043405,1.0,2,2.8462864758039723,2.7805037064917864,0,2,0.02059409,0.9794059,2728.944545780434,0.9794058799743652,1077.3464679718018,3806.291013752236,0.0,0
0,1,1,0,1,1,0,29,172.37381424309916,1.0,0,2.0509586370363326,2.2145832818892,0,0,0.5306988,0.46930122,672.3738142430991,0.4693012237548828,516.2313461303711,1188.6051603734702,0.0,3
1,1,1,1,1,6,1,30,9.79178191412946,6.0,2,2.8443607047453576,2.96915673421588,0,1,0.0021093767,0.99789065,2709.7917819141294,5.987343907356262,6586.078298091888,9295.870080006018,0.0,1
1,0,0,0,1,1,0,30,74.9221835066849,1.0,2,2.218290266044708,2.182237971663445,0,0,0.10010154,0.89989847,2774.922183506685,0.8998984694480896,989.8883163928986,3764.8104998995836,0.0,3
0,1,0,0,1,1,1,28,178.8156290810931,1.0,1,1.322342589574934,0.6748843911748569,1,0,0.98844916,0.011550844,1778.815629081093,0.011550843715667725,12.705928087234497,1791.5215571683275,0.0,3
0,1,0,0,1,1,0,31,321.2138581463253,1.0,6,2.515368399701728,2.349060011700088,0,2,0.0005211751,0.9994788,7421.213858146325,0.999478816986084,1099.4266986846924,8520.640556831018,0.0,0
1,1,1,1,1,1,1,29,411.7113085850302,1.0,1,0.5232727551132157,0.5149945256648368,0,0,0.033743415,0.96625656,2011.71130858503,0.9662565588951111,1062.8822147846222,3074.5935233696523,0.0,1
1,1,0,0,0,6,0,37,362.6004771822383,6.0,10,2.2454800107757458,2.2937169782711733,0,3,5.8247704e-05,0.99994177,11862.600477182239,5.999650597572327,6599.615657329559,18462.2161345118,0.0,2
1,1,0,0,1,12,0,27,212.1872030601553,10.0,3,0.0635405347079665,0.0,0,0,0.052109733,0.9478903,4012.1872030601553,9.478902816772461,10426.793098449707,14438.980301509862,2.0,3
0,0,0,0,1,1,0,32,8.00073629625308,1.0,1,0.8811931002995854,0.8606186905863473,1,0,0.58276844,0.41723156,1608.000736296253,0.41723155975341797,458.95471572875977,2066.955452025013,0.0,3
1,1,1,0,0,1,1,27,87.369072783395,1.0,1,1.6051571893837882,0.5450593795457459,1,3,0.9994918,0.0005081892,1687.369072783395,0.0005081892013549805,0.5590081214904785,1687.9280809048855,0.0,2
0,1,0,0,1,1,1,30,87.42897102196278,1.0,2,1.3566411832313396,1.4226627128765514,1,0,0.18543276,0.8145672,2787.4289710219628,0.8145672082901001,896.0239291191101,3683.452900141073,0.0,3
0,1,1,0,1,12,1,31,163.26080481750802,10.0,2,0.2331210076574492,0.3077194445416504,0,1,0.00063880224,0.9993612,2863.260804817508,9.993612170219421,10992.973387241364,13856.234192058871,2.0,1
0,1,1,1,0,1,0,31,4.791323833846533,1.0,3,1.2192828038965555,1.0730941006359205,0,3,0.04606399,0.953936,3804.7913238338465,0.953935980796814,1049.3295788764954,4854.120902710341,0.0,2
1,1,1,0,1,1,1,33,22.63539513639585,1.0,1,1.8193467220878887,1.8038138895384048,0,2,0.10391917,0.89608085,1622.6353951363958,0.8960808515548706,985.6889367103577,2608.3243318467535,0.0,3
1,0,0,0,1,1,0,29,107.68223624663275,1.0,1,1.862062156963552,1.0709648494655777,1,0,0.9953891,0.004610896,1707.6822362466328,0.004610896110534668,5.071985721588135,1712.754221968221,0.0,3
0,1,1,1,1,12,1,28,113.29911571946798,12.0,4,3.0625146417673728,3.1581083483383394,0,1,0.00013929735,0.9998607,5013.299115719468,11.998328447341919,13198.16129207611,18211.46040779558,0.0,1
0,1,1,1,1,12,1,30,131.6627022446107,9.0,5,0.0,0.0897068432764769,0,1,0.000112105314,0.9998879,6131.662702244611,8.998990952968597,9898.890048265457,16030.552750510069,3.0,1
1,0,1,0,1,1,0,36,304.3332705945562,1.0,2,3.738860021260305,3.776367611297121,0,2,0.0008469946,0.999153,3004.3332705945563,0.9991530179977417,1099.0683197975159,4103.401590392072,0.0,0
0,1,0,0,1,12,0,30,165.97774217280755,12.0,3,2.8817310599475534,2.9094484043399778,0,1,0.00032227943,0.9996777,3965.9777421728077,11.996132612228394,13195.745873451233,17161.72361562404,0.0,0
0,1,1,1,1,12,1,35,302.878534738432,9.0,4,4.661961248469951,4.7330590768749605,0,1,3.4064393e-05,0.9999659,5202.878534738432,8.999693155288696,9899.662470817566,15102.541005555999,3.0,1
1,1,1,0,1,1,0,31,125.6193596954305,1.0,4,0.4077973094142546,0.4371446891366985,0,0,0.0099692345,0.99003077,5025.619359695431,0.9900307655334473,1089.033842086792,6114.653201782223,0.0,3
0,1,1,0,1,12,1,29,42.24532509765183,12.0,12,3.2608140364674183,3.3953526869551425,0,1,4.5695964e-05,0.9999543,13742.245325097652,11.999451398849487,13199.396538734436,26941.64186383209,0.0,0
1,1,0,0,1,1,0,25,294.95448051607366,1.0,11,1.8309765970272125,2.04669681459107,0,2,0.0012926906,0.9987073,12894.954480516073,0.9987072944641113,1098.5780239105225,13993.532504426596,0.0,0
0,1,0,0,1,6,0,29,61.658825727238906,6.0,8,0.4057144226374647,0.2949209193349389,0,0,0.0027132083,0.9972868,9361.65882572724,5.983720779418945,6582.09285736084,15943.75168308808,0.0,3
1,1,0,0,0,1,0,24,43.79864280702118,1.0,0,0.3988878266173657,0.3361389976156263,1,3,0.99790287,0.0020971298,543.7986428070212,0.0020971298217773438,2.306842803955078,546.1054856109763,0.0,2
1,0,0,0,1,1,0,30,300.329873368941,1.0,0,0.9840615213358412,0.9097792264819788,1,0,0.87786275,0.12213725,800.329873368941,0.12213724851608276,134.35097336769104,934.680846736632,0.0,3
1,1,1,1,0,6,1,30,378.6654363508136,6.0,3,2.5070302496236243,2.7104782706603823,0,3,0.0003549288,0.99964505,4178.665436350813,5.997870326042175,6597.657358646393,10776.322794997206,0.0,2
0,1,0,0,1,1,0,28,60.42205160338389,1.0,0,0.956177999272542,0.3264269663717421,1,0,0.99944,0.00055998564,560.4220516033839,0.0005599856376647949,0.6159842014312744,561.0380358048152,0.0,3
0,1,1,1,1,1,0,33,208.2639472715427,1.0,3,0.7050053772128169,0.7011471402283354,0,0,0.028778862,0.97122115,4008.2639472715427,0.9712211489677429,1068.3432638645172,5076.60721113606,0.0,1
0,1,1,1,1,12,0,27,175.8822373865701,6.0,6,1.0884871900526316,1.0890611003372872,0,1,0.0006724076,0.9993276,7275.8822373865705,5.995965600013733,6595.562160015106,13871.444397401676,6.0,1
1,1,0,0,1,1,1,28,169.0003691632586,1.0,1,2.2886970909807367,2.8117122585718954,1,2,0.5326998,0.46730018,1769.0003691632587,0.4673001766204834,514.0301942825317,2283.0305634457904,0.0,0
0,0,0,0,1,1,0,30,353.89483221304164,1.0,4,1.025733570347172,0.8821477822703596,0,0,0.014115763,0.98588425,5253.894832213042,0.9858842492103577,1084.4726741313934,6338.367506344435,0.0,3
0,1,0,0,1,1,0,30,33.64768713417806,1.0,1,0.7063989487408346,0.6160593406375316,0,0,0.41046447,0.58953553,1633.647687134178,0.5895355343818665,648.4890878200531,2282.1367749542314,0.0,3
1,1,0,0,1,6,0,24,233.821819461228,6.0,1,2.4656139206905068,2.50528150989596,1,2,0.54024005,0.45975995,1833.821819461228,2.7585597038269043,3034.4156742095947,4868.237493670823,0.0,0
1,1,0,1,1,12,1,28,42.11737765085556,11.0,5,2.203082504661746,2.1495434822523807,0,1,0.00026307773,0.9997369,6042.117377650856,10.997105956077576,12096.816551685333,18138.933929336188,1.0,1
0,1,0,0,1,1,0,31,104.91704106895702,1.0,0,1.1954402753729396,0.2476364788908301,1,0,0.99859136,0.0014086366,604.917041068957,0.0014086365699768066,1.5495002269744873,606.4665412959315,0.0,3
0,1,0,1,0,1,1,28,249.44664944128928,1.0,1,1.5137459963929023,0.0,1,3,0.99954575,0.000454247,1849.4466494412893,0.00045424699783325195,0.49967169761657715,1849.946321138906,0.0,2
0,0,0,0,1,1,0,31,103.52946486576973,1.0,6,1.4958683371670327,1.4933401073551813,0,0,0.008362632,0.99163735,7203.52946486577,0.9916373491287231,1090.8010840415955,8294.330548907365,0.0,3
1,1,1,0,1,1,0,30,127.87906257455444,1.0,1,3.9904465637408864,4.025627030971009,0,2,0.014082119,0.98591787,1727.8790625745544,0.985917866230011,1084.509652853012,2812.3887154275662,0.0,0
0,0,1,0,1,12,1,31,26.64347602796116,9.0,2,2.7669798973464865,2.682790022933504,0,1,0.0026946983,0.9973053,2726.6434760279612,8.975747466087341,9873.322212696075,12599.965688724036,3.0,1
1,1,0,0,1,1,0,28,309.4325947999045,1.0,2,2.971051137271609,2.94488683090342,0,2,0.023874829,0.9761252,3009.4325947999046,0.976125180721283,1073.7376987934113,4083.170293593316,0.0,0
1,1,1,0,1,12,0,24,70.67150093064276,12.0,7,2.4866758386707715,2.487343644977181,0,1,0.00024681317,0.9997532,8270.671500930643,11.997038125991821,13196.741938591003,21467.413439521646,0.0,0
0,1,1,0,1,1,0,31,118.70970896052592,1.0,13,2.207351716537316,2.234250436990268,0,2,0.0010856827,0.9989143,14918.709708960527,0.9989143013954163,1098.8057315349579,16017.515440495485,0.0,0
0,1,1,0,1,1,1,33,127.32609433383236,1.0,3,2.456624434244472,2.384780243491889,0,2,0.008302827,0.9916972,3927.3260943338323,0.9916971921920776,1090.8669114112854,5018.193005745117,0.0,0
1,1,0,0,1,1,1,34,123.63534886016492,1.0,4,0.9335082194392526,0.9267313437507352,0,0,0.0073590856,0.9926409,5023.635348860165,0.9926409125328064,1091.905003786087,6115.540352646252,0.0,3
0,1,1,1,1,1,1,25,5.764080608692979,1.0,1,1.5187958941592907,1.9178718910166608,1,0,0.938489,0.06151098,1605.764080608693,0.06151098012924194,67.66207814216614,1673.426158750859,0.0,1
1,1,0,1,1,1,0,33,31.449560104543902,1.0,3,3.2967909371151576,3.158237281064129,0,2,0.0028804906,0.9971195,3831.4495601045437,0.9971194863319397,1096.8314349651337,4928.280995069677,0.0,0
1,1,1,1,0,6,0,28,228.09893908574256,6.0,1,0.9532947370875609,0.0,1,3,0.98896885,0.011031151,1828.0989390857426,0.06618690490722656,72.80559539794922,1900.9045344836918,0.0,2
0,1,0,0,1,12,1,32,130.98141748474984,11.0,5,2.301247098543049,2.2745728694034746,0,1,0.00012256246,0.99987745,6130.98141748475,10.99865198135376,12098.517179489136,18229.498596973885,1.0,0
1,1,0,0,1,1,1,30,104.2683095882524,1.0,0,1.8502641584009032,1.4947189943837826,1,0,0.9669864,0.033013582,604.2683095882524,0.03301358222961426,36.314940452575684,640.583250040828,0.0,3
1,0,1,0,1,6,0,29,109.9986514124416,6.0,5,2.0935330311343785,2.027589676129577,0,2,0.0023917821,0.99760824,6109.998651412441,5.985649466514587,6584.214413166046,12694.213064578487,0.0,3
1,1,1,0,1,6,0,33,76.695751402237,4.0,7,3.487659498524472,3.4454228491511616,0,2,0.0001907126,0.99980927,8276.695751402238,3.999237060546875,4399.1607666015625,12675.8565180038,2.0,0
0,1,1,0,1,6,1,29,208.41746374923835,5.0,1,1.4003684955645803,1.2984264070191949,0,0,0.17135793,0.8286421,1808.4174637492383,4.143210351467133,4557.531386613846,6365.948850363084,1.0,1
1,1,1,1,1,12,1,32,73.31758254405936,12.0,5,3.287171951548463,3.22625399682724,0,1,6.27823e-05,0.99993724,6073.317582544059,11.999246835708618,13199.17151927948,19272.48910182354,0.0,1
1,1,1,1,1,12,0,30,209.2103335070749,11.0,2,2.582536887398148,2.573796804063164,0,1,0.00092222187,0.9990778,2909.210333507075,10.989855766296387,12088.841342926025,14998.0516764331,1.0,1
1,1,1,0,1,1,1,26,300.92798748069765,1.0,2,2.3837080544156146,2.2147552469111744,0,2,0.079017065,0.92098296,3000.9279874806975,0.9209829568862915,1013.0812525749207,4014.009240055618,0.0,0
0,1,1,0,1,1,0,27,372.1845733937842,1.0,6,3.100581034079904,3.1159902323242488,0,2,0.0008511251,0.99914885,7472.184573393784,0.9991488456726074,1099.0637302398682,8571.248303633653,0.0,0
1,1,1,1,1,12,0,35,211.4301418593365,12.0,1,2.728726608860255,2.729694407590572,0,1,0.00074224116,0.99925774,1811.4301418593366,11.991092920303345,13190.20221233368,15001.632354193016,0.0,1
1,1,1,1,1,1,0,23,191.8180627674805,1.0,1,1.5533782427132927,1.1202849447914047,1,0,0.97328377,0.026716232,1791.8180627674806,0.026716232299804688,29.387855529785156,1821.2059182972657,0.0,3
0,1,0,0,1,1,0,28,109.4925236483258,1.0,1,1.825684501603496,1.8693400605183417,0,0,0.6429063,0.3570937,1709.492523648326,0.3570936918258667,392.80306100845337,2102.2955846567793,0.0,3
0,1,1,1,1,12,1,34,169.3236577161879,12.0,1,2.0776150864142804,2.182571210490278,0,1,0.0012334102,0.9987666,1769.3236577161879,11.985199213027954,13183.71913433075,14953.042792046937,0.0,1
1,1,1,1,1,1,1,33,328.69097743983133,1.0,12,2.3422314414952687,2.2735362846807816,0,2,0.00045879086,0.9995412,14028.690977439832,0.9995412230491638,1099.4953453540802,15128.186322793912,0.0,1
0,1,0,0,1,6,1,35,44.286882256923285,6.0,1,0.4993828448097724,0.5985319291198938,0,0,0.005477586,0.9945224,1644.2868822569233,5.967134356498718,6563.84779214859,8208.134674405514,0.0,3
1,1,0,0,0,1,0,27,56.1786138497775,1.0,0,1.9828498658641185,1.3385705768262084,1,3,0.99915016,0.000849843,556.1786138497775,0.0008498430252075195,0.9348273277282715,557.1134411775058,0.0,2
0,1,1,0,1,1,0,25,49.278551350296574,1.0,3,1.419160803959895,1.279736013382356,1,0,0.8951711,0.104828894,3849.2785513502968,0.10482889413833618,115.3117835521698,3964.5903349024666,0.0,3
1,1,1,1,1,1,1,30,94.79606251386365,1.0,1,1.106102314772085,0.3231801072985347,1,0,0.9976357,0.0023642778,1694.7960625138637,0.0023642778396606445,2.600705623626709,1697.3967681374904,0.0,1
1,0,0,1,1,1,0,30,301.2333990353955,1.0,1,3.29207516136828,3.269879267674627,0,2,0.0023834535,0.9976165,1901.2333990353955,0.9976165294647217,1097.3781824111938,2998.6115814465893,0.0,0
0,1,1,1,1,6,0,30,26.05853557594857,6.0,4,1.5338905599249872,1.5013827143895646,0,1,0.030647472,0.96935254,4926.058535575949,5.8161152601242065,6397.726786136627,11323.785321712576,0.0,1
1,0,0,0,1,1,0,27,225.3294005880369,1.0,2,0.5831661905143818,0.8560768078159704,1,0,0.5567223,0.44327772,2925.329400588037,0.4432777166366577,487.6054883003235,3412.9348888883605,0.0,3
1,1,0,0,1,1,1,30,30.37275543664572,1.0,1,2.078957684055861,2.5704513946038348,1,2,0.6626012,0.33739883,1630.3727554366458,0.33739882707595825,371.1387097835541,2001.5114652201999,0.0,0
0,0,0,0,0,1,0,25,24.76110956198493,1.0,9,3.3260479835473475,3.3675050780453497,0,3,0.0027849877,0.99721503,10424.761109561985,0.9972150325775146,1096.936535835266,11521.697645397251,0.0,2
1,1,0,0,1,1,1,27,133.57018003003952,1.0,2,3.1020289776569294,3.161236499392865,0,2,0.026270641,0.9737294,2833.5701800300394,0.9737293720245361,1071.1023092269897,3904.672489257029,0.0,0
0,1,0,0,1,1,0,24,53.78760781677702,1.0,4,1.084734543767839,1.0819027098352707,0,0,0.3257673,0.6742327,4953.787607816777,0.6742327213287354,741.6559934616089,5695.443601278386,0.0,3
0,1,1,0,0,12,0,32,182.5486999734869,12.0,2,1.5688220254654774,1.5036626952561414,0,3,0.0010002018,0.9989998,2882.5486999734867,11.98799729347229,13186.797022819519,16069.345722793005,0.0,2
0,1,1,0,1,1,0,32,211.8141698710406,1.0,3,2.270248900742737,2.155382619256752,0,2,0.023047779,0.9769522,4011.8141698710406,0.9769521951675415,1074.6474146842957,5086.461584555336,0.0,0
0,0,1,0,1,12,0,33,19.65945958701809,12.0,5,1.4955743538569748,1.3985506840863091,0,1,0.0018336498,0.9981663,6019.659459587018,11.977995872497559,13175.795459747314,19195.454919334334,0.0,3
0,1,0,0,1,1,0,25,70.56509891958883,1.0,1,1.1127181855139392,0.7166209650309967,1,0,0.994412,0.005587995,1670.5650989195888,0.0055879950523376465,6.146794557571411,1676.7118934771602,0.0,3
0,1,1,0,1,1,0,27,47.06427625180362,1.0,2,1.6061065816571234,1.73963959741732,1,0,0.68567663,0.31432337,2747.0642762518037,0.314323365688324,345.7557022571564,3092.81997850896,0.0,3
0,0,1,0,1,6,1,30,308.96204307704687,3.0,8,1.3752392446477977,1.4472785544112865,0,0,0.00042227856,0.9995777,9608.962043077046,2.998733103275299,3298.606413602829,12907.568456679875,3.0,1
1,1,1,1,1,12,1,32,59.917857455895074,11.0,4,0.5296202923288764,0.5035893545216089,0,1,0.0007615261,0.9992385,4959.9178574558955,10.991623401641846,12090.78574180603,17050.703599261928,1.0,1
0,1,0,0,1,1,0,25,22.483668755772648,1.0,0,1.270843072401776,0.7783876768911253,1,0,0.9990589,0.00094109774,522.4836687557727,0.0009410977363586426,1.0352075099945068,523.5188762657672,0.0,3
1,1,1,1,1,6,1,33,211.36241304310136,6.0,2,0.0334740806984448,0.0430830077964219,0,1,0.001699349,0.9983007,2911.3624130431012,5.989804029464722,6588.784432411194,9500.146845454296,0.0,1
1,1,0,0,0,6,1,29,116.34512473349156,6.0,4,1.947272984375301,1.8432115547223191,0,3,0.004951389,0.9950486,5016.3451247334915,5.970291495323181,6567.320644855499,11583.665769588992,0.0,2
1,1,1,0,1,12,1,31,40.39625201718745,12.0,2,2.558091173085,2.687686254370816,0,1,0.0012581468,0.99874187,2740.3962520171876,11.984902381896973,13183.39262008667,15923.788872103858,0.0,1
1,1,0,0,1,1,0,26,154.79277827257084,1.0,0,1.6452163401014466,1.7947440163978854,1,0,0.95882547,0.04117453,654.7927782725708,0.04117453098297119,45.29198408126831,700.0847623538391,0.0,3
0,1,1,1,1,6,1,30,31.055816795371346,6.0,9,2.7690799115010347,2.744666071486628,0,1,0.0003650596,0.9996349,10431.055816795371,5.997809529304504,6597.590482234955,17028.646299030326,0.0,1
0,1,0,0,1,1,0,21,215.3961708621793,1.0,0,0.698017013292463,0.9852456922978956,1,0,0.9883669,0.011633098,715.3961708621794,0.011633098125457764,12.79640793800354,728.1925788001829,0.0,3
1,1,1,0,1,1,0,28,118.6067922829257,1.0,4,2.1703084458411537,2.1887377097936165,0,2,0.012540621,0.98745936,5018.606792282926,0.9874593615531921,1086.2052977085114,6104.8120899914375,0.0,0
0,1,1,1,1,12,1,33,64.82988507036485,11.0,1,2.8526598181797898,2.809402137671443,0,1,0.0008681166,0.99913186,1664.8298850703648,10.99045044183731,12089.495486021042,13754.325371091407,1.0,1
0,0,1,0,1,6,0,33,42.8904331572821,6.0,4,1.46680708520786,1.292824003996777,0,0,0.060681228,0.9393188,4942.890433157282,5.635912656784058,6199.503922462463,11142.394355619745,0.0,3
0,0,0,0,1,1,0,28,94.935375360385,1.0,7,1.898403338863197,1.9082603781608671,0,0,0.0028650805,0.9971349,8294.935375360385,0.9971349239349365,1096.8484163284302,9391.783791688815,0.0,3
1,0,0,0,0,1,0,30,89.09440024482761,1.0,4,1.5549169452308482,1.4651692360765771,0,3,0.14155944,0.8584406,4989.094400244828,0.8584405779838562,944.2846357822418,5933.37903602707,0.0,2
1,1,1,0,1,1,1,32,202.8418540441845,1.0,6,0.3537482833066581,0.187002905407751,0,0,0.0009972659,0.99900275,7302.841854044184,0.9990027546882629,1098.9030301570892,8401.744884201275,0.0,3
1,1,0,0,1,6,1,31,34.699763494685484,6.0,4,3.960515478578985,3.797594119467672,0,2,0.00042006714,0.9995799,4934.699763494686,5.997479438781738,6597.227382659912,11531.927146154598,0.0,0
1,0,0,0,1,1,1,28,209.3388491812627,1.0,3,3.7877580680597673,3.680691565628339,0,2,0.002125118,0.99787486,4009.3388491812625,0.9978748559951782,1097.662341594696,5107.001190775958,0.0,0
0,1,1,0,1,1,0,29,81.20430397426577,1.0,0,2.3375251665631134,2.1016425108234174,1,0,0.9662269,0.033773124,581.2043039742657,0.03377312421798706,37.15043663978577,618.3547406140515,0.0,3
0,1,1,1,1,6,0,31,221.68974227943696,6.0,1,0.993280406175048,0.9270783554888395,0,1,0.019808657,0.98019135,1821.689742279437,5.881148099899292,6469.262909889221,8290.952652168658,0.0,1
0,1,1,1,1,1,1,30,83.80905576600622,1.0,9,0.0,0.0,0,0,0.009323678,0.99067634,10483.809055766007,0.9906763434410095,1089.7439777851105,11573.553033551118,0.0,1
0,1,0,1,1,1,1,24,29.74604343965725,1.0,5,1.308771756898062,1.1932876718918757,0,0,0.030125016,0.969875,6029.746043439657,0.9698749780654907,1066.8624758720398,7096.608519311697,0.0,3
1,1,0,0,1,1,0,31,92.68242236111271,1.0,0,3.1515538524796822,3.2550140322339187,1,2,0.60797876,0.39202124,592.6824223611127,0.3920212388038635,431.2233626842499,1023.9057850453626,0.0,0
0,1,0,0,1,1,0,27,179.62254946093648,1.0,3,2.2130640069702645,1.087306283234982,1,0,0.99372476,0.0062752366,3979.6225494609366,0.0062752366065979,6.90276026725769,3986.5253097281943,0.0,3
0,1,0,0,1,12,1,25,148.76187874733117,12.0,13,2.467928722182188,2.516112554690715,0,1,5.9617723e-05,0.9999404,14948.761878747331,11.999284744262695,13199.213218688965,28147.975097436298,0.0,0
0,1,0,0,1,6,1,33,196.23040389874083,5.0,4,2.5822911183480226,2.6319724284885377,0,2,0.00058115425,0.99941885,5096.23040389874,4.9970942735672,5496.80370092392,10593.03410482266,1.0,0
1,1,1,1,1,6,0,29,75.77134294547776,6.0,16,3.9915980033857696,3.849426924496036,0,2,0.0001912372,0.9998088,18175.771342945478,5.998852729797363,6598.7380027771,24774.509345722578,0.0,0
0,1,0,0,1,12,0,31,73.66291261257362,11.0,2,2.023341726358445,1.9214427775724112,0,1,0.0030045288,0.99699545,2773.6629126125736,10.966949939727783,12063.644933700562,14837.307846313135,1.0,0
1,1,1,0,1,12,1,28,401.72108163790887,12.0,3,1.9942820356028976,1.815132608105884,0,1,0.00037945836,0.99962056,4201.721081637909,11.995446681976318,13194.99135017395,17396.71243181186,0.0,1
1,1,1,1,1,12,0,30,126.73778542627744,11.0,3,1.3928109965251432,1.4672603821888968,0,1,0.00093127874,0.99906874,3926.7377854262772,10.989756107330322,12088.731718063354,16015.469503489632,1.0,1
1,1,1,1,1,6,0,25,47.51086882235995,6.0,1,3.183699755714549,3.146769581887094,0,1,0.060487695,0.9395123,1647.51086882236,5.637073874473572,6200.781261920929,7848.292130743289,0.0,1
1,1,1,1,1,6,0,23,104.6008322428951,5.0,3,2.706416978099085,2.9422690855805778,0,1,0.017148541,0.98285145,3904.600832242895,4.914257228374481,5405.682951211929,9310.283783454825,1.0,1
1,1,1,0,1,1,0,33,208.24959040053088,1.0,5,3.185853150731311,3.1276885789228976,0,2,0.00051742163,0.9994826,6208.249590400531,0.9994825720787048,1099.4308292865753,7307.680419687106,0.0,0
0,1,0,0,1,12,0,31,60.51661086947127,12.0,4,0.2816391803561179,0.3276868163441968,0,1,0.00084371935,0.9991563,4960.516610869471,11.989875555038452,13188.863110542297,18149.37972141177,0.0,3
1,1,0,0,1,12,1,34,198.9603479394333,9.0,3,2.9178525260485584,2.797272001893256,0,1,0.00023124085,0.99976873,3998.960347939433,8.997918605804443,9897.710466384888,13896.670814324321,3.0,0
1,1,1,1,0,1,0,30,167.8809021890936,1.0,1,2.7597341644442204,2.5270197142952218,1,3,0.3130287,0.6869713,1767.8809021890936,0.6869713068008423,755.6684374809265,2523.5493396700203,0.0,2
0,1,0,0,1,1,0,25,118.0202886488705,1.0,1,0.7151048096457298,0.4235857771474357,1,0,0.86634076,0.13365924,1718.0202886488705,0.1336592435836792,147.02516794204712,1865.0454565909176,0.0,3
0,1,1,1,1,1,0,27,263.8289611621347,1.0,2,2.697925526232164,2.046725585697935,1,2,0.93576396,0.064236045,2963.828961162135,0.06423604488372803,70.65964937210083,3034.4886105342357,0.0,1
1,1,1,1,0,1,1,28,108.28822359429324,1.0,2,2.916168462313753,3.1126163962157,0,3,0.033648856,0.96635115,2808.2882235942934,0.9663511514663696,1062.9862666130066,3871.2744902073,0.0,2
1,1,0,0,1,1,0,31,145.67959907125402,1.0,5,2.8458139076802587,2.9987624879795622,0,2,0.0018204533,0.99817955,6145.679599071254,0.99817955493927,1097.997510433197,7243.677109504451,0.0,0
1,1,1,0,1,6,1,32,274.7544395484131,6.0,2,3.787900175752583,3.8286174980400087,0,2,0.00053117337,0.9994688,2974.754439548413,5.99681282043457,6596.494102478027,9571.24854202644,0.0,0
0,1,0,0,1,1,1,19,162.87335365115177,1.0,0,0.8270577777709461,0.2403694529034241,1,0,0.9948376,0.005162418,662.8733536511518,0.005162417888641357,5.678659677505493,668.5520133286573,0.0,3
0,1,0,0,1,6,0,30,121.41890864247212,6.0,5,1.2031530851668752,1.3482356761148242,0,0,0.0017168148,0.9982832,6121.418908642472,5.9896992444992065,6588.669168949127,12710.0880775916,0.0,3
1,1,1,1,1,12,0,25,241.61384109088823,12.0,5,2.7209492720677977,2.6317951999593245,0,1,0.00038699142,0.999613,6241.613841090888,11.99535584449768,13194.891428947449,19436.50527003834,0.0,1
1,1,1,1,1,1,1,31,151.72812771471737,1.0,9,3.209360886877848,3.009936570335353,0,2,0.0019400654,0.9980599,10551.728127714718,0.9980599284172058,1097.8659212589264,11649.594048973644,0.0,1
1,1,1,1,0,1,1,34,185.14763266389852,1.0,4,2.3375859389367,2.37983678071393,0,3,0.0014283546,0.99857163,5085.147632663899,0.9985716342926025,1098.4287977218628,6183.576430385761,0.0,2
1,1,1,1,1,12,0,24,97.02752669392471,12.0,4,2.8070800129191764,2.792703483036609,0,1,0.0009624848,0.9990375,4997.027526693924,11.988450050354004,13187.295055389404,18184.32258208333,0.0,1
1,1,0,0,0,6,0,33,48.88063316697397,6.0,1,4.078849976453924,4.0569538912886856,0,3,0.0023004648,0.99769956,1648.880633166974,5.986197352409363,6584.817087650299,8233.697720817272,0.0,2
1,1,1,1,1,12,0,34,223.22773839508488,12.0,2,0.292328553003393,0.3469880577143693,0,1,0.0007386495,0.9992614,2923.227738395085,11.99113655090332,13190.250205993652,16113.477944388738,0.0,1
1,1,1,0,1,12,1,30,236.5476458403929,12.0,2,1.4378126093071897,1.4764932424964126,0,1,0.0032532397,0.9967468,2936.5476458403928,11.96096134185791,13157.057476043701,16093.605121884095,0.0,1
1,1,0,1,1,1,0,33,209.5428235771076,1.0,17,0.0,0.0,0,0,0.0031067098,0.9968933,19409.542823577107,0.9968932867050171,1096.5826153755188,20506.125438952626,0.0,3
0,1,1,0,1,12,0,32,329.7602838003287,12.0,5,1.1621898984967511,1.1884778824438875,0,1,0.00011414949,0.99988586,6329.760283800329,11.998630285263062,13198.493313789368,19528.253597589697,0.0,1
0,1,1,1,1,6,1,34,65.20210679756127,6.0,1,0.910312618886956,0.9249437228671228,0,1,0.011350487,0.9886495,1665.2021067975613,5.931896924972534,6525.086617469788,8190.288724267349,0.0,1
1,1,1,1,1,12,1,32,205.01332765872868,12.0,14,2.7697228099031848,2.6801194563149258,0,1,7.3113726e-05,0.99992687,16105.01332765873,11.999122381210327,13199.03461933136,29304.04794699009,0.0,1
1,1,1,1,1,6,1,28,88.78694416128735,5.0,8,3.897556157690023,3.798186434623824,0,2,0.00023365435,0.99976635,9388.786944161287,4.998831748962402,5498.714923858643,14887.50186801993,1.0,1
0,1,1,0,1,1,0,24,99.94346544313056,1.0,4,1.8018023549833515,1.7833450306832357,1,0,0.48817018,0.51182985,4999.943465443131,0.5118298530578613,563.0128383636475,5562.956303806778,0.0,3
1,1,1,1,1,1,0,28,14.92449090026227,1.0,0,2.8474749112448148,2.2221456731534173,1,2,0.993008,0.0069919825,514.9244909002623,0.006991982460021973,7.69118070602417,522.6156716062865,0.0,1
0,1,1,0,0,12,1,22,190.5337917671884,9.0,2,2.257147378916174,2.0767359102811054,0,3,0.030661372,0.96933866,2890.5337917671886,8.724047899246216,9596.452689170837,12486.986480938027,3.0,2
0,1,0,1,1,1,0,27,96.15382591257894,1.0,2,1.1487992311827713,0.6855834977505576,1,0,0.9902788,0.00972122,2796.153825912579,0.009721219539642334,10.693341493606567,2806.8471674061857,0.0,3
1,1,1,1,1,6,0,24,61.69577245413643,6.0,8,0.5942167341157385,0.5309396075848513,0,0,0.01255713,0.98744285,9361.695772454137,5.924657106399536,6517.12281703949,15878.818589493627,0.0,1
0,1,1,1,1,12,1,29,171.0112303692203,12.0,1,1.6898350019443162,1.7955786256331665,0,1,0.019328797,0.9806712,1771.0112303692204,11.768054723739624,12944.860196113586,14715.871426482807,0.0,1
1,1,0,1,1,6,1,31,271.1088950317004,5.0,17,2.420643810485105,2.4597174791145835,0,2,0.00048209113,0.9995179,19471.1088950317,4.997589588165283,5497.3485469818115,24968.45744201351,1.0,1
1,1,1,1,1,12,1,32,49.91247486350488,10.0,3,0.5167255332257437,0.5197068488263019,0,1,0.0019864899,0.9980135,3849.912474863505,9.980134963989258,10978.148460388184,14828.060935251688,2.0,1
1,1,0,0,1,6,1,25,76.45255869642811,6.0,3,3.338594949852624,3.4171730961850906,0,2,0.0010269915,0.998973,3876.4525586964282,5.99383807182312,6593.221879005432,10469.67443770186,0.0,0
1,1,1,0,1,6,0,28,145.72695493646592,6.0,7,1.6930988167985055,1.5824973444473045,0,1,0.0024420947,0.9975579,8345.726954936466,5.985347270965576,6583.881998062134,14929.6089529986,0.0,3
1,1,0,0,1,12,0,27,220.9192467387668,11.0,1,4.153562733687045,4.1319614041827455,0,1,0.0018600798,0.9981399,1820.9192467387668,10.979539096355438,12077.493005990982,13898.41225272975,1.0,0
0,0,1,0,1,1,1,29,176.89470961372035,1.0,1,1.433896723607893,1.3051359096688615,0,0,0.34230065,0.65769935,1776.8947096137204,0.6576993465423584,723.4692811965942,2500.3639908103146,0.0,3
1,1,1,0,0,1,1,35,30.631644881328373,1.0,3,0.966904411105684,1.0465274106716174,0,3,0.04637341,0.9536266,3830.631644881328,0.9536265730857849,1048.9892303943634,4879.620875275692,0.0,2
0,1,1,1,1,1,0,32,33.01342540676184,1.0,3,1.9377908486204023,1.890365857474328,0,0,0.019961337,0.98003864,3833.013425406762,0.9800386428833008,1078.0425071716309,4911.0559325783925,0.0,1
1,1,1,1,1,1,0,29,178.83482459063717,1.0,0,0.0113607681657801,0.0,1,0,0.91159475,0.08840525,678.8348245906371,0.08840525150299072,97.2457766532898,776.0806012439269,0.0,3
1,1,1,0,1,12,1,29,411.2434648388392,11.0,1,1.4243582671179709,1.4281096800746207,0,1,0.0039961934,0.9960038,2011.2434648388391,10.956041872501373,12051.64605975151,14062.88952459035,1.0,1
1,1,1,0,1,12,1,24,246.4266792923053,7.0,4,1.5254006728927731,1.5397247436260777,0,1,0.007124825,0.99287516,5146.426679292305,6.950126111507416,7645.138722658157,12791.565401950462,5.0,1
1,1,0,0,1,6,0,30,331.1810047587449,6.0,20,1.3887708721457468,1.3804591370624548,0,2,0.00034989597,0.9996501,22831.181004758746,5.997900724411011,6597.690796852112,29428.871801610858,0.0,0
0,1,0,0,1,6,1,29,7.728112614940784,6.0,2,3.1459634695465946,3.2251461814675606,0,2,0.0013789068,0.9986211,2707.728112614941,5.991726636886597,6590.899300575256,9298.627413190197,0.0,0
0,0,1,0,1,1,0,22,22.12369540101716,1.0,1,2.1189812921527684,1.2365222719414908,1,0,0.9995233,0.00047671795,1622.1236954010171,0.0004767179489135742,0.5243897438049316,1622.648085144822,0.0,3
0,1,0,0,1,12,0,35,204.91105811653188,12.0,2,2.7089485672906424,2.7159328811950485,0,1,0.00026691065,0.9997331,2904.911058116532,11.99679708480835,13196.476793289185,16101.387851405716,0.0,0
0,1,0,0,1,1,0,27,239.01883485936287,1.0,6,2.3977432114131925,2.5103230437588047,0,2,0.0019734812,0.9980265,7339.018834859363,0.9980264902114868,1097.8291392326355,8436.847974091997,0.0,0
0,1,0,0,1,12,1,30,195.43261996655656,12.0,5,2.6591229309323534,2.6804027337584646,0,1,7.641656e-05,0.9999236,6195.432619966557,11.999083042144775,13198.991346359253,19394.42396632581,0.0,0
1,1,0,0,1,6,0,31,154.2929630970706,6.0,0,4.483104094215665,4.294358955653413,0,2,0.030630292,0.9693697,654.2929630970706,5.816218256950378,6397.840082645416,7052.1330457424865,0.0,0
0,1,1,1,1,12,0,32,185.85289320242543,6.0,2,2.361846303017435,2.405736084207454,0,1,0.001532148,0.99846786,2885.8528932024255,5.9908071756362915,6589.887893199921,9475.740786402346,6.0,1
1,1,1,1,1,12,1,24,225.38947395892288,12.0,6,1.0458160898068205,0.9626700286475816,0,1,0.00021100072,0.999789,7325.389473958923,11.997467994689941,13197.214794158936,20522.60426811786,0.0,1
0,1,1,1,1,12,1,32,389.3748946998128,12.0,4,0.8424262006108267,0.9071758443915262,0,1,0.00018383995,0.9998162,5289.374894699813,11.997794151306152,13197.573566436768,18486.94846113658,0.0,1
0,1,1,1,1,1,1,28,172.6354349846669,1.0,5,0.9183032942191054,0.8413566016638754,0,0,0.000984936,0.9990151,6172.635434984667,0.9990150928497314,1098.9166021347046,7271.552037119372,0.0,1
1,1,0,0,1,1,0,32,257.3665206350924,1.0,1,1.4985541415281078,1.4612251464449766,0,0,0.17797698,0.82202303,1857.3665206350925,0.8220230340957642,904.2253375053406,2761.591858140433,0.0,3
0,1,1,0,1,6,1,27,279.6888597478946,5.0,1,1.5413706007973484,1.4836265208892472,0,0,0.16061379,0.8393862,1879.6888597478946,4.1969311237335205,4616.624236106873,6496.313095854767,1.0,1
0,1,0,1,1,1,1,24,65.82524598034601,1.0,1,0.7707929498309957,0.5621691900196479,1,0,0.9822811,0.017718911,1665.825245980346,0.017718911170959473,19.49080228805542,1685.3160482684013,0.0,3
1,1,1,1,0,12,0,27,197.5880401349397,12.0,3,0.7609446245880402,0.5039833038918189,0,3,0.0041375267,0.9958625,3997.5880401349395,11.950349807739258,13145.384788513184,17142.972828648122,0.0,2
0,1,0,1,1,1,0,32,129.4322773197114,1.0,1,3.088049962555825,3.2088332465015004,0,2,0.022061082,0.9779389,1729.4322773197114,0.9779388904571533,1075.7327795028687,2805.16505682258,0.0,0
0,1,0,0,1,6,0,31,144.69053242240662,5.0,5,1.6699497666451877,1.7005920967673231,0,2,0.0010457798,0.99895424,6144.690532422406,4.994771182537079,5494.248300790787,11638.938833213193,1.0,0
1,1,0,0,1,1,0,29,100.86158120085037,1.0,1,1.6314068774410715,1.5918828157762008,1,0,0.7504936,0.24950641,1700.8615812008504,0.249506413936615,274.4570553302765,1975.318636531127,0.0,3
0,1,0,0,0,1,0,28,143.69588818358375,1.0,15,3.4051169418090708,3.364224411439716,0,3,0.00025398078,0.999746,17143.695888183585,0.9997460246086121,1099.7206270694733,18243.41651525306,0.0,2
0,0,0,0,1,1,0,22,165.2981709484678,1.0,0,0.7543599139935114,0.5780561895854373,1,0,0.99371135,0.0062886477,665.2981709484678,0.006288647651672363,6.9175124168396,672.2156833653074,0.0,3
1,1,0,0,1,1,0,33,209.9889543581675,1.0,3,0.0,0.0,0,0,0.058457967,0.941542,4009.9889543581676,0.9415420293807983,1035.6962323188782,5045.685186677046,0.0,3
1,1,0,0,1,1,1,29,38.38471552065799,1.0,7,2.676649685173261,2.4458049973228264,0,2,0.0025204325,0.99747956,8238.384715520659,0.9974795579910278,1097.2275137901306,9335.61222931079,0.0,0
1,0,0,0,1,1,0,31,12.146273821023115,1.0,6,2.641608277502834,2.71553497372709,0,2,0.002465193,0.9975348,7112.146273821023,0.9975348114967346,1097.288292646408,8209.434566467431,0.0,0
0,1,0,0,0,12,0,31,276.253985110879,9.0,13,2.670232820803668,2.78437640325041,0,3,5.566244e-05,0.9999443,15076.25398511088,8.999498963356018,9899.44885969162,24975.7028448025,3.0,2
1,1,1,1,1,6,0,25,320.3253834993108,6.0,1,2.4992933131572475,2.3424557939109127,0,1,0.11309516,0.88690484,1920.3253834993109,5.321429014205933,5853.571915626526,7773.897299125837,0.0,1
0,1,0,0,1,1,0,32,15.7904713206799,1.0,2,2.3675668618046783,0.8346621681853337,1,0,0.998013,0.0019869804,2715.79047132068,0.001986980438232422,2.185678482055664,2717.9761498027356,0.0,3
0,1,1,1,1,12,1,27,148.0528286993884,9.0,4,2.4067189044853268,2.3441098786171017,0,1,0.0003112069,0.9996888,5048.052828699389,8.99719923734665,9896.919161081314,14944.971989780703,3.0,1
0,1,1,1,1,1,1,24,132.3456694795097,1.0,1,2.1927093840985017,1.129857859442232,1,0,0.9990368,0.00096321106,1732.3456694795098,0.0009632110595703125,1.0595321655273438,1733.405201645037,0.0,1
1,0,1,0,1,1,0,32,157.34053875806228,1.0,6,1.729395600921472,1.7012781802193446,0,0,0.0026824165,0.9973176,7257.340538758062,0.9973176121711731,1097.0493733882904,8354.389912146353,0.0,3
1,1,0,0,1,6,0,28,0.4340871188524461,6.0,3,1.981469192489559,2.1242357205049403,0,2,0.06526303,0.93473697,3800.4340871188524,5.608421802520752,6169.263982772827,9969.69806989168,0.0,3
1,1,1,0,0,1,1,28,166.8162897230476,1.0,3,3.1651748149059387,3.138332436352985,0,3,0.0061373883,0.9938626,3966.8162897230477,0.9938626289367676,1093.2488918304443,5060.065181553492,0.0,2
1,1,1,1,1,1,0,35,114.21021927529844,1.0,10,0.2142344804815643,0.2101165626539935,0,0,0.003938674,0.9960613,11614.2102192753,0.9960613250732422,1095.6674575805664,12709.877676855866,0.0,1
0,0,1,1,1,1,0,33,17.867481013521505,1.0,9,1.1199591424925206,1.1139186851744307,0,0,0.01041104,0.989589,10417.867481013522,0.9895889759063721,1088.5478734970093,11506.415354510531,0.0,3
1,1,0,0,1,1,0,27,106.92192797972086,1.0,10,1.4471175942593395,1.6286433839032397,0,0,0.017459532,0.9825405,11606.921927979722,0.982540488243103,1080.7945370674133,12687.716465047135,0.0,3
1,1,1,1,1,1,1,23,92.61433804487112,1.0,0,1.0192974513063902,0.9675767804993064,1,0,0.92157125,0.078428745,592.6143380448711,0.07842874526977539,86.27161979675293,678.8859578416241,0.0,3
0,1,0,0,1,6,0,30,113.12767610499156,5.0,2,2.2049673943325114,2.3013993469212366,0,2,0.015189391,0.9848106,2813.1276761049917,4.924052953720093,5416.458249092102,8229.585925197094,1.0,0
1,1,0,0,0,1,1,31,103.2743596881186,1.0,4,1.7796134328158568,1.7300128846324143,0,3,0.016861742,0.98313826,5003.274359688118,0.9831382632255554,1081.452089548111,6084.726449236229,0.0,2
0,1,1,1,1,6,1,33,126.26341337702615,5.0,12,2.346198909197937,2.501319643285444,0,1,0.00032486639,0.99967515,13826.263413377026,4.998375773429871,5498.213350772858,19324.476764149884,1.0,1
1,1,0,0,1,1,1,30,43.91593539797858,1.0,4,1.0050500217824598,0.948592751817799,0,0,0.11981461,0.88018537,4943.9159353979785,0.8801853656768799,968.2039022445679,5912.119837642546,0.0,3
1,1,1,0,1,12,0,31,13.47943764346448,7.0,4,2.337338967381488,2.300422886063624,0,1,0.004044782,0.9959552,4913.479437643465,6.971686601638794,7668.855261802673,12582.334699446139,5.0,1
1,1,0,0,1,12,0,29,53.83386289557243,11.0,3,2.1807252448046084,2.3352719553664576,0,1,0.0033985628,0.99660146,3853.8338628955726,10.962616086006165,12058.877694606781,15912.711557502353,1.0,0
1,1,0,0,1,6,1,31,165.51471484004566,6.0,1,0.1429132259084804,0.0812464807752122,0,0,0.02181367,0.9781863,1765.5147148400456,5.869117856025696,6456.029641628265,8221.544356468312,0.0,3
1,1,1,1,1,1,1,26,247.7465935470901,1.0,1,0.0,0.1355223557212196,0,0,0.16643932,0.8335607,1847.74659354709,0.8335607051849365,916.9167757034302,2764.66336925052,0.0,3
1,1,1,0,1,6,0,27,63.780804955952505,6.0,4,1.2886055034862518,1.15981864626671,0,0,0.06888947,0.9311105,4963.780804955953,5.586663007736206,6145.329308509827,11109.11011346578,0.0,3
0,1,1,0,1,6,1,34,61.72677815132816,5.0,6,2.544738359898256,2.565071508292593,0,2,0.00021719416,0.9997828,7161.726778151328,4.998914003372192,5498.805403709412,12660.53218186074,1.0,0
1,1,0,1,1,1,1,27,81.8440498585637,1.0,0,1.223972334302892,0.3333885851868579,1,0,0.9998393,0.00016069412,581.8440498585637,0.00016069412231445312,0.17676353454589844,582.0208133931096,0.0,3
0,0,1,0,1,1,1,32,13.105705833685574,1.0,0,2.119595771009827,1.7012824129033173,1,0,0.93397933,0.06602067,513.1057058336855,0.066020667552948,72.6227343082428,585.7284401419283,0.0,3
0,1,1,0,1,12,1,24,202.9331817440529,12.0,7,0.7873345147309261,0.7788179399668653,0,1,9.962234e-05,0.9999004,8402.933181744052,11.998804807662964,13198.68528842926,21601.618470173315,0.0,1
1,1,1,1,1,6,1,31,124.3214760763662,6.0,2,1.5016248416893978,1.5973166801296084,0,1,0.0036575538,0.9963424,2824.3214760763663,5.978054523468018,6575.859975814819,9400.181451891185,0.0,1
1,1,1,1,1,12,1,29,44.36622144243327,10.0,1,1.8608864891888297,1.5280465993070464,1,1,0.7741425,0.2258575,1644.3662214424332,2.258574962615967,2484.4324588775635,4128.7986803199965,2.0,1
0,1,0,0,1,1,1,33,89.52712690719872,1.0,6,2.3825815846502185,2.4044263207155283,0,2,0.0005406896,0.9994593,7189.527126907199,0.9994593262672424,1099.4052588939667,8288.932385801167,0.0,0
0,0,0,0,1,1,0,27,45.92137148644336,1.0,1,1.3019546019382398,0.9374313062149534,1,0,0.9730699,0.026930094,1645.9213714864434,0.02693009376525879,29.623103141784668,1675.544474628228,0.0,3
1,1,0,0,1,1,0,31,13.957451491443097,1.0,3,1.430031961751067,0.6685113311159212,1,0,0.99178994,0.008210063,3813.957451491443,0.008210062980651855,9.031069278717041,3822.98852077016,0.0,3
0,1,0,0,0,6,0,31,26.857082657979944,6.0,1,1.923031274766538,1.08669234301599,1,3,0.8592759,0.14072412,1626.8570826579798,0.8443447351455688,928.7792086601257,2555.6362913181056,0.0,2
1,1,0,0,1,12,1,30,185.4852607368476,12.0,3,0.4965242277494788,0.6088987843885196,0,1,0.0009337181,0.9990663,3985.4852607368475,11.988795518875122,13187.675070762634,17173.160331499483,0.0,3
1,1,1,1,1,12,0,31,257.90740421077544,8.0,1,4.565135727743339,4.594345938259688,0,1,0.0008558134,0.9991442,1857.9074042107754,7.9931535720825195,8792.468929290771,10650.376333501546,4.0,1
0,1,1,1,1,12,1,33,51.89794008366663,12.0,3,0.2506385941208093,0.2020855192919996,0,1,0.0010827421,0.9989173,3851.8979400836665,11.98700737953186,13185.708117485046,17037.60605756871,0.0,1
0,1,1,0,0,6,1,30,118.69924604499602,6.0,2,1.5875075638153926,1.4133071873290004,0,3,0.047440667,0.95255935,2818.699246044996,5.715356111526489,6286.891722679138,9105.590968724135,0.0,2
0,1,1,1,1,1,0,30,45.95907957477971,1.0,5,3.4688680718781413,3.382426486247132,0,2,0.0010920917,0.9989079,6045.95907957478,0.9989079236984253,1098.7987160682678,7144.757795643048,0.0,0
1,0,0,0,1,1,0,29,183.5302597110648,1.0,6,0.6698823615177414,0.7039625295385075,0,0,0.0015943615,0.99840564,7283.530259711065,0.9984056353569031,1098.2461988925934,8381.776458603657,0.0,3
1,1,1,1,1,12,0,27,152.7697924693581,11.0,12,2.1447709552470613,2.136519077009717,0,1,0.00010525398,0.99989474,13852.769792469358,10.998842120170593,12098.726332187653,25951.49612465701,1.0,1
1,1,0,1,0,6,1,32,150.3640478291993,3.0,2,1.6508233364910487,1.6503167574254858,0,3,0.0014635448,0.99853647,2850.364047829199,2.995609402656555,3295.1703429222107,6145.53439075141,3.0,2
1,1,0,0,1,1,0,32,261.92302889580867,1.0,9,3.086215422483173,3.0270965467085653,0,2,0.0017553412,0.99824464,10661.923028895808,0.9982446432113647,1098.0691075325012,11759.99213642831,0.0,0
1,1,1,0,1,12,0,33,384.6065486110849,12.0,1,2.2151703152355853,2.2511991772200823,0,1,0.0005305578,0.99946946,1984.606548611085,11.993633508682251,13192.996859550476,15177.603408161562,0.0,1
0,1,0,0,1,1,1,24,18.705186956484308,1.0,1,2.075946756390618,1.0676565480856066,1,0,0.99910223,0.00089776516,1618.7051869564843,0.0008977651596069336,0.987541675567627,1619.692728632052,0.0,3
1,1,0,0,0,12,1,28,369.1316265019199,12.0,7,2.964377993373569,2.8181027954397995,0,3,2.8722941e-05,0.9999713,8569.13162650192,11.99965524673462,13199.620771408081,21768.75239791,0.0,2
1,1,0,0,1,1,1,28,17.100537871256563,1.0,1,2.048010812213916,2.289283201635549,1,2,0.7223955,0.27760452,1617.1005378712566,0.27760452032089233,305.36497235298157,1922.4655102242382,0.0,0
0,1,1,1,0,1,0,29,226.16019771976872,1.0,2,2.2902975724897723,2.3338554035908405,0,3,0.039835956,0.96016407,2926.160197719769,0.9601640701293945,1056.180477142334,3982.340674862103,0.0,2
1,0,1,0,1,6,0,27,148.6901643635804,5.0,5,1.24828711262733,1.0510459480703565,0,0,0.009359974,0.99064004,6148.69016436358,4.9532002210617065,5448.520243167877,11597.210407531456,1.0,3
0,1,1,0,1,6,0,30,92.025680895226,6.0,1,1.648646859968436,1.6001965945310537,0,0,0.078194804,0.9218052,1692.025680895226,5.530831217765808,6083.914339542389,7775.940020437615,0.0,3
0,1,1,1,1,1,0,27,147.0941065086934,1.0,0,0.4010557537959718,0.0,1,0,0.9981914,0.0018085837,647.0941065086934,0.0018085837364196777,1.9894421100616455,649.083548618755,0.0,3
0,1,0,0,1,1,1,28,65.93002818229921,1.0,1,2.0296091099554805,1.6916320981125283,1,0,0.94131744,0.05868256,1665.930028182299,0.05868256092071533,64.55081701278687,1730.480845195086,0.0,3
1,1,0,1,1,1,1,30,132.3067807372397,1.0,6,3.606000876694341,3.473234319390589,0,2,0.0006769677,0.999323,7232.30678073724,0.9993230104446411,1099.2553114891052,8331.562092226344,0.0,0
0,0,1,1,1,12,0,30,25.546786355178284,12.0,2,3.0654234171636943,2.916888599196331,0,1,0.002614588,0.9973854,2725.5467863551785,11.968624591827393,13165.487051010132,15891.03383736531,0.0,1
0,1,0,0,1,12,0,27,153.68460387362552,9.0,6,2.247282208352357,2.2515508869035425,0,1,0.00015549839,0.9998445,7253.684603873626,8.998600423336029,9898.460465669632,17152.145069543258,3.0,0
1,1,0,0,1,1,0,32,120.4917827941534,1.0,2,1.6005962545324968,1.5163648675577102,0,0,0.14478715,0.85521287,2820.4917827941536,0.8552128672599792,940.7341539859772,3761.2259367801307,0.0,3
0,1,0,0,1,1,0,28,455.1732253763528,1.0,5,2.09235322101106,2.1545558049519484,0,2,0.00032432235,0.9996757,6455.173225376353,0.9996756911277771,1099.6432602405548,7554.816485616908,0.0,0
1,1,1,1,1,1,0,26,145.05290801158662,1.0,14,2.8811273939619864,2.763517419897812,0,2,0.0015425223,0.9984575,16045.052908011587,0.9984574913978577,1098.3032405376434,17143.356148549232,0.0,1
0,1,1,1,0,1,1,28,152.93069969851436,1.0,1,1.1935781993320562,1.2734579309929914,0,3,0.124415316,0.87558466,1752.9306996985144,0.8755846619606018,963.143128156662,2716.073827855176,0.0,2
0,1,1,1,1,1,0,28,159.25357169001097,1.0,3,3.171736422076698,3.1570333824577865,0,2,0.0032019536,0.99679804,3959.253571690011,0.996798038482666,1096.4778423309326,5055.731414020944,0.0,1
1,1,1,0,1,12,1,34,153.79869535835502,12.0,0,1.2952668650885268,1.134766999366593,0,1,0.030564513,0.9694355,653.798695358355,11.633226156234741,12796.548771858215,13450.34746721657,0.0,1
0,1,1,0,1,12,0,32,29.308459284738746,10.0,3,1.471177350038301,1.4909126652315552,0,1,0.001857311,0.99814266,3829.3084592847385,9.98142659664154,10979.569256305695,14808.877715590434,2.0,1
1,1,0,0,1,1,1,28,182.2511956616817,1.0,6,1.581349539132442,1.6925144180552476,0,2,0.0007620818,0.9992379,7282.251195661682,0.9992378950119019,1099.161684513092,8381.412880174774,0.0,3
1,1,0,0,0,1,0,30,257.9154473055558,1.0,3,3.256975984310301,3.2959216496325685,0,3,0.0028920686,0.9971079,4057.915447305556,0.9971079230308533,1096.8187153339386,5154.734162639495,0.0,2
0,1,1,1,1,12,1,35,261.87547738149163,12.0,3,2.384476224037676,2.295619796246039,0,1,0.00026514078,0.9997349,4061.8754773814917,11.996818542480469,13196.500396728516,17258.375874110006,0.0,1
1,1,1,0,1,1,0,30,149.79085970430452,1.0,3,0.9048183308924528,0.8657475904351241,0,0,0.053640984,0.94635904,3949.7908597043047,0.9463590383529663,1040.994942188263,4990.785801892567,0.0,3
1,1,1,1,1,12,0,31,23.89303825694245,7.0,6,3.478646356624858,2.272774967251517,1,1,0.70666003,0.29333997,7123.893038256942,2.053379774093628,2258.7177515029907,9382.610789759932,5.0,1
1,1,0,0,1,6,1,33,40.008250217354494,6.0,2,1.3625099464012635,1.3358409511532778,0,0,0.005899947,0.99410003,2740.0082502173545,5.964600205421448,6561.0602259635925,9301.068476180946,0.0,3
1,1,1,0,1,1,0,27,20.1207124209958,1.0,9,2.2307096512626154,2.169468298671794,0,2,0.0062628714,0.9937371,10420.120712420996,0.9937371015548706,1093.1108117103577,11513.231524131354,0.0,0
0,1,0,0,1,1,1,25,209.085262301992,1.0,0,1.7948382552522626,1.7069446972219051,1,0,0.90247667,0.09752333,709.085262301992,0.09752333164215088,107.27566480636597,816.3609271083579,0.0,3
1,0,1,0,1,1,0,34,98.41828194852472,1.0,1,2.844135683125625,2.9656507813698747,0,2,0.07134554,0.92865443,1698.4182819485247,0.9286544322967529,1021.5198755264282,2719.938157474953,0.0,0
0,1,1,0,1,12,1,31,44.21156334269697,11.0,1,3.2254822477974487,3.2093031024991965,0,1,0.001569428,0.99843055,1644.211563342697,10.982736051082611,12081.009656190872,13725.221219533569,1.0,0
1,1,0,0,1,6,0,27,50.02462888290405,6.0,2,2.826340222125193,2.932441595726681,0,2,0.016434366,0.9835656,2750.024628882904,5.90139377117157,6491.533148288727,9241.55777717163,0.0,0
1,1,0,0,1,6,1,32,181.5337244754473,6.0,3,2.957932555198516,3.204947640740605,0,2,0.00207765,0.99792236,3981.5337244754473,5.987534165382385,6586.287581920624,10567.821306396072,0.0,0
1,1,1,1,1,6,1,28,311.84463570735056,6.0,2,2.817798849085269,2.8224749630707704,0,1,0.00087221665,0.9991278,3011.844635707351,5.99476683139801,6594.243514537811,9606.088150245163,0.0,1
0,1,0,0,1,1,0,24,140.12753386679398,1.0,1,1.182957940235344,1.134268767794481,1,0,0.8430937,0.1569063,1740.127533866794,0.15690630674362183,172.596937417984,1912.724471284778,0.0,3
1,0,1,0,1,1,0,30,117.492052047163,1.0,4,1.3416817976837754,1.4559205154221502,0,0,0.027757145,0.97224283,5017.492052047163,0.9722428321838379,1069.4671154022217,6086.959167449385,0.0,3
0,1,0,0,1,6,0,29,175.18196694176956,5.0,4,2.402545025772012,2.308112067585444,0,2,0.0018395388,0.9981605,5075.181966941769,4.9908024072647095,5489.88264799118,10565.06461493295,1.0,0
0,0,1,0,1,1,0,31,89.53706164603625,1.0,7,1.626797146046976,1.5726310612677157,0,0,0.011876444,0.98812354,8289.537061646037,0.9881235361099243,1086.9358897209167,9376.472951366954,0.0,3
0,1,1,1,1,1,1,34,40.92645527181149,1.0,4,3.34121775109771,3.3057677349739314,0,2,0.0010689757,0.99893105,4940.926455271811,0.9989310503005981,1098.824155330658,6039.750610602469,0.0,1
0,0,0,0,1,1,0,32,329.32487074299604,1.0,3,3.4368416206153185,3.332887314068666,0,2,0.00030280504,0.9996972,4129.324870742996,0.999697208404541,1099.6669292449951,5228.991799987991,0.0,0
0,1,0,0,1,1,1,27,126.4448829509528,1.0,6,4.1576840887576765,4.334724232725339,0,2,0.00051979267,0.9994802,7226.444882950953,0.9994801878929138,1099.4282066822052,8325.873089633158,0.0,0
0,1,1,0,1,6,1,31,159.62283673054998,6.0,5,1.1713833293981208,1.1510847812414955,0,1,0.00042330226,0.9995767,6159.62283673055,5.997460126876831,6597.206139564514,12756.828976295064,0.0,1
0,1,1,0,1,12,0,28,160.80227941855563,9.0,5,1.9161710662221945,1.957780534420434,0,1,0.00017871482,0.9998213,6160.802279418555,8.99839174747467,9898.230922222137,16059.033201640694,3.0,1
1,1,0,0,1,12,0,30,40.56140610026554,12.0,4,0.7432522006132656,0.7154855163783762,0,1,0.0021622046,0.9978378,4940.561406100265,11.974053382873535,13171.458721160889,18112.020127261152,0.0,3
0,0,0,0,1,6,1,29,147.89097396334822,6.0,4,2.8723866992382683,2.6873098743510733,0,2,0.0008418971,0.9991581,5047.890973963348,5.994948506355286,6594.443356990814,11642.334330954163,0.0,0
0,1,0,0,0,12,0,29,193.22458244891268,12.0,2,1.9573174462404004,1.8239565295126208,0,3,0.006857939,0.99314207,2893.2245824489128,11.917704820632935,13109.475302696228,16002.69988514514,0.0,2
1,1,0,0,1,1,0,33,128.7997304315177,1.0,1,1.1695487720366096,0.9999351892003812,0,0,0.28977826,0.71022177,1728.7997304315177,0.7102217674255371,781.2439441680908,2510.0436745996085,0.0,3
0,1,0,0,1,6,1,27,143.74639032644194,6.0,3,2.503873678295606,2.5071978192990807,0,2,0.006255818,0.9937442,3943.746390326442,5.962465167045593,6558.711683750153,10502.458074076594,0.0,0
1,1,0,0,1,6,0,31,167.300527959547,6.0,2,1.379044454933877,1.4389245797310484,0,0,0.015509704,0.9844903,2867.300527959547,5.906941652297974,6497.635817527771,9364.936345487318,0.0,3
1,1,0,0,1,1,0,25,79.194168262276,1.0,2,1.0958799594857622,1.7415387056837188,1,0,0.97347486,0.02652514,2779.194168262276,0.026525139808654785,29.177653789520264,2808.3718220517962,0.0,3
0,1,1,1,1,1,0,28,34.672963274148,1.0,1,0.2845234523311619,0.0,1,0,0.9936907,0.006309271,1634.672963274148,0.0063092708587646484,6.940197944641113,1641.6131612187892,0.0,3
0,1,1,1,1,6,0,25,156.5842158891444,6.0,0,2.2341667896253834,2.5358202980310027,0,1,0.47917002,0.52083,656.5842158891444,3.124979853630066,3437.4778389930725,4094.062054882217,0.0,1
0,1,0,0,1,1,0,27,115.80088265036832,1.0,1,1.0291528420091134,0.0,1,0,0.9994742,0.0005257726,1715.8008826503683,0.0005257725715637207,0.5783498287200928,1716.3792324790884,0.0,3
1,1,0,0,1,1,0,26,164.0971687621719,1.0,0,1.5853742896676108,0.9914334052528352,1,0,0.99862075,0.0013792515,664.0971687621719,0.001379251480102539,1.517176628112793,665.6143453902847,0.0,3
1,0,0,0,1,12,0,30,98.93377584614878,11.0,4,0.2022164269046158,0.3362446187629551,0,0,0.0007148437,0.99928516,4998.933775846149,10.992136776447296,12091.350454092026,17090.284229938174,1.0,3
0,1,0,0,1,1,1,33,187.0758927783764,1.0,2,1.8708075911084083,1.6880617810115826,0,2,0.20069973,0.79930025,2887.0758927783763,0.7993002533912659,879.2302787303925,3766.306171508769,0.0,0
0,0,0,0,1,1,0,27,101.23116510035663,1.0,2,3.603757116286845,3.4209608670191884,0,2,0.011069628,0.98893034,2801.2311651003565,0.988930344581604,1087.8233790397644,3889.054544140121,0.0,0
1,1,1,1,1,1,0,32,51.576585480532245,1.0,12,2.719147691325012,2.8779875023716164,0,2,0.0010512763,0.99894875,13751.576585480532,0.9989487528800964,1098.843628168106,14850.420213648638,0.0,1
0,1,0,0,1,1,1,28,89.2262372962052,1.0,1,1.5298989110293597,1.5006421407835466,0,0,0.66763866,0.33236134,1689.2262372962052,0.3323613405227661,365.5974745750427,2054.8237118712477,0.0,3
1,1,0,0,1,1,1,25,41.60776777399487,1.0,1,2.893103844802173,2.81360202088143,0,2,0.6540989,0.34590107,1641.607767773995,0.3459010720252991,380.491179227829,2022.098947001824,0.0,0
1,1,1,1,1,12,0,29,205.985294394402,12.0,4,4.077632308126264,3.8968597400207288,0,1,9.3327304e-05,0.99990666,5105.985294394402,11.99887990951538,13198.767900466919,18304.75319486132,0.0,1
1,1,0,1,1,1,1,28,133.3190627011547,1.0,2,0.8896108892105816,0.7907611807976982,0,0,0.1449601,0.8550399,2833.3190627011545,0.8550398945808411,940.5438840389252,3773.8629467400797,0.0,3
0,0,1,0,1,1,0,25,230.1676463294368,1.0,0,1.9316308752303444,1.7567012395782122,1,0,0.99218106,0.007818937,730.1676463294368,0.007818937301635742,8.600831031799316,738.7684773612361,0.0,3
0,1,1,0,1,1,0,26,210.06113437303415,1.0,1,1.3459348109430542,1.4719123241707208,1,0,0.67224985,0.32775015,1810.061134373034,0.32775014638900757,360.5251610279083,2170.5862954009426,0.0,3
1,1,0,1,1,6,0,27,89.59568360998544,6.0,9,3.8082568858202657,3.965069996243072,0,2,0.00018033931,0.99981964,10489.595683609985,5.998917818069458,6598.809599876404,17088.40528348639,0.0,0
1,1,1,1,1,12,0,30,184.2277468021257,12.0,11,3.629763287112119,3.5769715698998272,0,1,2.7069225e-05,0.99997294,12784.227746802126,11.999675273895264,13199.64280128479,25983.870548086918,0.0,1
1,1,1,1,1,6,0,27,4.441153749483568,6.0,3,2.282573899051163,2.229358365782773,0,1,0.027008118,0.9729919,3804.4411537494834,5.837951302528381,6421.7464327812195,10226.187586530703,0.0,1
1,1,0,0,1,6,0,26,157.48916119076657,6.0,2,1.6858694280319733,1.6977371880137415,0,0,0.068417884,0.9315821,2857.4891611907665,5.589492559432983,6148.441815376282,9005.930976567048,0.0,3
1,1,1,1,1,12,1,28,96.10546381943529,12.0,6,1.077655714999004,1.1013131867210308,0,1,0.00029265878,0.99970734,7196.1054638194355,11.996488094329834,13196.136903762817,20392.242367582254,0.0,1
1,1,1,1,1,6,0,27,124.28973204922536,5.0,1,1.2226512518339647,1.2868709986446312,0,0,0.16075155,0.8392484,1724.2897320492254,4.196242094039917,4615.866303443909,6340.156035493134,1.0,1
1,1,1,0,1,12,1,26,169.93331653447044,12.0,4,1.1182383354467291,1.1418787317648045,0,1,0.00029425297,0.99970573,5069.933316534471,11.996468782424927,13196.11566066742,18266.048977201892,0.0,1
0,0,0,0,1,6,1,32,150.81280902257126,6.0,4,2.127774567500952,2.09376023558467,0,2,0.0005187538,0.99948126,5050.812809022571,5.996887564659119,6596.5763211250305,11647.389130147601,0.0,0
1,1,0,0,1,12,1,27,176.1958415481284,12.0,1,1.7390573264419922,1.7187444048006113,0,1,0.046465274,0.9535347,1776.1958415481283,11.442416667938232,12586.658334732056,14362.854176280183,0.0,0
0,1,1,0,1,6,0,28,100.8154474215021,6.0,5,2.5593171540104045,2.544481017077044,0,2,0.00076554617,0.99923444,6100.8154474215025,5.995406627655029,6594.947290420532,12695.762737842035,0.0,0
0,1,1,1,1,12,0,29,174.89004397221638,12.0,10,2.5378831519288125,2.5516916788632127,0,1,5.924887e-05,0.99994075,11674.890043972217,11.99928903579712,13199.217939376831,24874.107983349048,0.0,1
1,1,0,0,1,1,0,30,13.37447848404922,1.0,1,2.5851683661284457,2.052163482652516,1,2,0.9282771,0.071722925,1613.3744784840492,0.07172292470932007,78.89521718025208,1692.2696956643013,0.0,0
1,1,0,0,1,1,1,35,164.4668461950556,1.0,7,1.2779018211693751,1.4088359683526417,0,2,0.0012509634,0.998749,8364.466846195055,0.9987490177154541,1098.6239194869995,9463.090765682055,0.0,0
1,1,1,0,1,1,0,27,155.7219615127469,1.0,5,2.1248137534503444,2.214722957930091,0,2,0.0037388876,0.9962611,6155.721961512747,0.9962611198425293,1095.8872318267822,7251.609193339529,0.0,0
0,1,1,1,0,12,1,27,73.76776298570985,12.0,11,0.0562895443739186,0.1038012639405185,0,3,0.0024817372,0.99751824,12673.76776298571,11.970218896865845,13167.24078655243,25841.00854953814,0.0,2
0,1,0,0,1,1,0,28,246.49808353969,1.0,1,0.1242749795613678,0.0,1,0,0.9667557,0.03324431,1846.49808353969,0.033244311809539795,36.568742990493774,1883.0668265301838,0.0,3
1,1,0,0,1,1,0,29,164.97010454678997,1.0,2,2.3595839684200577,2.4859194618255374,0,2,0.05631845,0.94368154,2864.97010454679,0.943681538105011,1038.049691915512,3903.019796462302,0.0,0
0,1,1,0,1,12,0,30,100.78718167984864,2.0,7,1.1844479637380934,1.4594422920062808,0,1,0.001488797,0.9985112,8300.787181679849,1.9970223903656006,2196.7246294021606,10497.51181108201,10.0,1
1,1,1,1,1,12,1,27,305.4156023174984,12.0,2,2.3033238171122083,2.196795629309196,0,1,0.0011936896,0.9988063,3005.4156023174983,11.985675573348999,13184.243130683899,16189.658733001397,0.0,1
1,1,0,0,1,1,1,25,188.08137918542343,1.0,2,1.664022654131193,1.4767390280086168,0,0,0.39642304,0.60357696,2888.0813791854234,0.6035769581794739,663.9346539974213,3552.0160331828447,0.0,3
0,1,1,1,1,1,1,26,47.88344717071824,1.0,1,1.8217921782187787,1.7146472452823731,1,0,0.8405996,0.1594004,1647.8834471707182,0.15940040349960327,175.3404438495636,1823.2238910202818,0.0,1
1,0,0,0,1,1,0,26,136.6902598094783,1.0,2,1.5265702215320136,0.7713156688780982,1,0,0.99092484,0.009075165,2836.6902598094784,0.009075164794921875,9.982681274414062,2846.6729410838925,0.0,3
0,1,0,0,1,1,1,29,154.93646554913738,1.0,1,2.4081097039540484,2.2751679444783743,0,2,0.6736653,0.3263347,1754.9364655491374,0.32633471488952637,358.968186378479,2113.904651927616,0.0,0
1,1,0,0,1,6,1,37,205.6317507422044,5.0,2,1.4006895160194557,1.614663052319146,0,2,0.006457619,0.9935424,2905.6317507422045,4.967711865901947,5464.483052492142,8370.114803234346,1.0,0
0,1,1,0,1,1,1,31,142.2705781655385,1.0,2,0.7534697786474753,0.8862774874492629,0,0,0.14529823,0.85470176,2842.2705781655386,0.8547017574310303,940.1719331741333,3782.442511339672,0.0,3
1,0,0,0,1,1,0,28,56.823615287203424,1.0,15,0.7946581486700692,0.8391854683375326,0,0,0.016217174,0.9837828,17056.823615287205,0.9837828278541565,1082.1611106395721,18138.984725926777,0.0,3
0,1,1,0,1,1,0,30,12.507381734421164,1.0,2,2.8151550626480044,2.694309222271049,0,2,0.047064476,0.9529355,2712.507381734421,0.952935516834259,1048.229068517685,3760.736450252106,0.0,0
1,1,0,0,1,1,0,33,143.29041000576166,1.0,4,2.0039389937538306,1.8122086616714008,0,2,0.046992917,0.9530071,5043.290410005761,0.9530071020126343,1048.3078122138977,6091.598222219659,0.0,0
1,1,0,0,1,1,0,29,249.58222417759785,1.0,0,0.7703324959964211,0.0,1,0,0.99862313,0.0013768673,749.5822241775978,0.0013768672943115234,1.5145540237426758,751.0967782013405,0.0,3
1,1,0,0,1,1,0,32,230.77080716892505,1.0,4,3.808449164022232,3.681438731791783,0,2,0.00058576185,0.99941427,5130.770807168925,0.9994142651557922,1099.3556916713715,6230.126498840296,0.0,0
1,1,1,0,0,1,0,29,1.7676540990848082,1.0,2,0.99218561264011,1.3507352206240784,1,3,0.8435743,0.15642571,2701.7676540990847,0.15642571449279785,172.06828594207764,2873.8359400411623,0.0,2
0,1,1,1,1,6,0,31,144.82199315812056,6.0,1,0.4684558608553713,0.487837668559983,0,0,0.0066685327,0.9933315,1744.8219931581207,5.959988951683044,6555.987846851349,8300.80984000947,0.0,1
1,1,1,0,1,1,0,24,8.589786393163562,1.0,8,3.2472787085168684,3.3234914804077085,0,2,0.002848991,0.997151,9308.589786393164,0.9971510171890259,1096.8661189079285,10405.455905301093,0.0,0
0,1,1,0,1,12,1,30,110.76671569561417,12.0,1,2.203212032952786,2.309612649886539,0,1,0.015140104,0.9848599,1710.7667156956143,11.818318605422974,13000.150465965271,14710.917181660885,0.0,1
1,1,1,1,1,1,0,30,164.1453062156044,1.0,6,0.233330133376435,0.0745035128892108,0,0,0.0026478237,0.9973522,7264.145306215604,0.9973521828651428,1097.087401151657,8361.23270736726,0.0,3
1,1,0,0,1,1,0,33,160.0564055282076,1.0,6,2.373122152685329,2.3238887301580418,0,2,0.00053150585,0.9994685,7260.0564055282075,0.9994685053825378,1099.4153559207916,8359.471761449,0.0,0
1,0,0,0,1,6,1,30,176.74025965981343,5.0,8,0.8921670731474824,0.8963046036634554,0,0,0.00037560237,0.9996244,9476.740259659813,4.998121857643127,5497.93404340744,14974.674303067253,1.0,3
0,1,0,0,1,6,0,31,226.26363214079743,6.0,5,0.9269883808057956,0.7857467288403348,0,0,0.0019589877,0.99804103,6226.263632140797,5.988246202468872,6587.070822715759,12813.334454856556,0.0,3
0,1,0,0,1,1,0,29,11.70513852163944,1.0,0,0.6748434707154791,0.5677183361323095,1,0,0.89753366,0.102466345,511.70513852163947,0.10246634483337402,112.71297931671143,624.4181178383509,0.0,3
1,1,0,0,1,1,0,33,37.83689018898726,1.0,2,0.9234801635079252,0.8921662897867288,0,0,0.2953658,0.7046342,2737.836890188987,0.7046341896057129,775.0976085662842,3512.9344987552713,0.0,3
1,1,1,0,1,12,0,32,139.8009395134986,12.0,6,1.8522013814647955,1.7094796848122489,0,1,0.00071808044,0.99928194,7239.800939513499,11.99138331413269,13190.52164554596,20430.322585059457,0.0,1
1,1,0,0,1,1,0,28,265.68202331436567,1.0,1,1.3189789887365249,1.2650821004078656,0,0,0.2538585,0.7461415,1865.6820233143658,0.7461414933204651,820.7556426525116,2686.4376659668774,0.0,3
0,1,0,0,1,1,1,36,347.17776197883745,1.0,7,1.8462222194429645,1.914158694188078,0,2,0.00013228734,0.99986774,8547.177761978837,0.9998677372932434,1099.8545110225677,9647.032273001405,0.0,0
0,1,1,0,1,1,1,30,234.93065672083097,1.0,0,1.4694364960254662,1.2205043911149438,1,0,0.9146101,0.08538991,734.9306567208309,0.08538991212844849,93.92890334129333,828.8595600621243,0.0,3
0,1,0,0,1,1,1,31,151.13081781868527,1.0,1,2.2377894479572262,2.278971775520268,0,2,0.13696837,0.8630316,1751.1308178186853,0.8630316257476807,949.3347883224487,2700.4656061411342,0.0,0
0,1,0,0,1,1,0,32,49.62812067439511,1.0,1,2.4635360184575803,2.549751604468379,1,2,0.05266912,0.9473309,1649.6281206743952,0.947330892086029,1042.063981294632,2691.692101969027,0.0,0
1,1,1,1,0,6,1,32,69.49010100713531,5.0,2,1.2272220731406136,1.1685726622840993,0,3,0.0056855674,0.99431443,2769.4901010071353,4.971572160720825,5468.729376792908,8238.219477800043,1.0,2
1,1,0,0,1,1,0,30,115.13026809051144,1.0,1,0.7408261559821505,0.7333466343264258,0,0,0.34554192,0.65445805,1715.1302680905114,0.6544580459594727,719.9038505554199,2435.0341186459314,0.0,3
1,1,0,0,1,1,1,28,86.51448971003259,1.0,0,1.141406698593133,0.464967991702603,1,0,0.99829227,0.0017077327,586.5144897100326,0.0017077326774597168,1.8785059452056885,588.3929956552383,0.0,3
1,1,0,0,1,1,0,32,194.5799728501643,1.0,3,1.8186263406694945,1.8233382609430635,0,2,0.020646688,0.9793533,3994.5799728501643,0.9793533086776733,1077.2886395454407,5071.868612395605,0.0,0
1,0,1,1,1,6,0,31,4.596832680778192,5.0,8,1.733762896722641,1.7022359417560968,0,1,0.0024486715,0.9975513,9304.596832680778,4.987756609916687,5486.532270908356,14791.129103589134,1.0,1
0,1,1,0,1,12,0,35,101.42650543789676,11.0,4,1.1378121979978264,1.0898456413069464,0,1,0.00043008247,0.9995699,5001.426505437897,10.995268821716309,12094.79570388794,17096.222209325835,1.0,1
0,1,1,1,1,12,1,33,132.7898996701997,11.0,3,1.121427345337562,1.124147990900587,0,1,0.00019774119,0.99980223,3932.7898996701997,10.997824549674988,12097.607004642487,16030.396904312685,1.0,1
0,0,0,0,0,12,0,29,181.10997605886428,11.0,3,3.646066316674504,3.704629561648976,0,3,0.000159705,0.9998403,3981.109976058864,10.998243510723114,12098.067861795425,16079.17783785429,1.0,2
1,1,1,0,1,1,0,26,50.629126924833095,1.0,2,2.8922241604528764,2.224505710312076,1,2,0.97191226,0.028087735,2750.629126924833,0.028087735176086426,30.89650869369507,2781.525635618528,0.0,0
0,1,0,0,1,1,0,29,89.22618365195898,1.0,12,2.1647929508149075,2.130921492723582,0,2,0.0011838841,0.99881613,13789.22618365196,0.9988161325454712,1098.6977458000183,14887.923929451978,0.0,0
1,1,0,0,0,1,0,30,314.0111374683157,1.0,2,2.0984145758068347,2.1887378952175607,0,3,0.010126219,0.98987377,3014.0111374683156,0.9898737668991089,1088.8611435890198,4102.872281057335,0.0,2
1,1,0,0,1,1,0,32,137.8402323110118,1.0,8,2.792062390420474,2.9247885223168963,0,2,0.00091585465,0.9990842,9437.840232311011,0.9990841746330261,1098.9925920963287,10536.83282440734,0.0,0
0,1,0,0,1,1,1,26,115.21511192457191,1.0,3,1.2205671384889318,0.4672320537721172,1,0,0.98127705,0.018722951,3915.215111924572,0.018722951412200928,20.59524655342102,3935.810358477993,0.0,3
1,0,1,0,1,12,1,27,206.4796915840372,12.0,4,0.0,0.0,0,1,0.00114062,0.9988594,5106.479691584037,11.986312866210938,13184.944152832031,18291.42384441607,0.0,3
1,0,1,0,0,1,1,28,213.4818374315373,1.0,1,1.6727088894997162,1.0059759153474512,1,3,0.96799433,0.032005668,1813.4818374315373,0.0320056676864624,35.20623445510864,1848.688071886646,0.0,2
0,1,0,0,1,6,1,31,90.56782224393176,6.0,2,1.838823367306417,1.8798489208608784,0,2,0.009610955,0.99038905,2790.567822243932,5.942334294319153,6536.567723751068,9327.135545995,0.0,0
0,1,1,1,1,12,0,29,201.5191982683829,11.0,3,0.5458255375285577,0.6442678576399152,0,1,0.00062060123,0.9993794,4001.5191982683828,10.993173360824585,12092.490696907043,16094.009895175426,1.0,1
0,0,1,0,1,1,0,30,55.17748573787463,1.0,5,3.865717130785308,3.943235750348962,0,2,0.0009208272,0.99907917,6055.177485737875,0.999079167842865,1098.9870846271515,7154.1645703650265,0.0,0
1,1,0,0,1,6,1,28,176.9836787456749,6.0,5,2.651369065731952,2.7237589826652653,0,2,0.00027651805,0.9997235,6176.983678745675,5.998340964317322,6598.175060749054,12775.15873949473,0.0,0
1,0,1,0,0,1,0,31,99.650031957916,1.0,4,2.422482335346354,2.2551364613271585,0,3,0.115471445,0.8845286,4999.650031957916,0.8845285773277283,972.9814350605011,5972.631467018417,0.0,2
0,1,0,0,1,1,1,30,223.4321608636536,1.0,7,4.100222257878752,4.072150855451909,0,2,0.00024425192,0.99975574,8423.432160863653,0.9997557401657104,1099.7313141822815,9523.163475045934,0.0,0
1,1,1,1,1,1,0,30,171.3715874036377,1.0,2,3.183682639026433,3.2510068268447103,0,2,0.01236739,0.98763263,2871.371587403638,0.9876326322555542,1086.3958954811096,3957.7674828847476,0.0,0
1,1,0,0,0,1,1,29,49.92619769750689,1.0,1,1.3672948622452243,0.7038140220963489,1,3,0.99335206,0.0066479445,1649.926197697507,0.006647944450378418,7.31273889541626,1657.2389365929232,0.0,2
0,1,1,1,1,1,0,25,41.37666628689307,1.0,1,3.0357584827653223,3.43819554195691,1,2,0.8369672,0.16303283,1641.3766662868932,0.16303282976150513,179.33611273765564,1820.7127790245488,0.0,1
1,1,0,0,1,6,0,26,128.95598022357177,6.0,3,0.5378978904993618,0.0,1,0,0.90850675,0.09149325,3928.9559802235717,0.548959493637085,603.8554430007935,4532.811423224365,0.0,3
0,1,1,1,1,12,1,27,107.36167718802298,11.0,5,2.100094124953818,1.962459676148338,0,1,0.00022754744,0.9997724,6107.361677188023,10.997496724128723,12097.246396541595,18204.608073729618,1.0,1
0,1,1,1,1,12,0,33,209.586262826264,4.0,3,1.8578791127978,1.9026935723779843,0,1,0.0008052806,0.99919474,4009.586262826264,3.996778964996338,4396.456861495972,8406.043124322236,8.0,1
0,1,0,0,1,1,0,28,221.6635395326525,1.0,5,1.0238397465269224,0.8927792533920587,0,0,0.008980678,0.9910193,6221.663539532652,0.9910193085670471,1090.1212394237518,7311.784778956404,0.0,3
0,1,0,0,1,1,0,23,108.91900146135453,1.0,2,1.2505592041659683,0.1442248427150703,1,0,0.9995765,0.000423491,2808.9190014613546,0.0004234910011291504,0.46584010124206543,2809.3848415625966,0.0,3
1,1,1,0,1,12,1,31,199.3118396210017,9.0,1,1.9874736572054112,1.9685936155809831,0,1,0.021842433,0.9781576,1799.3118396210016,8.803418219089508,9683.760040998459,11483.07188061946,3.0,1
0,0,1,0,1,1,0,27,61.63468280206072,1.0,9,3.0354740005854524,2.882061943212022,0,2,0.0012634746,0.9987365,10461.634682802061,0.9987365007400513,1098.6101508140564,11560.244833616118,0.0,0
1,1,0,0,1,1,0,26,90.23184976967512,1.0,1,1.8448349754663216,0.9153967686402616,1,0,0.9983064,0.0016936064,1690.2318497696751,0.0016936063766479492,1.8629670143127441,1692.0948167839879,0.0,3
1,1,1,1,1,6,1,31,85.67188747728186,6.0,1,1.0095095546029431,0.7305756021959472,1,1,0.72356826,0.27643174,1685.6718874772819,1.6585904359817505,1824.4494795799255,3510.1213670572074,0.0,1
1,1,0,0,1,1,0,29,90.75213271520416,1.0,7,2.7056327585686626,2.605286972628569,0,2,0.0019074451,0.99809253,8290.752132715204,0.998092532157898,1097.9017853736877,9388.653918088892,0.0,0
1,1,0,0,1,1,1,26,6.501307219115383,1.0,4,2.3799778977884647,2.309796466741364,0,2,0.020549413,0.9794506,4906.501307219115,0.9794505834579468,1077.3956418037415,5983.8969490228565,0.0,0
1,0,0,0,1,1,0,27,145.5909591677639,1.0,17,2.3871676444464245,2.4471906539683133,0,2,0.0008840443,0.99911594,19345.590959167763,0.9991159439086914,1099.0275382995605,20444.618497467323,0.0,0
1,0,1,0,1,1,1,30,185.3448225500459,1.0,1,3.070075956849017,2.9710719527334817,1,2,0.45533973,0.5446603,1785.3448225500458,0.5446602702140808,599.1262972354889,2384.471119785535,0.0,0
1,1,1,1,0,6,0,37,297.668013660822,6.0,7,2.6633534661765883,2.9092344769623346,0,3,0.00011855204,0.99988145,8497.668013660823,5.9992886781692505,6599.2175459861755,15096.885559646998,0.0,2
1,1,1,1,1,12,0,33,172.7967813835641,10.0,6,2.1868481730652425,2.226153642470338,0,1,4.7526253e-05,0.9999525,7272.796781383564,9.99952495098114,10999.477446079254,18272.274227462818,2.0,1
1,1,0,0,1,1,1,26,222.291129488288,1.0,1,2.015302282081451,2.0972995772257343,0,2,0.5634867,0.4365133,1822.2911294882879,0.4365133047103882,480.164635181427,2302.455764669715,0.0,0
0,1,1,0,1,1,1,27,22.003879829883843,1.0,5,2.0293360111677874,1.9416626659069744,0,2,0.019445948,0.98055404,6022.003879829884,0.9805540442466736,1078.609448671341,7100.613328501225,0.0,3
1,1,0,0,1,1,0,28,37.89273246980474,1.0,0,0.9720134414409832,0.8689731482485616,1,0,0.9843052,0.015694797,537.8927324698047,0.015694797039031982,17.26427674293518,555.1570092127399,0.0,3
1,1,0,0,1,6,0,21,103.49669127175184,4.0,7,2.2110696821864178,2.0705312220868386,0,2,0.011407853,0.98859215,8303.496691271752,3.9543685913085938,4349.805450439453,12653.302141711205,2.0,0
1,1,1,1,1,12,0,32,175.85050096709577,12.0,5,2.086497406956334,2.176769611405601,0,1,6.8619614e-05,0.9999314,6175.850500967096,11.999176740646362,13199.094414710999,19374.944915678094,0.0,1
1,1,0,1,1,1,0,28,182.84417859983608,1.0,3,2.4287911155997635,2.4532154443349885,0,2,0.009894509,0.9901055,3982.844178599836,0.9901055097579956,1089.1160607337952,5071.960239333632,0.0,0
0,1,0,0,1,1,0,28,185.44328441548816,1.0,1,0.6593999065443248,0.8202805652075269,1,0,0.61286104,0.38713896,1785.443284415488,0.3871389627456665,425.85285902023315,2211.296143435721,0.0,3
1,1,0,1,1,1,1,28,67.03548209581632,1.0,2,1.5292381400793094,1.5672598775696291,0,0,0.2342373,0.7657627,2767.0354820958164,0.7657626867294312,842.3389554023743,3609.3744374981907,0.0,3
0,1,0,0,0,1,0,26,70.01014389183614,1.0,9,3.1718045795597005,3.194608003445764,0,3,0.0009464722,0.99905354,10470.010143891835,0.9990535378456116,1098.9588916301727,11568.969035522008,0.0,2
0,1,1,0,1,12,1,33,236.6661017522836,8.0,4,0.0399146135100574,0.1057341579332908,0,1,0.00027011297,0.9997299,5136.666101752284,7.997838973999023,8797.622871398926,13934.28897315121,4.0,1
0,1,0,0,1,1,1,33,149.99526069491017,1.0,0,0.3623935048740561,0.580038303548587,1,0,0.16743793,0.8325621,649.9952606949101,0.8325620889663696,915.8182978630066,1565.8135585579166,0.0,3
0,1,1,1,1,1,1,22,227.3578352043616,1.0,1,2.4213860906296785,2.244290540347959,1,2,0.9574109,0.042589128,1827.3578352043617,0.04258912801742554,46.84804081916809,1874.2058760235298,0.0,1
1,1,1,1,1,1,0,33,286.6569804994007,1.0,4,2.371806177668119,2.303929644613667,0,2,0.0023857222,0.99761426,5186.656980499401,0.9976142644882202,1097.3756909370422,6284.032671436443,0.0,1
1,1,1,0,1,6,0,24,117.1819370105985,6.0,1,1.5361029303498053,0.5940383848628197,1,0,0.99606764,0.003932357,1717.1819370105984,0.023594141006469727,25.9535551071167,1743.135492117715,0.0,3
0,1,0,0,1,1,0,32,178.32457623433967,1.0,0,2.066727470593747,0.7087582205051071,1,0,0.99936634,0.000633657,678.3245762343397,0.0006336569786071777,0.6970226764678955,679.0215989108076,0.0,3
1,1,1,0,1,1,0,30,20.10453620553253,1.0,1,1.7457715974135446,1.0952821571726183,1,0,0.9766244,0.02337557,1620.1045362055324,0.02337557077407837,25.713127851486206,1645.8176640570186,0.0,3
1,1,1,0,1,6,1,31,97.67744525363172,3.0,2,2.933274603059345,3.0115205390536266,0,2,0.0062258192,0.9937742,2797.6774452536315,2.9813225269317627,3279.454779624939,6077.132224878571,3.0,1
1,1,1,1,1,12,1,30,176.93182107957887,8.0,6,2.680127911865144,2.6536574969270643,0,1,0.00048631197,0.9995137,7276.931821079579,7.996109485626221,8795.720434188843,16072.652255268422,4.0,1
1,1,0,0,1,1,0,24,56.521768622486704,1.0,0,2.6668573891117857,2.287135295859948,1,2,0.99698097,0.0030190349,556.5217686224867,0.0030190348625183105,3.3209383487701416,559.8427069712568,0.0,3
0,1,0,0,1,12,0,34,45.30604136707112,12.0,2,0.0,0.0,0,1,0.0022402275,0.99775976,2745.306041367071,11.973117113113403,13170.428824424744,15915.734865791816,0.0,3
0,1,1,1,1,1,0,31,40.77010576445803,1.0,0,0.0,0.0,1,0,0.77630895,0.22369105,540.770105764458,0.22369104623794556,246.0601508617401,786.8302566261981,0.0,3
1,1,0,0,1,12,0,31,102.20121446556588,11.0,6,2.737145512476554,2.879737660535264,0,1,6.162609e-05,0.99993837,7202.2012144655655,10.999322056770325,12099.254262447357,19301.455476912924,1.0,0
0,1,1,1,1,12,0,26,67.41531683136465,10.0,8,1.964387404234936,1.9706300552497027,0,1,0.00019649285,0.9998035,9367.415316831364,9.998034834861755,10997.83831834793,20365.253635179295,2.0,1
0,1,0,0,1,1,0,29,314.77312204869384,1.0,3,2.2661781964044683,2.2611903325284595,0,2,0.0037843012,0.9962157,4114.773122048694,0.9962157011032104,1095.8372712135315,5210.610393262225,0.0,0
1,1,0,1,1,1,0,25,89.49844482068278,1.0,0,1.8766875510499887,2.2797766059885496,1,0,0.9872759,0.012724102,589.4984448206828,0.012724101543426514,13.996511697769165,603.494956518452,0.0,3
1,1,0,0,0,6,1,29,90.93717436641349,6.0,13,0.7969399138621664,0.8083902124772595,0,3,0.0031737883,0.99682623,14890.937174366414,5.980957388877869,6579.0531277656555,21469.99030213207,0.0,2
0,1,1,0,0,12,1,29,76.98980399681413,12.0,10,0.7693588643182132,0.8802940372780509,0,3,0.0033351756,0.9966648,11576.989803996814,11.959977865219116,13155.975651741028,24732.96545573784,0.0,2
1,1,1,0,1,1,0,30,282.3993094501442,1.0,2,1.128538079808369,1.1149180663093805,0,0,0.16848896,0.831511,2982.3993094501443,0.8315110206604004,914.6621227264404,3897.0614321765847,0.0,3
1,1,0,0,1,6,1,28,60.82184537112102,5.0,3,1.3561485673751803,1.8490201316114023,1,0,0.40250835,0.5974916,3860.821845371121,2.987458109855652,3286.203920841217,7147.025766212339,1.0,3
1,1,0,0,1,6,0,30,306.336282487623,4.0,2,0.0,0.0,0,0,0.05028065,0.94971937,3006.336282487623,3.798877477645874,4178.765225410461,7185.1015078980845,2.0,3
0,1,0,0,1,1,0,32,123.55131858462364,1.0,2,0.4414059969595858,0.4236694919917933,0,0,0.0934058,0.9065942,2823.5513185846235,0.9065942168235779,997.2536385059357,3820.804957090559,0.0,3
0,1,0,1,1,1,1,26,160.65567644840962,1.0,24,1.6599187223668117,1.6959973913801398,0,2,0.0006767942,0.9993232,27060.65567644841,0.9993231892585754,1099.255508184433,28159.91118463284,0.0,1
0,1,1,1,0,6,0,23,98.45743537877766,6.0,1,1.913444683135188,0.8691450215430608,1,3,0.9963081,0.0036919117,1698.4574353787777,0.022151470184326172,24.36661720275879,1722.8240525815365,0.0,2
1,1,1,1,1,6,1,35,157.27722205736185,6.0,6,3.141780189136777,3.2628955948284646,0,1,0.00020891456,0.9997911,7257.2772220573615,5.9987465143203735,6598.621165752411,13855.898387809772,0.0,1
1,1,1,0,1,1,1,31,122.97989379599308,1.0,7,0.4286855326690819,0.3598627487303676,0,0,0.002419271,0.9975807,8322.979893795993,0.9975807070732117,1097.3387777805328,9420.318671576526,0.0,3
1,1,1,0,1,1,0,30,96.58272589253264,1.0,1,0.4129393281759597,0.7085296576975196,1,0,0.45871142,0.5412886,1696.5827258925326,0.5412886142730713,595.4174757003784,2292.0002015929113,0.0,3
1,1,0,0,1,6,0,28,264.8428070832699,6.0,3,2.875982037363024,2.8494065459525846,0,2,0.004176564,0.99582344,4064.8428070832697,5.974940657615662,6572.434723377228,10637.277530460498,0.0,0
0,1,1,1,1,12,0,30,260.12249843165125,12.0,2,1.9393032884954715,1.9968341014795976,0,1,0.0009113151,0.9990887,2960.1224984316514,11.989064455032349,13187.970900535583,16148.093398967234,0.0,1
0,1,0,0,1,12,1,32,146.27192692120812,4.0,6,2.767096930090944,2.812286095489237,0,2,0.00018332724,0.99981666,7246.271926921208,3.9992666244506836,4399.193286895752,11645.46521381696,8.0,1
0,1,1,1,1,6,1,29,87.46739326688527,6.0,1,1.562853415300095,1.5636751825988524,0,1,0.08141371,0.9185863,1687.4673932668852,5.511517882347107,6062.669670581818,7750.137063848702,0.0,1
0,1,0,0,1,1,0,29,24.81256248331232,1.0,5,2.2199159705160496,2.371022220525738,0,2,0.0037413128,0.9962587,6024.812562483312,0.9962586760520935,1095.8845436573029,7120.697106140615,0.0,0
0,1,0,0,1,1,0,35,2.6035773226769123,1.0,3,0.4971053370015228,0.5932127838879555,0,0,0.044454042,0.95554596,3802.6035773226768,0.955545961856842,1051.1005580425262,4853.704135365203,0.0,3
1,1,1,1,1,6,0,29,105.4941595596192,6.0,1,1.8315150081268103,1.5739220905932834,0,1,0.30074337,0.69925666,1705.4941595596192,4.195539951324463,4615.093946456909,6320.588106016528,0.0,1
0,1,0,0,1,1,1,29,85.59949627233134,1.0,1,2.0334464335591136,0.9908162705197708,1,0,0.9976199,0.002380073,1685.5994962723314,0.002380073070526123,2.6180803775787354,1688.2175766499101,0.0,3
1,1,0,0,1,12,0,31,98.74398741921766,12.0,8,1.9314981081984188,1.94563511197042,0,1,0.00013165626,0.99986833,9398.743987419217,11.998420000076294,13198.262000083923,22597.00598750314,0.0,0
1,1,0,0,1,1,0,24,121.74294102393112,1.0,1,0.8279636853816408,0.0569578676464402,1,0,0.9963168,0.0036832094,1721.742941023931,0.0036832094192504883,4.051530361175537,1725.7944713851066,0.0,3
0,1,0,0,1,1,1,29,221.1220755270196,1.0,5,3.4126059695040234,3.5526384626157763,0,2,0.00030649663,0.9996935,6221.12207552702,0.9996935129165649,1099.6628642082214,7320.784939735241,0.0,0
0,1,0,0,1,1,0,29,23.033878116390756,1.0,0,1.97813150881246,0.8126507854021255,1,0,0.998806,0.0011940002,523.0338781163907,0.001194000244140625,1.3134002685546875,524.3472783849454,0.0,3
0,0,1,0,0,12,0,26,121.18150202969036,12.0,10,2.092475002370295,2.004799775026526,0,3,0.0005803641,0.9994196,11621.18150202969,11.993035554885864,13192.33911037445,24813.520612404143,0.0,2
1,1,0,0,0,12,1,26,122.955748575355,12.0,4,2.5562216602852,2.383973095641663,0,3,0.0006467973,0.99935323,5022.955748575355,11.992238759994507,13191.462635993958,18214.41838456931,0.0,2
1,1,1,0,1,1,1,34,325.9932014842458,1.0,4,3.0931223722060013,3.0952403238046267,0,2,0.00046253589,0.99953747,5225.993201484246,0.999537467956543,1099.4912147521973,6325.484416236443,0.0,0
0,0,0,0,1,1,1,27,48.08795386623237,1.0,0,1.0032812605503747,0.7283969431192622,1,0,0.99760747,0.0023925304,548.0879538662324,0.0023925304412841797,2.6317834854125977,550.719737351645,0.0,3
1,1,1,1,1,1,1,29,54.99155190262778,1.0,5,2.157267591452118,2.1705857806811544,0,2,0.004304482,0.99569553,6054.991551902628,0.9956955313682556,1095.2650845050812,7150.256636407709,0.0,1
1,1,1,1,1,6,1,28,270.3999201465789,6.0,4,1.5793619809968018,1.5368014190092052,0,1,0.0025986023,0.9974014,5170.399920146579,5.984408497810364,6582.8493475914,11753.249267737978,0.0,1
1,1,0,0,0,1,0,32,166.1531216426614,1.0,0,1.0343163047577095,0.4921178205540082,1,3,0.970076,0.029923975,666.1531216426614,0.029923975467681885,32.91637301445007,699.0694946571115,0.0,2
1,1,0,0,1,1,1,34,73.4815509080304,1.0,5,1.325832239833304,1.1395431558112443,0,0,0.003990358,0.99600965,6073.481550908031,0.9960096478462219,1095.6106126308441,7169.092163538875,0.0,3
0,1,0,0,1,1,0,27,100.53653357713706,1.0,1,0.6544635284392161,0.7686025340156576,1,0,0.7220395,0.27796048,1700.536533577137,0.27796047925949097,305.75652718544006,2006.2930607625772,0.0,3
0,1,0,0,1,1,0,26,134.17369455411065,1.0,0,2.362799588386612,2.323650188679045,1,2,0.9863694,0.013630629,634.1736945541106,0.01363062858581543,14.993691444396973,649.1673859985076,0.0,3
1,0,1,0,1,12,0,31,105.145601883579,11.0,2,1.899361825866676,1.905773521681568,0,1,0.0022085274,0.99779147,2805.145601883579,10.975706160068512,12073.276776075363,14878.422377958941,1.0,1
1,1,0,0,1,1,0,25,16.942102977533626,1.0,0,0.5015661863168513,0.7930117688259906,1,0,0.9957159,0.004284084,516.9421029775336,0.004284083843231201,4.712492227554321,521.654595205088,0.0,3
1,1,0,0,1,1,0,26,49.31143803096592,1.0,1,0.9403606321378816,0.4727349388345753,1,0,0.98772126,0.012278736,1649.311438030966,0.012278735637664795,13.506609201431274,1662.8180472323972,0.0,3
1,1,0,1,1,1,0,25,167.65130845742408,1.0,1,1.696165343557942,0.6966613775409138,1,0,0.99951303,0.00048696995,1767.651308457424,0.0004869699478149414,0.5356669425964355,1768.1869754000204,0.0,3
1,1,1,1,1,12,1,33,243.44922539220684,12.0,6,0.0870855030614501,0.012578705130274,0,1,0.002784074,0.9972159,7343.449225392207,11.966591119766235,13163.250231742859,20506.699457135066,0.0,1
0,1,1,0,1,1,1,28,57.8439430805731,1.0,2,0.6283855144940107,0.6085254921843267,0,0,0.37913513,0.62086487,2757.843943080573,0.6208648681640625,682.9513549804688,3440.7952980610416,0.0,3
1,1,0,0,1,6,0,29,18.643274544355187,6.0,2,1.2149694736570082,1.2465888610948748,0,0,0.11491031,0.8850897,2718.6432745443553,5.310538172721863,5841.591989994049,8560.235264538405,0.0,3
0,1,1,1,1,6,0,28,186.4047258893327,6.0,1,1.3702555241893155,0.6543695312825354,1,1,0.9824143,0.017585695,1786.4047258893327,0.10551416873931885,116.06558561325073,1902.4703115025834,0.0,1
0,1,1,1,1,1,1,27,114.60041258357172,1.0,1,0.1135069170859455,0.0,1,0,0.96194637,0.03805363,1714.6004125835718,0.03805363178253174,41.85899496078491,1756.4594075443567,0.0,3
0,0,1,0,1,12,0,27,157.5308822269443,12.0,10,2.345391271696512,2.301678525899823,0,1,8.420037e-05,0.9999158,11657.530882226944,11.998989343643188,13198.888278007507,24856.41916023445,0.0,0
0,1,1,1,1,1,0,26,247.32623642109803,1.0,1,1.940789324002788,1.6660799356221223,1,0,0.9196519,0.080348074,1847.326236421098,0.08034807443618774,88.38288187980652,1935.7091183009045,0.0,1
1,1,1,1,1,12,0,32,26.23487898126961,12.0,3,2.444228256334879,2.584988983339937,0,1,0.00050285866,0.9994971,3826.2348789812695,11.99396538734436,13193.361926078796,17019.596805060064,0.0,1
1,1,1,1,1,6,1,31,191.52031040635063,6.0,0,2.321847434264636,1.7870130571210738,1,1,0.83425975,0.16574025,691.5203104063506,0.9944415092468262,1093.8856601715088,1785.4059705778595,0.0,1
1,1,0,0,1,12,1,32,260.2251424198106,12.0,1,1.852276859199571,1.8816581652424549,0,1,0.00835666,0.99164337,1860.2251424198107,11.899720430374146,13089.69247341156,14949.917615831371,0.0,0
0,1,0,0,1,12,0,36,95.49786804587023,12.0,1,1.3226478692302126,1.2512603554097608,0,1,0.007464055,0.99253595,1695.4978680458703,11.910431385040283,13101.474523544312,14796.972391590181,0.0,3
0,1,0,0,0,6,0,28,103.75830286490894,6.0,5,0.5063501664796586,0.4361552529368948,0,3,0.009764156,0.99023587,6103.758302864909,5.941415190696716,6535.556709766388,12639.315012631298,0.0,2
1,1,0,0,1,1,0,27,74.5310134037262,1.0,4,1.5085430920365088,0.6332267351886773,1,0,0.99162227,0.008377731,4974.531013403726,0.00837773084640503,9.215503931045532,4983.746517334772,0.0,3
1,1,0,0,1,1,1,35,35.66437608768858,1.0,5,0.9921281402780632,1.2324169977075423,0,0,0.020922154,0.9790778,6035.664376087689,0.9790778160095215,1076.9855976104736,7112.649973698162,0.0,3
1,0,1,0,1,12,0,26,147.4466501599095,4.0,4,2.7243912695066945,2.624798677307054,0,1,0.00365092,0.9963491,5047.446650159909,3.985396385192871,4383.936023712158,9431.382673872067,8.0,1
0,1,1,0,1,1,1,27,67.47297297849227,1.0,6,2.7670308093448948,2.6266244919933928,0,2,0.0074289385,0.99257106,7167.472972978492,0.9925710558891296,1091.8281614780426,8259.301134456535,0.0,0
1,1,0,0,1,1,1,29,105.26650445119526,1.0,0,0.96306835216244,1.1591539233150836,1,0,0.89936185,0.10063815,605.2665044511953,0.10063815116882324,110.70196628570557,715.9684707369008,0.0,3
1,1,1,1,1,1,0,28,57.847267259349664,1.0,9,1.947674377294884,1.8699320123060177,0,2,0.0067804423,0.99321955,10457.847267259349,0.9932195544242859,1092.5415098667145,11550.388777126063,0.0,1
0,1,1,1,1,12,1,28,84.02868110958906,10.0,0,0.0,0.0,0,1,0.3132757,0.6867243,584.0286811095891,6.867243051528931,7553.967356681824,8137.996037791413,2.0,1
1,1,1,0,1,12,1,32,137.74556676302615,12.0,5,2.5007152026437725,2.4468247407394768,0,1,0.0001084328,0.9998916,6137.7455667630265,11.998698949813843,13198.568844795227,19336.314411558255,0.0,1
1,1,0,0,1,1,0,26,60.642217016013696,1.0,2,1.6488549490215871,1.396507003276075,1,0,0.8965256,0.10347438,2760.6422170160135,0.10347437858581543,113.82181644439697,2874.4640334604105,0.0,3
1,1,0,0,1,1,1,33,97.62361718473122,1.0,1,1.3892462237050132,1.4372189557806687,0,0,0.04693495,0.95306504,1697.6236171847313,0.953065037727356,1048.3715415000916,2745.995158684823,0.0,3
1,1,0,0,1,1,1,28,161.5451408848667,1.0,0,2.544543610468042,1.3162036514672786,1,2,0.99895763,0.001042366,661.5451408848667,0.0010423660278320312,1.1466026306152344,662.6917435154819,0.0,3
1,1,1,0,1,1,1,32,40.51433927089151,1.0,2,1.9184171431469283,2.0648993614928948,0,2,0.04627311,0.9537269,2740.5143392708915,0.9537268877029419,1049.099576473236,3789.6139157441276,0.0,0
1,1,1,1,1,6,1,27,70.64277601917334,5.0,3,2.807605072686872,2.7612555889274515,0,1,0.0033664126,0.9966336,3870.642776019173,4.983167946338654,5481.484740972519,9352.127516991692,1.0,1
1,1,0,0,1,1,1,36,169.59272492364653,1.0,3,2.9806060804800447,2.9803000650940463,0,2,0.0037674068,0.99623257,3969.5927249236465,0.9962325692176819,1095.85582613945,5065.448551063097,0.0,0
0,1,0,0,1,1,0,31,207.83762543299164,1.0,0,2.2697356385082808,2.0815057853334733,1,2,0.9033838,0.09661621,707.8376254329917,0.09661620855331421,106.27782940864563,814.1154548416373,0.0,0
0,0,1,0,1,1,0,27,286.73251724801634,1.0,2,2.3675814526108527,1.8344409099564385,1,0,0.9078353,0.092164695,2986.7325172480164,0.09216469526290894,101.38116478919983,3088.113682037216,0.0,3
1,1,1,0,1,12,1,30,89.99404113554657,12.0,2,2.4661762948233954,2.5732477444744792,0,1,0.0014568085,0.9985432,2789.9940411355465,11.982518434524536,13180.77027797699,15970.764319112535,0.0,1
1,1,1,1,1,6,1,27,91.11360499957397,5.0,8,0.9362899524616748,0.8295698107863774,0,1,0.0026393698,0.99736065,9391.113604999575,4.986803233623505,5485.483556985855,14876.59716198543,1.0,1
0,1,1,0,1,12,1,32,2.919196263219064,12.0,1,1.989254193166541,2.180065628760812,0,1,0.008216611,0.9917834,1602.919196263219,11.901400566101074,13091.540622711182,14694.459818974401,0.0,1
1,1,1,1,1,12,1,29,298.5444053830612,12.0,7,2.7578195960188747,2.790359879006245,0,1,9.4101735e-05,0.9999059,8498.544405383062,11.998870611190796,13198.757672309875,21697.302077692937,0.0,1
1,1,0,0,1,1,0,28,60.59226205421948,1.0,4,3.633665365680871,3.6876543921974014,0,2,0.0010236221,0.99897635,4960.59226205422,0.9989763498306274,1098.8739848136902,6059.46624686791,0.0,0
0,1,1,1,1,12,1,30,12.472956537805189,7.0,2,2.3347270825224515,2.3453044115849058,0,1,0.0027129657,0.99728703,2712.472956537805,6.981009244918823,7679.110169410706,10391.583125948511,5.0,1
1,0,0,0,1,1,0,26,210.3953040133816,1.0,1,1.5755337162608416,0.7790881669402796,1,0,0.99338126,0.006618738,1810.3953040133815,0.0066187381744384766,7.280611991882324,1817.6759160052638,0.0,3
1,1,0,1,0,1,1,36,193.32018500844464,1.0,0,2.362169887990701,2.515168812349424,0,3,0.051194932,0.9488051,693.3201850084447,0.9488050937652588,1043.6856031417847,1737.0057881502294,0.0,2
0,1,1,1,1,1,1,25,87.95891689049293,1.0,0,1.5974410891365218,1.1903646108101988,1,0,0.9918852,0.008114815,587.9589168904929,0.008114814758300781,8.92629623413086,596.8852131246238,0.0,1
0,1,1,1,1,1,1,27,197.23108297288533,1.0,8,2.6115870586661227,2.708012347155649,0,2,0.0015088725,0.9984911,9497.231082972885,0.998491108417511,1098.340219259262,10595.571302232147,0.0,1
0,1,0,1,1,1,1,24,198.97169698732472,1.0,0,2.6069728231505387,1.5802841352817418,1,0,0.9990096,0.0009903908,698.9716969873248,0.0009903907775878906,1.0894298553466797,700.0611268426715,0.0,3
0,1,1,1,1,12,0,34,367.0322491839666,9.0,5,2.5321487735681023,2.6019416152282884,0,1,4.9774637e-05,0.99995023,6367.032249183967,8.999552071094513,9899.507278203964,16266.539527387931,3.0,1
1,1,0,0,1,1,1,31,135.9155585205089,1.0,9,1.4485527307003694,1.2844486938429052,0,2,0.013718229,0.98628175,10535.915558520508,0.9862817525863647,1084.9099278450012,11620.82548636551,0.0,3
1,1,1,1,1,6,1,31,157.3873407991097,6.0,14,1.814809314995923,1.8129109109964423,0,1,0.00040530635,0.9995947,16057.38734079911,5.997568130493164,6597.3249435424805,22654.712284341593,0.0,1
1,1,1,0,1,6,1,24,16.02522075163661,6.0,4,1.1045059503072492,0.0,1,0,0.8884897,0.11151028,4916.025220751637,0.6690616607666016,735.9678268432617,5651.993047594899,0.0,3
0,1,0,0,1,12,1,24,241.2919551204216,12.0,2,2.051571036168105,1.9206865846336747,0,1,0.0074314885,0.9925685,2941.291955120422,11.910821914672852,13101.904106140137,16043.196061260558,0.0,0
1,0,0,0,1,1,0,27,169.61084002893483,1.0,8,2.2271286949798013,2.4079138279643644,0,2,0.001445159,0.9985548,9469.610840028934,0.9985548257827759,1098.4103083610535,10568.021148389988,0.0,0
0,1,1,1,1,6,0,32,211.21864117699823,4.0,2,1.5876795879456995,1.4340264524274953,0,1,0.011632368,0.9883676,2911.218641176998,3.953470468521118,4348.81751537323,7260.036156550228,2.0,1
1,0,0,0,1,1,0,27,70.44682145187075,1.0,0,0.235155187728677,0.0,1,0,0.9986594,0.0013406277,570.4468214518707,0.001340627670288086,1.4746904373168945,571.9215118891876,0.0,3
0,1,0,0,1,6,1,23,255.93561696663548,6.0,3,3.67755727711304,3.4258712882360736,0,2,0.0026612354,0.9973388,4055.9356169666353,5.98403263092041,6582.435894012451,10638.371510979086,0.0,0
0,0,1,0,1,1,0,29,109.1531165109852,1.0,5,1.796117730183913,1.7981383816165386,0,0,0.0037417696,0.99625826,6109.1531165109855,0.9962582588195801,1095.884084701538,7205.0372012125235,0.0,3
0,1,0,0,1,12,0,24,193.2228993439693,12.0,11,2.2356660012994425,2.1061203536590094,0,1,0.00021977015,0.99978024,12793.22289934397,11.997362852096558,13197.099137306213,25990.322036650185,0.0,0
1,1,0,0,1,12,1,36,254.9954272657001,12.0,10,2.7990327599621905,2.7987929260611737,0,1,3.201031e-05,0.999968,11754.9954272657,11.999615907669067,13199.577498435974,24954.572925701672,0.0,0
0,1,1,0,0,1,0,29,5.283815422620152,1.0,22,3.4804281396568246,3.5342519596957462,0,3,0.00050512474,0.99949485,24705.28381542262,0.9994948506355286,1099.4443356990814,25804.7281511217,0.0,2
1,1,1,0,1,12,1,34,244.8518468221684,9.0,4,1.2189445529569505,1.2494314685648569,0,1,0.00031149603,0.9996885,5144.851846822168,8.997196555137634,9896.916210651398,15041.768057473566,3.0,1
0,1,0,0,1,1,0,25,169.98932027731323,1.0,2,2.1989685594339843,0.6491212107219615,1,0,0.999856,0.00014400482,2869.9893202773133,0.00014400482177734375,0.15840530395507812,2870.1477255812683,0.0,3
1,1,1,0,1,6,0,26,86.27952309859894,6.0,6,1.4207127145707776,1.5067365743736667,0,0,0.008610845,0.99138916,7186.279523098599,5.9483349323272705,6543.168425559998,13729.447948658597,0.0,3
1,1,1,0,1,12,0,34,177.86782208879947,12.0,2,2.931142659587903,2.8225989029252805,0,1,0.00016987193,0.9998301,2877.8678220887996,11.997961521148682,13197.75767326355,16075.62549535235,0.0,0
0,1,0,0,1,1,1,33,96.93117512897362,1.0,2,2.4803252375059737,2.541884559950286,0,2,0.0075496417,0.99245036,2796.931175128974,0.9924503564834595,1091.6953921318054,3888.626567260779,0.0,0
1,1,1,1,1,1,0,28,158.87271337677475,1.0,2,0.8252409762450892,0.7497398032722988,0,0,0.14972794,0.85027206,2858.8727133767748,0.8502720594406128,935.2992653846741,3794.171978761449,0.0,3
0,1,1,0,0,1,1,32,89.95276171319601,1.0,7,2.308605718088625,2.377754544719246,0,3,0.00080620655,0.9991938,8289.952761713195,0.9991937875747681,1099.1131663322449,9389.06592804544,0.0,2
1,1,0,0,1,1,0,25,183.82070522776257,1.0,6,1.8176823033523737,1.91150296924384,0,0,0.007427536,0.9925725,7283.820705227763,0.9925724864006042,1091.8297350406647,8375.650440268428,0.0,3
0,1,0,1,1,12,1,30,76.16745242463945,7.0,5,1.6076304152047132,1.80889273099354,0,1,0.0016467189,0.9983533,6076.167452424639,6.988473117351532,7687.320429086685,13763.487881511324,5.0,1
0,0,1,0,1,6,0,30,56.21319796478779,6.0,2,1.422834692346184,1.3665458896824343,0,0,0.069483034,0.93051696,2756.213197964788,5.583101749420166,6141.411924362183,8897.62512232697,0.0,3
1,1,1,1,1,6,1,28,129.78560971994938,6.0,1,4.083599416174741,3.8743812550213903,0,2,0.004837015,0.99516296,1729.7856097199494,5.970977783203125,6568.0755615234375,8297.861171243387,0.0,1
0,1,0,0,1,6,1,33,93.52435609491522,6.0,4,1.5058453203622957,1.5489735296352145,0,2,0.0013107948,0.99868923,4993.524356094915,5.992135405540466,6591.348946094513,11584.873302189428,0.0,0
1,1,1,0,1,1,0,27,227.4858691725933,1.0,1,3.1132393925875346,3.1573700494745065,0,2,0.1425001,0.8574999,1827.4858691725933,0.857499897480011,943.2498872280121,2770.735756400605,0.0,0
0,1,0,0,1,1,0,28,262.7072860121793,1.0,2,1.7555765227339788,1.8916972162127783,0,0,0.17723598,0.82276404,2962.7072860121793,0.8227640390396118,905.040442943573,3867.7477289557523,0.0,3
1,1,1,0,1,6,0,27,72.22102474436066,6.0,7,0.3783648405239004,0.2839368314234153,0,0,0.0043491204,0.9956509,8272.22102474436,5.973905324935913,6571.295857429504,14843.516882173864,0.0,3
1,1,1,0,0,12,0,30,261.5913053842692,12.0,1,0.9898055069913192,0.8350603982864029,0,3,0.015109313,0.9848907,1861.5913053842692,11.81868839263916,13000.557231903076,14862.148537287345,0.0,2
1,1,1,1,0,12,1,33,217.748337067558,12.0,9,1.593358862233901,1.3951887151931082,0,3,0.0015235426,0.99847645,10617.748337067558,11.981717348098755,13179.88908290863,23797.63741997619,0.0,2
0,1,0,1,1,1,0,26,128.00009056951254,1.0,2,1.2818883631387958,0.7678127902504556,1,0,0.9657466,0.03425342,2828.0000905695124,0.03425341844558716,37.678760290145874,2865.6788508596583,0.0,3
1,1,0,0,1,1,0,24,186.6388437353501,1.0,1,1.4070508103827626,0.1513989604501877,1,0,0.9996793,0.000320673,1786.63884373535,0.00032067298889160156,0.3527402877807617,1786.9915840231308,0.0,3
0,1,1,1,1,6,1,28,277.04987552168745,6.0,3,4.257105604047747,4.131955154349855,0,2,0.00035654975,0.99964345,4077.0498755216877,5.997860670089722,6597.646737098694,10674.69661262038,0.0,0
1,1,1,1,1,1,0,31,11.485170350947234,1.0,1,1.1599672993796355,1.1750893120699577,0,0,0.23170282,0.7682972,1611.4851703509473,0.7682971954345703,845.1269149780273,2456.612085328975,0.0,3
1,0,1,0,1,6,1,27,18.274197380167124,6.0,3,0.4166628986192724,0.2389522853306658,0,0,0.03346174,0.96653825,3818.274197380167,5.7992295026779175,6379.152452945709,10197.426650325877,0.0,3
0,0,0,0,0,1,0,29,45.43535128443701,1.0,0,1.8336058829288504,0.4821728966204151,1,3,0.99976474,0.00023525953,545.435351284437,0.0002352595329284668,0.2587854862213135,545.6941367706584,0.0,2
1,1,0,0,1,1,1,33,0.5105450971712742,1.0,3,2.3289375274908584,2.442888242521108,0,2,0.004279517,0.9957205,3800.5105450971714,0.9957205057144165,1095.2925562858582,4895.80310138303,0.0,0
0,1,0,0,1,1,0,29,128.66448203926282,1.0,1,3.450939798635024,3.3746650946257457,0,2,0.012875027,0.987125,1728.6644820392628,0.9871249794960022,1085.8374774456024,2814.5019594848654,0.0,0
0,1,0,0,1,1,0,30,52.87123413334648,1.0,0,0.0,0.0032735656800802,0,0,0.670391,0.32960898,552.8712341333464,0.3296089768409729,362.5698745250702,915.4411086584166,0.0,3
0,1,0,1,0,6,1,37,215.78690470073505,4.0,4,1.9539302487023265,1.9183866848424616,0,3,0.00023748465,0.99976254,5115.786904700735,3.9990501403808594,4398.955154418945,9514.74205911968,2.0,2
1,1,0,0,1,12,1,31,170.0277071219676,9.0,2,3.7237565582282457,3.689264693443527,0,1,0.00025627017,0.9997437,2870.0277071219675,8.997693300247192,9897.462630271912,12767.49033739388,3.0,0
1,0,1,0,1,1,0,24,61.48417154719664,1.0,3,0.0,0.0,0,0,0.47558618,0.5244138,3861.4841715471966,0.5244138240814209,576.855206489563,4438.33937803676,0.0,3
0,1,0,0,1,1,0,26,202.8444509944892,1.0,1,1.9772006998499336,1.8463724584625405,1,0,0.7501752,0.24982482,1802.8444509944893,0.24982482194900513,274.80730414390564,2077.651755138395,0.0,3
0,1,0,0,1,1,1,27,472.318896556732,1.0,5,3.5474896681039403,3.7551304155004352,0,2,0.00011645546,0.99988353,6472.318896556732,0.9998835325241089,1099.8718857765198,7572.190782333252,0.0,0
0,0,0,0,1,1,0,29,20.530951465039934,1.0,3,2.5524729967452005,2.207116805236753,1,2,0.63116366,0.36883634,3820.53095146504,0.36883634328842163,405.7199776172638,4226.250929082304,0.0,3
1,1,1,0,1,6,0,30,79.49454486500572,2.0,3,2.9815306437090374,3.035320410357959,0,2,0.007628549,0.99237144,3879.4945448650055,1.9847428798675537,2183.217167854309,6062.711712719314,4.0,1
1,1,0,0,1,1,1,27,172.210086518131,1.0,2,1.0564676987735293,0.9607060727782896,0,0,0.32314292,0.6768571,2872.210086518131,0.6768571138381958,744.5428252220154,3616.7529117401464,0.0,3
0,1,0,0,1,12,0,22,39.36639938559591,12.0,11,2.6082209299375907,2.8209536690072268,0,1,0.0004808041,0.99951917,12639.366399385595,11.994230031967163,13193.65303516388,25833.019434549475,0.0,0
0,1,0,1,1,1,0,29,243.3655275450069,1.0,7,2.4314095828157205,2.2842965235088903,0,2,0.00396896,0.99603105,8443.365527545007,0.9960310459136963,1095.634150505066,9538.999678050073,0.0,0
1,1,0,0,1,6,1,32,134.41062780218903,6.0,3,3.8293463548060696,3.687757679263016,0,2,0.00040891187,0.9995911,3934.410627802189,5.997546672821045,6597.301340103149,10531.71196790534,0.0,0
0,1,0,0,1,1,0,27,40.14440798448394,1.0,1,1.1387524129064124,0.5211574631612929,1,0,0.9979936,0.0020064116,1640.144407984484,0.0020064115524291992,2.207052707672119,1642.351460692156,0.0,3
1,1,0,0,1,1,0,26,26.670860744755263,1.0,0,1.8988527183253296,0.9367417244602064,1,0,0.9998171,0.00018292665,526.6708607447553,0.00018292665481567383,0.2012193202972412,526.8720800650525,0.0,3
1,1,0,0,1,1,0,31,67.94894197747135,1.0,2,1.1141274597008342,1.136692543430251,0,0,0.1319904,0.86800957,2767.9489419774713,0.8680095672607422,954.8105239868164,3722.7594659642878,0.0,3
1,1,1,0,1,12,1,31,63.48683114013944,12.0,2,2.7562246449955827,2.8079761713251163,0,1,0.00077515905,0.99922484,2763.4868311401397,11.990698099136353,13189.767909049988,15953.254740190128,0.0,0
0,1,0,0,0,1,1,30,122.00138968162616,1.0,0,0.5789599685146078,0.0,1,3,0.97997355,0.020026445,622.0013896816262,0.020026445388793945,22.02908992767334,644.0304796092995,0.0,2
0,0,0,0,1,12,1,28,6.196235627475687,9.0,2,1.4035752329556015,1.412544976810458,0,1,0.009384044,0.99061596,2706.1962356274757,8.915543675422668,9807.098042964935,12513.294278592412,3.0,3
0,1,1,1,1,1,1,30,210.99541233456227,1.0,6,3.1807245400449338,3.19209474221062,0,2,0.0006381466,0.9993619,7310.995412334562,0.9993618726730347,1099.2980599403381,8410.293472274901,0.0,1
1,1,0,0,0,1,1,31,208.4270551589004,1.0,4,2.273497754607903,2.29580323691232,0,3,0.0031061661,0.9968938,5108.427055158901,0.9968938231468201,1096.583205461502,6205.010260620403,0.0,2
1,1,1,0,1,6,1,30,249.4580465323491,6.0,14,3.5839236737841365,3.612875726791279,0,2,0.00011844933,0.99988157,16149.458046532349,5.999289393424988,6599.218332767487,22748.676379299835,0.0,0
0,0,1,0,1,1,1,25,212.7489069713164,1.0,3,2.0034423829956856,1.8885112940911648,0,0,0.12118961,0.8788104,4012.7489069713165,0.8788104057312012,966.6914463043213,4979.440353275638,0.0,3
0,0,0,0,1,1,0,26,2.0295612241212098,1.0,1,0.2410998682805769,0.0,1,0,0.9969934,0.0030065775,1602.0295612241212,0.003006577491760254,3.3072352409362793,1605.3367964650574,0.0,3
1,1,1,1,1,1,1,29,99.18427230799956,1.0,4,3.713576094085624,3.742706073154897,0,2,0.0012025211,0.9987975,4999.184272308,0.9987974762916565,1098.6772239208221,6097.861496228822,0.0,0
0,1,0,1,1,1,0,21,164.37422655965003,1.0,0,1.683058891855202,0.8726920068794659,1,0,0.99925,0.00075000525,664.37422655965,0.0007500052452087402,0.8250057697296143,665.1992323293796,0.0,3
0,1,1,1,1,6,0,25,307.159369500642,5.0,5,2.9844669062940143,3.168989639254498,0,1,0.0018033655,0.99819666,6307.159369500642,4.990983307361603,5490.081638097763,11797.241007598404,1.0,1
1,1,0,0,1,12,1,31,94.3816303609772,12.0,5,3.316073434571788,3.4648469102046904,0,1,5.707787e-05,0.9999429,6094.381630360977,11.999314785003662,13199.246263504028,19293.627893865007,0.0,0
0,1,0,0,1,6,1,31,216.65923057270305,6.0,2,4.2762954968441385,4.261644633915242,0,2,0.000786394,0.9992136,2916.659230572703,5.995281457901001,6594.809603691101,9511.468834263804,0.0,0
0,1,1,0,0,6,1,33,6.506291216570383,5.0,10,1.2824813436338272,1.235841433914492,0,3,0.0032048877,0.9967951,11506.50629121657,4.98397558927536,5482.373148202896,16988.879439419467,1.0,2
1,0,0,0,1,1,0,20,117.76592211390852,1.0,2,0.8974634388858421,0.0127942747777363,1,0,0.9972184,0.0027816296,2817.7659221139083,0.0027816295623779297,3.0597925186157227,2820.825714632524,0.0,3
1,1,0,0,1,6,0,32,138.2230764311242,6.0,5,2.6038982837595506,2.459854034357005,0,2,0.0009214841,0.9990785,6138.223076431124,5.994471073150635,6593.918180465698,12732.141256896823,0.0,0
0,1,0,0,1,1,0,29,47.96709630912255,1.0,0,2.3859709840255485,3.086021343954372,1,2,0.84492093,0.15507907,547.9670963091226,0.15507906675338745,170.5869734287262,718.5540697378487,0.0,0
0,1,1,1,0,6,0,34,16.97882303488592,5.0,8,1.3568498361180197,1.311277520873004,0,3,0.008932031,0.99106795,9316.978823034886,4.955339729785919,5450.873702764511,14767.852525799397,1.0,2
0,1,0,0,1,1,0,30,135.3223058118352,1.0,1,1.1945970010789142,1.3535364840377828,0,0,0.48008162,0.5199184,1735.3223058118351,0.5199183821678162,571.9102203845978,2307.232526196433,0.0,3
1,1,1,1,1,6,1,32,49.84918936484681,6.0,0,2.337640904529974,2.3276878069234583,0,1,0.16235042,0.8376496,549.8491893648468,5.02589750289917,5528.487253189087,6078.336442553934,0.0,1
1,1,0,0,1,6,0,26,309.77512913853843,6.0,3,2.6381954916261354,2.7069089031476823,0,2,0.0011268992,0.9988731,4109.775129138538,5.993238687515259,6592.562556266785,10702.337685405324,0.0,0
0,1,0,0,1,1,0,30,303.07861592198725,1.0,7,1.4504628702460058,1.4856421606648147,0,0,0.0014069845,0.99859303,8503.078615921988,0.9985930323600769,1098.4523355960846,9601.530951518072,0.0,3
1,1,0,0,1,1,0,23,91.59726955504844,1.0,0,2.0821102175729083,1.9331504647460604,1,0,0.9944331,0.005566895,591.5972695550485,0.005566895008087158,6.123584508895874,597.7208540639443,0.0,3
1,1,0,0,1,6,0,28,280.1645328953488,6.0,0,0.6376470136228051,0.4383906511179349,1,0,0.7809799,0.21902013,780.1645328953489,1.3141207695007324,1445.5328464508057,2225.697379346155,0.0,3
0,1,1,0,1,12,0,29,173.70335930299217,12.0,5,1.9648152577785805,1.945825779531037,0,1,0.00023931373,0.9997607,6173.703359302992,11.997128248214722,13196.841073036194,19370.544432339186,0.0,1
0,1,1,1,1,1,1,30,85.90341301051356,1.0,3,1.8751769543820225,1.939111783649311,0,2,0.022995597,0.9770044,3885.9034130105138,0.9770044088363647,1074.7048497200012,4960.608262730515,0.0,1
0,1,0,0,1,1,1,27,88.26704378743122,1.0,3,1.3606362844728082,1.2969163929508027,0,0,0.12780617,0.8721938,3888.2670437874312,0.8721938133239746,959.4131946563721,4847.680238443803,0.0,3
0,1,1,0,1,12,1,38,76.99472205724037,12.0,13,0.4796783927772217,0.3415933159650753,0,1,0.0003103959,0.9996896,14876.994722057241,11.996274948120117,13195.902442932129,28072.897164989372,0.0,1
1,0,1,0,1,1,0,25,145.74255064230698,1.0,0,1.558681127703858,1.844258521105908,1,0,0.98543084,0.014569163,645.7425506423069,0.01456916332244873,16.026079654693604,661.7686302970005,0.0,3
1,0,0,0,1,1,1,24,103.83523560341072,1.0,0,0.8708652718383987,0.9338692791433778,1,0,0.97479045,0.025209546,603.8352356034108,0.025209546089172363,27.7305006980896,631.5657363015004,0.0,3
0,1,0,0,1,1,1,25,120.5039509846644,1.0,6,2.2558773878532725,2.125691162273752,0,2,0.0052912985,0.9947087,7220.503950984665,0.9947087168693542,1094.1795885562897,8314.683539540954,0.0,0
0,0,0,0,1,1,1,23,220.2275977649184,1.0,2,2.5880506815542192,3.0339358036482125,1,2,0.58953035,0.41046965,2920.2275977649183,0.410469651222229,451.5166163444519,3371.74421410937,0.0,0
1,0,0,0,1,1,1,23,125.35134141182924,1.0,1,1.5704691480347972,1.2935568518618563,1,0,0.871234,0.128766,1725.3513414118293,0.1287660002708435,141.64260029792786,1866.993941709757,0.0,3
1,1,1,1,1,6,0,32,169.7074136689757,4.0,6,2.023172096964662,2.0417783461813146,0,1,0.00066057616,0.9993394,7269.707413668975,3.9973576068878174,4397.093367576599,11666.800781245574,2.0,1
0,0,0,0,1,1,0,29,147.43538881641345,1.0,2,3.005823971877009,2.951396674691835,0,2,0.035956677,0.9640433,2847.4353888164133,0.9640433192253113,1060.4476511478424,3907.8830399642557,0.0,0
1,1,0,0,1,1,0,23,215.9300032029624,1.0,4,1.2839452903999964,0.5998890823237302,1,0,0.8543714,0.14562857,5115.930003202962,0.14562857151031494,160.19142866134644,5276.121431864309,0.0,3
0,1,0,0,1,1,1,30,129.22345793222684,1.0,5,1.826115229769628,1.769320220389926,0,2,0.0035309754,0.996469,6129.223457932227,0.9964690208435059,1096.1159229278564,7225.339380860083,0.0,0
0,1,0,0,1,1,0,35,224.019816887839,1.0,3,4.214105922988947,4.433794493248468,0,2,0.0011296285,0.9988704,4024.019816887839,0.9988703727722168,1098.7574100494385,5122.777226937278,0.0,0
0,1,0,0,0,1,0,28,214.3299564687268,1.0,14,3.700020247571967,3.610445142471992,0,3,0.0002136939,0.9997863,16114.329956468728,0.9997863173484802,1099.7649490833282,17214.094905552054,0.0,2
0,1,1,1,1,6,0,27,408.6582348950506,6.0,2,2.791263738117732,2.7006597296760595,0,1,0.0021277403,0.99787223,3108.6582348950506,5.987233400344849,6585.9567403793335,9694.614975274384,0.0,1
0,1,0,0,1,1,1,23,30.40974910851543,1.0,2,2.3781225171046145,2.784798863156841,1,2,0.8553469,0.14465308,2730.4097491085154,0.1446530818939209,159.118390083313,2889.5281391918284,0.0,0
0,1,0,0,1,1,0,30,131.66258939549428,1.0,6,1.6059767062098045,1.6581963643748856,0,0,0.0035816876,0.9964183,7231.662589395494,0.996418297290802,1096.0601270198822,8327.722716415377,0.0,3
1,1,1,1,1,6,1,34,115.8692419392405,4.0,9,0.6524742996782606,0.5706731218986523,0,1,0.0004603632,0.9995396,10515.869241939241,3.9981584548950195,4397.9743003845215,14913.843542323762,2.0,1
0,1,1,1,1,12,0,31,179.13493986172747,11.0,3,0.6614395566055016,0.7273466389619104,0,1,0.0004056658,0.99959433,3979.1349398617276,10.995537638664246,12095.09140253067,16074.226342392398,1.0,1
0,1,1,1,1,6,1,26,227.77347779311745,6.0,3,2.6540110227062272,2.6895879706191934,0,1,0.002965134,0.99703485,4027.7734777931173,5.982209086418152,6580.429995059967,10608.203472853085,0.0,1
0,1,0,0,1,1,1,30,140.14766368853924,1.0,0,0.8558954504292726,0.1053812291462872,1,0,0.98829085,0.011709154,640.1476636885393,0.011709153652191162,12.880069017410278,653.0277327059496,0.0,3
1,1,0,0,1,1,0,28,244.16602722539417,1.0,4,2.7409530009477634,2.6811469195397644,0,2,0.003429956,0.99657005,5144.166027225394,0.9965700507164001,1096.2270557880402,6240.393083013434,0.0,0
0,0,1,0,1,12,0,29,282.2401301549674,12.0,3,1.2772048267458491,1.4024377599165363,0,1,0.0082635945,0.9917364,4082.2401301549676,11.900836944580078,13090.920639038086,17173.160769193055,0.0,3
1,0,1,0,1,1,0,33,93.77860345256892,1.0,3,1.4268087984908029,1.422600935295218,0,0,0.036480296,0.9635197,3893.778603452569,0.9635196924209595,1059.8716616630554,4953.650265115624,0.0,3
0,1,0,0,1,1,0,25,1.2576737792886092,1.0,1,2.0641721878861667,1.468765694002002,1,0,0.9984999,0.0015001297,1601.2576737792886,0.0015001296997070312,1.6501426696777344,1602.9078164489663,0.0,3
1,1,0,0,1,1,0,30,98.70957181094086,1.0,1,2.443442154960118,2.4484950720874705,0,2,0.1920417,0.8079583,1698.7095718109408,0.8079583048820496,888.7541353702545,2587.4637071811953,0.0,0
0,1,1,1,1,1,1,29,460.9040079782911,1.0,10,3.157763830742128,3.154869258110422,0,2,0.00012247717,0.9998775,11960.904007978292,0.9998775124549866,1099.8652637004852,13060.769271678777,0.0,1
0,1,1,0,1,1,0,31,331.56729595179263,1.0,6,0.686940687080434,0.605373823889181,0,0,0.002659936,0.9973401,7431.567295951792,0.9973400831222534,1097.0740914344788,8528.641387386271,0.0,3
1,1,1,0,1,1,1,33,162.89088239091882,1.0,12,0.4561128706588835,0.5470414695762911,0,0,0.00025166743,0.99974835,13862.890882390919,0.9997483491897583,1099.7231841087341,14962.614066499653,0.0,3
0,1,0,0,1,12,0,31,29.197318313049017,10.0,7,2.1714965828171446,2.3392263285214434,0,1,0.00013236534,0.9998676,8229.197318313049,9.998676180839539,10998.543798923492,19227.74111723654,2.0,0
1,0,0,0,1,1,0,32,212.54445404820285,1.0,4,2.3675500304360595,2.258848932194868,0,2,0.0020785618,0.99792147,5112.544454048203,0.9979214668273926,1097.7136135101318,6210.258067558335,0.0,0
0,1,1,1,1,1,0,28,266.10583581974856,1.0,12,1.5499839207518444,1.6321468810941746,0,2,0.0011982745,0.9988017,13966.105835819748,0.9988017082214355,1098.681879043579,15064.787714863327,0.0,1
1,0,1,0,1,1,0,29,193.10612524700304,1.0,0,1.4349759313250274,0.3565246944934275,1,0,0.99983037,0.00016963482,693.1061252470031,0.00016963481903076172,0.1865983009338379,693.2927235479369,0.0,3
0,0,0,0,1,1,0,30,32.64928000044888,1.0,0,2.1826540142142754,1.821093306086528,1,0,0.8884312,0.11156881,532.6492800004489,0.11156880855560303,122.72568941116333,655.3749694116123,0.0,3
1,1,0,0,1,1,0,27,76.46404326884523,1.0,0,2.0543446345280763,1.4551716324623465,1,0,0.99830425,0.0016957521,576.4640432688452,0.0016957521438598633,1.8653273582458496,578.3293706270911,0.0,3
0,1,1,1,0,12,1,26,26.83992581583405,12.0,5,0.2209687025083102,0.2884503048820689,0,3,0.0047242553,0.99527574,6026.839925815834,11.94330883026123,13137.639713287354,19164.47963910319,0.0,2
0,1,1,0,1,1,0,35,104.26260229551264,1.0,5,1.4657692849940442,1.5509000887467677,0,0,0.0039093234,0.99609065,6104.262602295513,0.9960906505584717,1095.6997156143188,7199.962317909832,0.0,3
0,1,0,0,1,1,0,26,109.52217868305868,1.0,1,1.320456954427954,0.519919082681087,1,0,0.99692094,0.0030790567,1709.5221786830587,0.003079056739807129,3.386962413787842,1712.9091410968465,0.0,3
0,1,0,0,1,1,1,31,126.36051542860564,1.0,6,2.2118589041239924,2.27730932408688,0,2,0.0015578106,0.9984422,7226.360515428606,0.9984421730041504,1098.2863903045654,8324.64690573317,0.0,0
0,0,0,0,0,1,0,31,139.6654565104351,1.0,3,2.1041850448970907,2.144783877291617,0,3,0.06905397,0.93094605,3939.665456510435,0.9309460520744324,1024.0406572818756,4963.70611379231,0.0,2
1,1,0,0,1,6,1,33,167.5902863717333,6.0,2,3.199802006594987,3.0562606790859626,0,2,0.0013379342,0.99866205,2867.5902863717333,5.991972327232361,6591.169559955597,9458.75984632733,0.0,0
0,1,1,0,1,1,0,27,109.89239360465638,1.0,5,3.688624425541181,3.6692050601691504,0,2,0.000760142,0.99923986,6109.892393604657,0.9992398619651794,1099.1638481616974,7209.056241766354,0.0,0
0,1,0,0,1,1,0,30,108.81046040220345,1.0,1,1.478378998850454,1.6991286907006424,1,0,0.6269727,0.37302732,1708.8104604022035,0.37302732467651367,410.33005714416504,2119.1405175463688,0.0,3
0,1,1,1,1,12,0,32,137.84714667152315,11.0,3,2.234327532539274,2.176055678280251,0,1,0.00020146447,0.99979854,3937.847146671523,10.997783899307251,12097.562289237976,16035.4094359095,1.0,1
1,0,1,1,0,1,1,26,179.27501917707423,1.0,1,2.662378907003581,1.5975996924456313,1,3,0.99109745,0.00890255,1779.2750191770742,0.008902549743652344,9.792804718017578,1789.0678238950918,0.0,2
1,0,0,0,1,1,0,34,190.10267111553745,1.0,4,2.2443212740927225,2.1794234999360658,0,2,0.0018936476,0.99810636,5090.102671115537,0.9981063604354858,1097.9169964790344,6188.019667594572,0.0,0
1,1,1,1,1,1,1,35,126.8208182148902,1.0,4,2.1089127762124384,1.941381958286492,0,2,0.0067675835,0.9932324,5026.82081821489,0.9932324290275574,1092.555671930313,6119.376490145203,0.0,1
0,1,0,0,1,1,1,34,244.28410645788347,1.0,2,3.0881050034251807,3.0230964188130733,0,2,0.020596787,0.9794032,2944.2841064578834,0.9794031977653503,1077.3435175418854,4021.6276239997687,0.0,0
0,1,1,0,1,6,0,31,206.76280950792443,6.0,3,0.861286158051908,0.8075379677465921,0,0,0.015221716,0.9847783,4006.7628095079244,5.908669710159302,6499.536681175232,10506.299490683155,0.0,3
0,1,0,0,1,6,0,28,134.9747944059709,5.0,0,1.3243226041155314,1.3360120607850874,0,0,0.96364003,0.036359966,634.9747944059709,0.18179982900619507,199.97981190681458,834.9546063127855,1.0,3
0,0,0,0,1,1,0,30,155.0252109409992,1.0,3,1.0321627151230204,0.9434241983951036,0,0,0.12092785,0.8790721,3955.0252109409994,0.8790721297264099,966.9793426990509,4922.00455364005,0.0,3
0,1,0,0,1,6,1,30,184.7230306346789,6.0,8,2.532587238742805,2.6248640801791296,0,2,0.00024094316,0.9997591,9484.72303063468,5.998554468154907,6598.409914970398,16083.132945605077,0.0,0
0,1,0,0,1,1,1,25,173.26168125060485,1.0,1,1.139817177621413,1.106280108055104,0,0,0.3057625,0.6942375,1773.2616812506049,0.694237470626831,763.6612176895142,2536.922898940119,0.0,3
0,1,0,0,1,1,0,25,266.29355491675807,1.0,0,1.4941518943831251,1.7233180067396547,1,0,0.9577119,0.042288125,766.293554916758,0.042288124561309814,46.516937017440796,812.8104919341988,0.0,3
1,1,0,0,1,1,0,26,134.6994102859598,1.0,2,1.0107677611735313,1.5055284156238005,1,0,0.87610775,0.12389225,2834.69941028596,0.12389224767684937,136.2814724445343,2970.980882730494,0.0,3
1,1,0,0,1,1,0,33,191.9469992774933,1.0,3,2.5093917901743685,2.3480564587743977,0,2,0.008291547,0.99170846,3991.9469992774934,0.9917084574699402,1090.8793032169342,5082.826302494428,0.0,0
0,1,1,1,1,12,1,24,92.46848374990678,12.0,0,1.3865635741603093,1.4090454489746551,0,1,0.08292216,0.91707784,592.4684837499068,11.004934072494507,12105.427479743958,12697.895963493864,0.0,1
1,0,0,0,1,1,0,33,80.52141252423884,1.0,3,0.9507303754121228,0.7818238209388545,1,0,0.45105058,0.5489494,3880.5214125242387,0.5489494204521179,603.8443624973297,4484.365775021568,0.0,3
1,1,1,0,1,12,1,31,69.31928874091552,12.0,3,1.1161973017924498,1.1848615709919357,0,1,0.0011743193,0.99882567,3869.3192887409155,11.985908031463623,13184.498834609985,17053.818123350902,0.0,1
0,1,1,1,1,6,1,28,4.74975346205413,6.0,3,2.5980428128998807,2.4537662244815817,0,1,0.0042672316,0.9957328,3804.7497534620543,5.974396705627441,6571.836376190186,10376.58612965224,0.0,1
0,1,1,1,0,1,1,27,62.17956217779064,1.0,0,1.3274270688596066,0.2496891080314742,1,3,0.9998878,0.00011217594,562.1795621777907,0.00011217594146728516,0.12339353561401367,562.3029557134047,0.0,2
0,0,0,0,1,1,1,31,93.6076108400538,1.0,6,3.91425566850796,3.961001939212495,0,2,0.0005044393,0.99949557,7193.607610840054,0.9994955658912659,1099.4451224803925,8293.052733320446,0.0,0
1,1,0,0,1,12,1,27,22.46025434449272,12.0,1,1.233144234754883,1.459644012339164,0,1,0.08920647,0.91079354,1622.4602543444928,10.929522514343262,12022.474765777588,13644.93502012208,0.0,3
0,1,0,0,1,1,0,26,189.31685441469008,1.0,1,2.0254047188343445,1.7563205846258458,1,0,0.89129746,0.10870254,1789.3168544146902,0.10870254039764404,119.57279443740845,1908.8896488520986,0.0,3
0,1,0,0,0,1,0,28,33.592863094456895,1.0,1,1.3688996572838,1.4197378028047676,1,3,0.90064853,0.099351466,1633.5928630944568,0.09935146570205688,109.28661227226257,1742.8794753667194,0.0,2
0,0,0,0,0,1,0,26,6.333391056508546,1.0,0,0.9314176625099636,0.3792345793336392,1,3,0.9992372,0.00076282024,506.33339105650856,0.0007628202438354492,0.8391022682189941,507.17249332472755,0.0,2
1,1,0,0,1,1,0,34,445.9545267635789,1.0,1,1.872358661163752,1.892621194180324,0,2,0.0069554285,0.99304456,2045.954526763579,0.9930445551872253,1092.3490107059479,3138.303537469527,0.0,0
1,0,0,0,0,1,0,27,10.847254901193011,1.0,0,1.6008926765867404,1.6091730010598668,1,3,0.98543096,0.014569044,510.847254901193,0.01456904411315918,16.025948524475098,526.8732034256682,0.0,2
1,0,1,0,1,1,0,28,191.71814435323867,1.0,9,2.350243736081786,2.2185181567678045,0,2,0.0010752006,0.9989248,10591.718144353239,0.9989247918128967,1098.8172709941864,11690.535415347425,0.0,0
0,1,1,1,0,12,1,33,347.5647591804475,12.0,1,0.0549500673658516,0.1592912316532215,0,3,0.0006627271,0.99933726,1947.5647591804475,11.99204707145691,13191.2517786026,15138.816537783048,0.0,2
0,1,0,0,1,6,0,31,260.22289730502393,6.0,3,1.4507550623461498,0.8119410721503916,1,0,0.88406396,0.11593604,4060.222897305024,0.6956162452697754,765.1778697967529,4825.400767101777,0.0,3
0,1,1,0,1,12,0,30,188.66946574512315,12.0,2,2.414795979509857,2.36844631660273,0,1,0.001578138,0.99842185,2888.669465745123,11.981062173843384,13179.168391227722,16067.837856972845,0.0,1
1,1,0,0,0,1,0,28,104.55001837237012,1.0,6,2.0738132693068825,2.1554377662402366,0,3,0.005202419,0.9947976,7204.55001837237,0.9947975873947144,1094.2773461341858,8298.827364506556,0.0,2
0,1,1,0,1,1,0,27,151.00606961620932,1.0,1,1.0266296359594518,1.3688846082816255,1,0,0.8749681,0.12503189,1751.0060696162093,0.12503188848495483,137.53507733345032,1888.5411469496596,0.0,3
0,1,0,0,1,1,1,32,67.58777453164369,1.0,4,1.216622154122759,1.3338633380954563,0,0,0.010512576,0.9894874,4967.587774531644,0.9894874095916748,1088.4361505508423,6056.023925082486,0.0,3
1,1,0,0,1,6,1,31,263.4142856906876,4.0,1,1.2589934649680077,1.3147775977239282,0,0,0.04451733,0.95548266,1863.4142856906876,3.8219306468963623,4204.1237115859985,6067.537997276686,2.0,3
1,1,1,0,1,12,0,27,38.70370109600368,12.0,6,2.3046834580202145,2.3817760260228846,0,1,0.00030024516,0.9996998,7138.703701096004,11.996397256851196,13196.036982536316,20334.74068363232,0.0,1
0,0,1,1,1,1,1,24,118.40308982770752,1.0,0,1.4468573987212747,0.97718771276603,1,0,0.9897127,0.010287285,618.4030898277075,0.010287284851074219,11.31601333618164,629.7191031638891,0.0,3
0,1,0,0,1,12,0,32,175.31659286981582,11.0,3,3.1666952862610955,3.0711299808864645,0,1,0.00044362637,0.99955636,3975.316592869816,10.995119988918304,12094.631987810135,16069.948580679951,1.0,0
1,1,0,0,1,1,0,29,49.09945187539921,1.0,6,2.63184265992026,2.6562693120703464,0,2,0.005306907,0.9946931,7149.0994518754,0.9946931004524231,1094.1624104976654,8243.261862373065,0.0,0
0,1,1,1,1,6,0,31,248.3569549742783,6.0,1,2.125058411766723,2.0514801989395166,1,1,0.022269683,0.97773033,1848.3569549742783,5.866382002830505,6453.020203113556,8301.377158087835,0.0,1
0,1,1,1,1,6,1,27,74.5631273483407,6.0,5,3.4954265543892302,3.4931849732566915,0,1,0.00023855353,0.99976146,6074.5631273483405,5.998568773269653,6598.425650596619,12672.98877794496,0.0,1
0,0,0,0,1,1,0,31,49.8424766234962,1.0,2,2.4087710730551346,1.6788351639373058,1,0,0.9808882,0.019111812,2749.842476623496,0.019111812114715576,21.022993326187134,2770.8654699496833,0.0,3
1,1,0,0,1,1,0,26,132.30582257215093,1.0,0,0.7446546336657343,0.3663267973599255,1,0,0.9992446,0.00075542927,632.3058225721509,0.0007554292678833008,0.8309721946716309,633.1367947668225,0.0,3
1,1,0,0,1,1,0,27,223.0770265134266,1.0,1,3.47442826887,3.5814259790832588,0,2,0.019624202,0.9803758,1823.0770265134265,0.9803758263587952,1078.4134089946747,2901.490435508101,0.0,0
1,0,0,0,1,1,0,28,134.02379452066302,1.0,1,3.1692569894410085,3.0768602923531723,1,2,0.67104965,0.32895035,1734.023794520663,0.32895034551620483,361.8453800678253,2095.869174588488,0.0,0
0,1,1,1,1,6,1,23,35.276584810343046,5.0,6,1.811854797371715,1.837657496395288,0,1,0.016364465,0.98363554,7135.276584810343,4.9181777238845825,5409.995496273041,12545.272081083383,1.0,1
1,1,1,1,1,6,0,25,150.8785117260243,6.0,3,1.5253391835073793,1.5464526417447044,0,1,0.052130535,0.9478695,3950.8785117260245,5.687216877937317,6255.938565731049,10206.817077457074,0.0,1
1,1,0,0,1,1,1,28,202.8695714953415,1.0,1,1.3255571086378608,1.323743796344128,0,0,0.3174083,0.6825917,1802.8695714953415,0.6825916767120361,750.8508443832397,2553.720415878581,0.0,3
0,1,1,1,1,12,1,28,228.29636455793764,12.0,7,2.1304565966137807,2.2405352486229413,0,1,5.1639603e-05,0.9999484,8428.296364557938,11.999380588531494,13199.318647384644,21627.61501194258,0.0,1
1,1,1,0,1,12,1,26,80.66238212954931,12.0,1,0.3260902545510165,0.0,1,1,0.8789894,0.1210106,1680.6623821295493,1.45212721824646,1597.339940071106,3278.0023222006553,0.0,3
1,1,1,1,1,6,0,30,25.88918028240198,6.0,1,3.5214175233162988,3.3317203779024864,0,2,0.0064395336,0.9935605,1625.8891802824019,5.961362957954407,6557.499253749847,8183.388434032249,0.0,1
1,1,1,1,1,6,0,32,131.51536084019958,5.0,2,2.338527728662787,2.3501049704210994,0,1,0.0027171772,0.9972828,2831.5153608401997,4.986414015293121,5485.0554168224335,8316.570777662633,1.0,1
0,1,1,0,1,1,1,29,219.4367262187751,1.0,5,2.9449057243348213,3.0146947490938185,0,2,0.0011640304,0.998836,6219.436726218775,0.9988359808921814,1098.7195789813995,7318.156305200175,0.0,0
1,1,0,0,1,1,0,27,17.911351076405712,1.0,1,1.049342063703354,0.1453722883485475,1,0,0.99962795,0.0003720522,1617.9113510764057,0.0003720521926879883,0.4092574119567871,1618.3206084883625,0.0,3
0,1,1,1,1,1,0,27,7.65208997925555,1.0,0,1.2671365611396843,1.0063452517163958,1,0,0.981472,0.018527985,507.65208997925555,0.018527984619140625,20.380783081054688,528.0328730603103,0.0,3
0,1,1,1,0,12,1,31,47.107326617153,11.0,1,1.5679295462054623,1.7290945620002804,0,3,0.005427363,0.99457264,1647.107326617153,10.940299034118652,12034.328937530518,13681.436264147671,1.0,2
0,1,1,0,1,6,1,31,287.1859956447229,6.0,2,1.481877238770292,1.559308967542619,0,1,0.0066551133,0.9933449,2987.185995644723,5.960069417953491,6556.07635974884,9543.262355393563,0.0,1
1,1,1,1,1,12,1,27,20.447039624125622,12.0,4,0.5935683508662943,0.7435936894772566,0,1,0.0018397156,0.9981603,4920.447039624126,11.97792363166809,13175.7159948349,18096.163034459027,0.0,1
0,1,1,1,1,1,0,27,48.8267527356102,1.0,0,0.5606742979264016,0.3634395193233929,1,0,0.9983553,0.001644671,548.8267527356102,0.0016446709632873535,1.8091380596160889,550.6358907952263,0.0,3
1,0,0,0,1,1,0,33,153.6732461061313,1.0,3,3.188692173088997,3.11172099896668,0,2,0.0052152253,0.9947848,3953.6732461061315,0.9947847723960876,1094.2632496356964,5047.9364957418275,0.0,0
1,1,0,0,1,12,0,31,116.05408247589642,10.0,31,2.3787478129857456,2.3073117793700617,0,1,5.806541e-05,0.99994195,34716.054082475894,9.999419450759888,10999.361395835876,45715.41547831177,2.0,0
1,1,0,0,1,1,1,26,84.32011180145994,1.0,10,2.153606213915765,2.2600818302081858,0,2,0.0019088492,0.99809116,11584.32011180146,0.9980911612510681,1097.900277376175,12682.220389177635,0.0,0
0,1,0,0,1,1,0,31,282.45068184937486,1.0,1,1.418379506177002,1.4221469668487143,0,0,0.109372154,0.89062786,1882.4506818493749,0.8906278610229492,979.6906471252441,2862.141328974619,0.0,3
1,1,1,1,1,12,1,31,142.57992704753548,12.0,1,1.1561005446664865,1.189768376094498,0,1,0.0015922331,0.9984078,1742.5799270475354,11.98089337348938,13178.982710838318,14921.562637885854,0.0,1
0,1,0,0,1,1,1,31,140.41634640733795,1.0,3,0.8352741372472006,0.8213558739889518,0,0,0.060674164,0.9393258,3940.416346407338,0.9393258094787598,1033.2583904266357,4973.674736833974,0.0,3
0,0,0,0,1,1,0,31,71.47910800529985,1.0,4,4.698029064654081,4.482544624234039,0,2,0.0011571705,0.99884284,4971.4791080053,0.9988428354263306,1098.7271189689636,6070.206226974264,0.0,0
1,1,1,1,1,6,1,27,216.0170714134423,6.0,4,0.1391528451405006,0.0545917608875756,0,1,0.0014852632,0.9985147,5116.017071413442,5.991088271141052,6590.1970982551575,11706.2141696686,0.0,1
1,1,0,0,1,6,1,27,204.40896731152705,6.0,1,2.3157839869742625,2.1580587810164147,1,2,0.55321556,0.44678444,1804.408967311527,2.6807066202163696,2948.7772822380066,4753.186249549533,0.0,0
1,1,1,1,1,6,1,32,90.24237917915757,6.0,21,1.3368085783229553,1.384729802793963,0,1,0.0018356057,0.9981644,23690.24237917916,5.988986492156982,6587.885141372681,30278.12752055184,0.0,1
1,1,0,0,1,12,1,26,45.562326174271575,2.0,1,2.4458499396815867,2.522232753138212,0,2,0.11735922,0.8826408,1645.5623261742717,1.7652815580368042,1941.8097138404846,3587.3720400147563,10.0,1
0,1,0,1,1,6,1,30,175.56115857345242,4.0,2,1.1344271878031118,1.1991633803057884,0,0,0.0010013812,0.99899864,2875.5611585734523,3.9959945678710938,4395.594024658203,7271.155183231655,2.0,1
0,1,1,0,1,1,0,28,144.83877992112414,1.0,3,1.9373541131695349,1.835331592783012,0,0,0.055319004,0.944681,3944.838779921124,0.9446809887886047,1039.1490876674652,4983.987867588589,0.0,3
0,1,1,0,1,6,1,36,31.551994431159912,6.0,7,2.389646379102329,2.6128469880021497,0,2,0.00024653942,0.9997535,8231.55199443116,5.998520851135254,6598.372936248779,14829.92493067994,0.0,0
0,1,0,0,1,1,0,28,110.25890823229976,1.0,5,1.8977491735938967,1.7780298959825749,0,0,0.019548252,0.98045176,6110.2589082323,0.980451762676239,1078.496938943863,7188.755847176163,0.0,3
0,0,0,0,1,1,0,32,243.77701014924992,1.0,2,0.6431016453818347,0.1165367367207688,1,0,0.9130809,0.08691913,2943.7770101492497,0.08691912889480591,95.6110417842865,3039.388051933536,0.0,3
0,1,1,1,1,12,1,26,269.15033642222386,12.0,5,1.3350409326211623,1.4716008416276678,0,1,0.00056968303,0.9994303,6269.1503364222235,11.993163585662842,13192.479944229126,19461.63028065135,0.0,1
0,1,0,0,1,6,0,27,172.58541174768413,6.0,4,1.8354028068509685,1.8696691244430288,0,0,0.0032076675,0.9967923,5072.585411747684,5.9807538986206055,6578.829288482666,11651.41470023035,0.0,3
0,1,0,0,1,1,0,24,149.85863472718805,1.0,3,2.192315718861262,1.2552073425142358,1,0,0.9959698,0.0040302277,3949.858634727188,0.0040302276611328125,4.433250427246094,3954.291885154434,0.0,3
1,1,1,1,0,12,1,30,256.68535478657867,11.0,26,1.2026114845370866,1.3840897646798302,0,3,0.00015815624,0.99984187,29356.68535478658,10.99826055765152,12098.086613416672,41454.77196820325,1.0,2
0,1,0,0,1,6,1,29,228.53675325643096,5.0,2,0.1263817615280951,0.2013793689900016,0,0,0.010159036,0.989841,2928.536753256431,4.949204921722412,5444.125413894653,8372.662167151084,1.0,3
1,0,0,0,1,1,0,25,168.60971463349932,1.0,1,1.6254224842406948,0.8523729409209241,1,0,0.99657047,0.003429532,1768.6097146334994,0.0034295320510864258,3.7724852561950684,1772.3821998896944,0.0,3
0,1,0,0,1,12,1,33,161.53532327054938,9.0,1,3.6086748663086334,3.554158958236955,0,1,0.0005066683,0.99949336,1761.5353232705493,8.995440244674683,9894.98426914215,11656.5195924127,3.0,0
0,1,0,0,1,1,0,33,97.80943720551828,1.0,0,1.083470868671227,0.8287219799832821,1,0,0.767484,0.23251599,597.8094372055183,0.23251599073410034,255.76758980751038,853.5770270130287,0.0,3
1,1,1,1,1,12,1,33,241.43728372389305,11.0,7,2.6151104120005413,2.4698478237213624,0,1,0.00020440592,0.9997956,8441.437283723893,10.997751772403717,12097.526949644089,20538.96423336798,1.0,1
0,1,0,0,1,12,0,32,52.21675282986959,12.0,5,1.3004923469678853,1.3361813408807257,0,1,0.0009182526,0.99908173,6052.21675282987,11.988980770111084,13187.878847122192,19240.095599952063,0.0,3
1,0,1,0,1,1,0,26,21.60377913330356,1.0,0,1.7271298668549149,0.2206595732313498,1,0,0.9999858,1.41859055e-05,521.6037791333035,1.4185905456542969e-05,0.015604496002197266,521.6193836293057,0.0,3
0,1,0,0,1,1,0,32,173.78972538583088,1.0,5,2.73785894799587,2.9978347921307025,0,2,0.0007982449,0.9992018,6173.789725385831,0.999201774597168,1099.1219520568848,7272.911677442716,0.0,0
0,0,0,0,1,1,1,31,30.864817430912765,1.0,2,2.4739851987038066,2.396000114295589,0,2,0.036927655,0.96307236,2730.864817430913,0.9630723595619202,1059.3795955181122,3790.244412949025,0.0,0
1,1,0,1,1,1,1,31,101.323360154516,1.0,10,3.206091602379784,3.1927003095820536,0,2,0.0005101196,0.9994899,11601.323360154516,0.9994899034500122,1099.4388937950134,12700.76225394953,0.0,0
1,1,1,1,1,12,0,30,293.59003001557545,12.0,1,1.1656649732704905,1.3160543826641709,0,1,0.00045725927,0.9995427,1893.5900300155754,11.994512557983398,13193.963813781738,15087.553843797314,0.0,1
1,1,1,1,1,1,0,35,114.34709182103018,1.0,7,3.5683459560726942,3.548644109948132,0,2,0.00068831875,0.9993117,8314.34709182103,0.9993116855621338,1099.2428541183472,9413.589945939377,0.0,0
0,1,0,0,1,1,0,30,269.84706484184693,1.0,1,2.985722840392723,3.017419254757964,0,2,0.094775856,0.90522414,1869.847064841847,0.9052241444587708,995.7465589046478,2865.593623746495,0.0,0
0,1,1,0,1,12,1,30,69.39137422013381,8.0,1,2.7035036734040743,2.7383069243042724,0,1,0.0114430925,0.9885569,1669.391374220134,7.9084553718566895,8699.300909042358,10368.692283262491,4.0,1
1,1,0,0,1,1,1,29,154.7098169226145,1.0,14,1.7615673572350927,1.7060988875021212,0,2,0.0011342479,0.9988657,16054.709816922614,0.9988657236099243,1098.7522959709167,17153.462112893532,0.0,0
1,1,1,0,1,12,1,27,164.31955679589976,10.0,5,0.8115714421572253,0.8316864432861727,0,1,0.00012919215,0.99987084,6164.3195567959,9.998708367347717,10998.579204082489,17162.89876087839,2.0,1
0,1,0,0,1,1,1,31,171.90843623691978,1.0,7,2.8449511629451765,2.7429891663199903,0,2,0.0005951299,0.99940485,8371.90843623692,0.9994048476219177,1099.3453323841095,9471.253768621029,0.0,0
1,1,0,1,1,12,1,28,215.8526291503753,12.0,3,0.0,0.0,0,1,0.0021465253,0.99785346,4015.8526291503754,11.974241495132446,13171.665644645691,17187.518273796068,0.0,1
0,0,0,0,0,1,0,23,154.5452103820751,1.0,4,2.6737364147761213,2.5897904392892794,0,3,0.079075366,0.92092466,5054.545210382075,0.9209246635437012,1013.0171298980713,6067.562340280147,0.0,2
0,1,0,1,0,1,0,30,165.24958649485296,1.0,4,2.2075967518497444,2.244888267279819,0,3,0.0052863513,0.99471366,5065.249586494853,0.9947136640548706,1094.1850304603577,6159.434616955211,0.0,2
0,1,1,1,1,6,1,30,198.5785144284624,5.0,8,4.088374567546111,4.040603809590706,0,2,0.00014517434,0.9998548,9498.578514428462,4.999274015426636,5499.201416969299,14997.779931397761,1.0,1
1,0,1,0,1,1,0,33,287.8679842998414,1.0,1,1.3511188119918691,1.2404070223064796,0,0,0.056240916,0.9437591,1887.8679842998413,0.9437590837478638,1038.1349921226501,2926.0029764224914,0.0,3
0,1,0,0,1,1,0,31,90.12913290806708,1.0,9,2.900216023746024,2.888705791904333,0,2,0.0007835971,0.9992164,10490.129132908067,0.9992163777351379,1099.1380155086517,11589.267148416719,0.0,0
1,1,0,0,1,1,0,30,203.4717522786964,1.0,2,1.3763529912642234,1.361139854073408,0,0,0.11920391,0.8807961,2903.4717522786964,0.8807960748672485,968.8756823539734,3872.34743463267,0.0,3
1,1,0,0,0,1,1,32,89.98505806299778,1.0,1,2.0641655204519225,2.10123895810467,0,3,0.072656065,0.92734396,1689.9850580629977,0.9273439645767212,1020.0783610343933,2710.063419097391,0.0,2
1,1,0,0,1,1,0,35,1.600346951440585,1.0,2,1.0454379897916342,0.8903463958147915,1,0,0.6512054,0.34879458,2701.6003469514408,0.3487945795059204,383.67403745651245,3085.274384407953,0.0,3
0,1,0,0,1,1,0,26,127.46449929048175,1.0,1,2.248209190783067,2.4986556871061016,1,2,0.62063473,0.37936527,1727.4644992904819,0.3793652653694153,417.3017919063568,2144.7662911968387,0.0,0
1,1,1,0,1,1,0,28,65.3011863314245,1.0,1,2.6597549634417184,1.5159539187733138,1,0,0.9961628,0.0038372278,1665.3011863314246,0.0038372278213500977,4.220950603485107,1669.5221369349097,0.0,3
1,1,0,0,1,12,0,37,299.17953733356467,12.0,2,1.7861693680690545,1.732090335683895,0,1,0.0010517761,0.9989482,2999.1795373335644,11.987378597259521,13186.116456985474,16185.295994319038,0.0,0
1,1,1,1,1,12,1,30,246.0790629662445,9.0,11,0.0064356961313476,0.0,0,1,0.00019275739,0.99980724,12846.079062966244,8.998265147209167,9898.091661930084,22744.17072489633,3.0,1
1,1,1,1,1,12,1,34,262.9931157829711,9.0,6,1.5701607531114723,1.4885438587683812,0,1,0.00026814287,0.99973184,7362.9931157829715,8.9975865483284,9897.34520316124,17260.33831894421,3.0,1
0,1,1,1,1,6,1,27,259.92553579305815,6.0,4,1.4439051925032134,1.460368990306515,0,1,0.003994154,0.99600583,5159.925535793058,5.976034998893738,6573.638498783112,11733.56403457617,0.0,1
0,0,0,0,1,1,1,32,70.06782540019435,1.0,2,0.4726228532440955,0.3683595447881656,0,0,0.062402826,0.93759716,2770.067825400194,0.9375971555709839,1031.3568711280823,3801.4246965282764,0.0,3
0,1,1,1,1,12,0,30,158.4071384442397,11.0,1,1.4692737957619273,1.5414041843988129,0,1,0.0029631837,0.9970368,1758.4071384442398,10.967404961585999,12064.145457744598,13822.552596188838,1.0,1
0,1,0,0,1,1,0,21,265.944604572652,1.0,1,2.141544131445925,2.080420375990783,1,0,0.9525299,0.047470093,1865.944604572652,0.0474700927734375,52.21710205078125,1918.1617066234332,0.0,3
0,1,1,1,1,12,0,24,204.61294994263653,12.0,2,2.1043314996815106,2.1136347374226627,0,1,0.0071754144,0.9928246,2904.6129499426365,11.91389536857605,13105.284905433655,16009.897855376292,0.0,1
1,0,0,0,1,1,0,31,80.9073366403753,1.0,0,2.6282557206515755,2.5930920259648347,0,2,0.6827715,0.3172285,580.9073366403753,0.3172284960746765,348.95134568214417,929.8586823225195,0.0,0
1,0,0,0,1,6,1,30,250.6977994168339,6.0,1,3.197085142498408,3.4191444557138686,0,2,0.006488595,0.9935114,1850.697799416834,5.961068272590637,6557.175099849701,8407.872899266535,0.0,0
0,1,1,1,1,12,1,34,96.0876091758984,11.0,4,2.37081128336438,2.3025028669131165,0,1,0.00013884688,0.9998612,4996.087609175898,10.9984729886055,12098.32028746605,17094.407896641947,1.0,1
0,1,1,0,1,6,1,35,225.1850042759018,6.0,2,1.2024845980573755,1.164569401778136,0,1,0.0034391151,0.9965609,2925.185004275902,5.979365229606628,6577.301752567291,9502.486756843193,0.0,1
0,1,0,0,1,1,0,26,147.9656408078873,1.0,0,1.4160322383521864,0.5976294921335052,1,0,0.9994229,0.00057709217,647.9656408078873,0.000577092170715332,0.6348013877868652,648.6004421956742,0.0,3
1,1,1,0,1,1,1,23,81.20212028036187,1.0,1,0.1593155217317152,0.0,1,0,0.97392726,0.02607274,1681.202120280362,0.02607274055480957,28.680014610290527,1709.8821348906524,0.0,3
0,1,0,0,1,1,1,26,161.14258537039876,1.0,0,1.9204855836140264,0.9603138262870246,1,0,0.99904317,0.00095683336,661.1425853703988,0.0009568333625793457,1.0525166988372803,662.1951020692361,0.0,3
0,0,0,0,1,1,0,25,125.70563462198736,1.0,1,1.0336248159276311,0.0,1,0,0.99906284,0.00093716383,1725.7056346219874,0.0009371638298034668,1.0308802127838135,1726.7365148347712,0.0,3
1,1,0,1,1,1,1,27,180.02602210873505,1.0,2,1.5750632100497826,1.4032586997932457,0,0,0.3265383,0.6734617,2880.026022108735,0.6734616756439209,740.807843208313,3620.833865317048,0.0,3
1,1,1,0,1,1,0,34,21.794636302046104,1.0,8,1.3927587411085005,1.389592138869058,0,0,0.015947467,0.98405254,9321.794636302046,0.9840525388717651,1082.4577927589417,10404.252429060987,0.0,3
0,1,1,1,1,6,1,27,37.679740507909386,6.0,11,0.7628655358055139,1.010568848086142,0,1,0.008329604,0.99167037,12637.679740507909,5.950022220611572,6545.0244426727295,19182.70418318064,0.0,1
1,1,0,0,0,1,0,23,257.7217488706427,1.0,2,3.5664313554268112,3.5721594832060486,0,3,0.049370904,0.9506291,2957.721748870643,0.9506291151046753,1045.6920266151428,4003.4137754857857,0.0,2
0,1,0,1,1,6,0,29,98.6952598267108,5.0,3,2.7224650710789846,2.6870430665025498,0,2,0.0034916655,0.99650836,3898.6952598267108,4.982541799545288,5480.795979499817,9379.491239326528,1.0,1
1,1,0,0,1,12,0,36,156.80975640745154,12.0,3,0.5860735563476944,0.6221730505023947,0,1,0.00036483293,0.99963516,3956.8097564074515,11.995621919631958,13195.184111595154,17151.993868002606,0.0,3
1,0,1,0,1,1,1,26,38.7980962590864,1.0,0,1.057863321359612,0.815280739324405,1,0,0.9904323,0.009567678,538.7980962590864,0.009567677974700928,10.52444577217102,549.3225420312574,0.0,3
0,1,1,1,1,6,1,28,242.15224265279164,6.0,4,2.7881180116245163,2.703736907256316,0,1,0.0010360488,0.99896395,5142.152242652792,5.993783712387085,6593.1620836257935,11735.314326278585,0.0,1
0,1,0,1,1,12,0,30,196.701753334316,12.0,6,3.4040935785218167,3.481670820862024,0,1,2.5830084e-05,0.9999742,7296.701753334316,11.999690294265747,13199.659323692322,20496.36107702664,0.0,0
1,1,0,0,0,6,1,31,278.59917093721407,6.0,9,2.675603454802048,2.607345932248685,0,3,0.0006955897,0.9993044,10678.599170937214,5.995826482772827,6595.40913105011,17274.008301987324,0.0,2
1,1,1,0,1,1,0,31,11.916705165936277,1.0,0,1.7794570650211308,1.332878085116398,1,0,0.94876575,0.051234245,511.91670516593626,0.05123424530029297,56.357669830322266,568.2743749962585,0.0,3
0,0,1,1,1,1,0,30,84.78552222511374,1.0,1,1.2439155395970958,0.0,1,0,0.9995365,0.00046348572,1684.7855222251137,0.0004634857177734375,0.5098342895507812,1685.2953565146645,0.0,3
0,1,1,1,1,12,1,24,125.43144201013806,10.0,2,3.067266186450181,3.1616184994184344,0,1,0.0008778634,0.99912214,2825.431442010138,9.99122142791748,10990.343570709229,13815.775012719367,2.0,1
0,1,1,1,1,1,0,31,187.3612457644976,1.0,2,1.7163001814425822,1.7337011187204634,0,0,0.035741776,0.9642582,2887.3612457644977,0.9642581939697266,1060.6840133666992,3948.045259131197,0.0,1
0,0,0,0,1,1,0,29,81.6317751381772,1.0,1,1.2956839606834067,0.8913150528766658,1,0,0.9462408,0.053759217,1681.631775138177,0.053759217262268066,59.13513898849487,1740.766914126672,0.0,3
0,0,1,0,1,12,1,32,552.5907403868798,12.0,1,0.8878591925584878,0.939303540309592,0,1,0.004884766,0.9951152,2152.5907403868796,11.941382646560669,13135.520911216736,15288.111651603616,0.0,1
0,1,0,0,1,12,1,32,290.04739352712,11.0,12,2.1851129626660657,2.204389465003417,0,1,3.693183e-05,0.99996305,13990.04739352712,10.999593496322632,12099.552845954895,26089.600239482017,1.0,0
0,0,0,0,0,1,0,31,279.0033804874264,1.0,9,1.897191253106352,1.885118702648645,0,3,0.0011412579,0.99885875,10679.003380487426,0.9988587498664856,1098.7446248531342,11777.74800534056,0.0,2
1,1,1,0,1,1,0,32,180.7635899102696,1.0,1,1.6116635562137778,1.7633033974310193,0,0,0.09308227,0.90691775,1780.7635899102695,0.9069177508354187,997.6095259189606,2778.3731158292303,0.0,3
0,0,0,0,1,1,0,29,154.97800029707574,1.0,0,1.495421395539349,0.7192976863414229,1,0,0.998483,0.0015169978,654.9780002970757,0.0015169978141784668,1.6686975955963135,656.646697892672,0.0,3
1,1,1,0,1,12,1,35,147.8265127392659,12.0,1,2.1773326132885047,2.26167405321954,0,1,0.0043077795,0.9956922,1747.8265127392658,11.948306322097778,13143.136954307556,14890.963467046822,0.0,1
0,0,0,0,0,1,0,31,136.9172943213195,1.0,2,0.6010591159822113,0.0,1,3,0.9900317,0.009968281,2836.9172943213193,0.009968280792236328,10.965108871459961,2847.8824031927793,0.0,2
0,1,0,0,0,1,0,30,107.73050682718424,1.0,0,1.1885843149475952,1.481934797967725,1,3,0.73308295,0.26691705,607.7305068271843,0.26691704988479614,293.60875487327576,901.33926170046,0.0,2
1,1,0,0,1,1,0,26,195.0872189157629,1.0,14,1.6727461107351336,1.5195068511943142,0,2,0.022060793,0.9779392,16095.087218915764,0.9779391884803772,1075.733107328415,17170.82032624418,0.0,0
1,0,0,0,1,1,1,28,161.8120374777373,1.0,6,3.0435520315227915,2.9495967922077115,0,2,0.00094996585,0.99905,7261.812037477737,0.9990500211715698,1098.9550232887268,8360.767060766464,0.0,0
1,1,0,0,1,12,0,25,223.25045973551929,12.0,1,0.0,0.0,0,0,0.12942593,0.87057406,1823.2504597355194,10.44688868522644,11491.577553749084,13314.828013484605,0.0,3
1,1,0,0,1,6,1,34,110.95673103075208,6.0,1,0.7300136961459263,0.8289573195366374,0,0,0.010099932,0.98990005,1710.956731030752,5.939400315284729,6533.340346813202,8244.297077843954,0.0,3
1,1,0,0,1,12,1,30,283.54120445319506,12.0,2,2.0463443006420725,2.236970696331936,0,1,0.0020221043,0.9979779,2983.541204453195,11.975734949111938,13173.308444023132,16156.849648476327,0.0,0
1,1,0,1,1,12,1,30,140.98675852112308,10.0,4,2.3182739146352938,2.349477203259809,0,1,0.0004950983,0.9995049,5040.986758521123,9.995049238204956,10994.554162025452,16035.540920546575,2.0,1
0,1,1,0,1,6,1,29,13.295275364007326,6.0,3,1.2163849186904334,1.178247785222527,0,0,0.015977351,0.9840227,3813.2952753640075,5.904136061668396,6494.549667835236,10307.844943199243,0.0,3
1,1,0,0,1,6,1,31,219.6158757471227,6.0,1,1.7385623353727342,1.8261102997740275,0,2,0.017557742,0.98244226,1819.6158757471226,5.894653558731079,6484.118914604187,8303.73479035131,0.0,0
0,1,1,0,1,1,0,30,93.944968168867,1.0,9,2.7108367747786737,2.639960429519148,0,2,0.0018531978,0.9981468,10493.944968168867,0.9981467723846436,1097.961449623108,11591.906417791975,0.0,0
1,1,1,0,1,1,0,28,247.59890768086257,1.0,2,3.3458116241966183,3.362321061372063,0,2,0.00874469,0.9912553,2947.598907680863,0.9912552833557129,1090.3808116912842,4037.979719372147,0.0,0
0,0,1,1,1,12,0,30,47.302766561177634,12.0,5,2.1714442367769564,2.1848575910974817,0,1,0.00026437241,0.99973565,6047.302766561178,11.996827840805054,13196.510624885559,19243.813391446736,0.0,1
0,1,0,0,1,12,1,31,221.10035970319973,12.0,3,2.4099161919966794,2.432461735431392,0,1,0.001220042,0.99877995,4021.1003597031995,11.98535943031311,13183.895373344421,17204.99573304762,0.0,0
1,1,1,1,1,6,0,30,10.081277088784615,5.0,6,0.2590650819254869,0.3587787411917959,0,0,0.011589264,0.9884107,7110.081277088784,4.942053556442261,5436.258912086487,12546.340189175271,1.0,1
1,1,0,0,1,1,1,33,208.07167249654805,1.0,8,1.9744165809482888,1.5187662566696254,1,2,0.6087093,0.39129072,9508.071672496548,0.39129072427749634,430.419796705246,9938.491469201794,0.0,0
1,1,0,0,1,1,1,24,98.72957048763855,1.0,1,2.4797322478146144,2.9768044044857342,1,2,0.77680236,0.22319764,1698.7295704876385,0.22319763898849487,245.51740288734436,1944.2469733749829,0.0,0
1,1,1,1,1,12,1,33,29.40562926412387,12.0,1,1.3821282076638737,1.4832429990502107,0,1,0.008830586,0.9911694,1629.405629264124,11.894032716751099,13083.435988426208,14712.841617690332,0.0,1
0,1,1,1,1,12,1,28,457.406478555648,9.0,1,1.7180641106434795,1.6558715117824805,0,1,0.0038635454,0.9961364,2057.406478555648,8.965227842330933,9861.750626564026,11919.157105119673,3.0,1
1,1,1,1,1,12,1,25,200.49951991782183,12.0,1,1.8476955514371431,1.894034248589073,0,1,0.016009364,0.9839906,1800.4995199178218,11.807887315750122,12988.676047325134,14789.175567242955,0.0,1
1,1,0,0,1,1,1,27,352.19522756676366,1.0,2,2.3111371904068765,2.3407715954931616,0,2,0.010174272,0.9898257,3052.1952275667636,0.9898257255554199,1088.808298110962,4141.0035256777255,0.0,0
1,1,0,1,1,1,1,30,163.53735157941753,1.0,8,1.8603767237435127,2.029575198612966,0,2,0.00085623097,0.9991438,9463.537351579418,0.9991437792778015,1099.0581572055817,10562.595508785,0.0,0
1,1,1,1,1,6,0,28,13.586563808387242,6.0,1,3.3160655047192265,3.273927523301212,0,1,0.010539698,0.9894603,1613.5865638083872,5.936761736869812,6530.437910556793,8144.02447436518,0.0,1
0,1,0,0,1,1,0,28,108.92574783433624,1.0,0,1.7572857851197137,2.0945651136254715,1,0,0.97229236,0.027707636,608.9257478343362,0.02770763635635376,30.478399991989136,639.4041478263254,0.0,3
1,1,1,1,1,1,1,35,100.99788478733744,1.0,8,1.6458528375937038,1.6517310058501142,0,2,0.0013069758,0.99869305,9400.997884787337,0.99869304895401,1098.562353849411,10499.560238636748,0.0,1
1,1,0,0,1,1,0,28,36.90839248124439,1.0,5,2.8009909235631416,2.8098102438312327,0,2,0.004671914,0.99532807,6036.908392481244,0.9953280687332153,1094.8608756065369,7131.769268087781,0.0,0
0,1,0,0,1,1,0,27,26.73796033491593,1.0,3,0.2504800137096269,0.3782040538671221,0,0,0.18937282,0.81062716,3826.737960334916,0.8106271624565125,891.6898787021637,4718.42783903708,0.0,3
0,1,1,1,1,1,0,25,95.14059114233936,1.0,2,1.7446593773802952,0.3019185701453431,1,0,0.9998809,0.00011909008,2795.1405911423394,0.00011909008026123047,0.13099908828735352,2795.2715902306268,0.0,3
1,1,0,0,1,1,0,27,37.6183704343856,1.0,6,3.096741003968395,3.017834620892338,0,2,0.012488241,0.98751175,7137.618370434386,0.9875117540359497,1086.2629294395447,8223.88129987393,0.0,0
0,1,1,1,1,12,0,32,181.4188513740968,12.0,3,1.9949325002474445,1.9186477064120435,0,1,0.0002114107,0.9997886,3981.418851374097,11.99746298789978,13197.209286689758,17178.628138063854,0.0,1
0,1,0,0,1,1,0,27,277.7491168212823,1.0,1,2.5242751938754417,2.3912438265662392,0,2,0.15616715,0.84383285,1877.7491168212823,0.8438328504562378,928.2161355018616,2805.965252323144,0.0,0
0,0,0,0,1,1,1,28,20.4566155661218,1.0,4,3.5186264208190323,3.415389530046244,0,2,0.0009117216,0.9990883,4920.456615566121,0.9990882873535156,1098.9971160888672,6019.453731654989,0.0,0
1,1,1,1,1,12,1,20,100.19800725914509,5.0,5,2.2130915081089446,2.345300895690297,0,1,0.0033303304,0.99666965,6100.198007259145,4.983348250389099,5481.683075428009,11581.881082687154,7.0,1
1,1,0,0,1,1,1,37,76.26397153099406,1.0,2,2.4693133944853645,2.4026405378082987,0,2,0.006123077,0.99387693,2776.2639715309942,0.9938769340515137,1093.264627456665,3869.5285989876593,0.0,0
1,1,1,1,1,12,1,32,4.920061554950221,12.0,0,3.7342996194697538,3.6846518578583054,0,1,0.0020228925,0.9979771,504.9200615549502,11.975724935531616,13173.297429084778,13678.217490639729,0.0,1
0,1,0,0,1,1,1,36,183.6455996247281,1.0,6,2.65705045877232,2.6482531985571023,0,2,0.00078292534,0.9992171,7283.645599624728,0.9992170929908752,1099.1388022899628,8382.78440191469,0.0,0
0,0,0,0,1,12,1,24,274.5614991855627,7.0,15,1.2096509635358197,1.2405015030551765,0,1,0.0013022089,0.9986978,17274.561499185562,6.990884721279144,7689.973193407059,24964.53469259262,5.0,1
0,1,1,1,1,12,0,28,84.89121627537787,11.0,1,2.8167485742019456,2.7679725707966427,0,1,0.0050375927,0.9949624,1684.891216275378,10.944586336612701,12039.044970273972,13723.93618654935,1.0,1
1,0,1,0,1,6,1,27,7.200534907109827,6.0,5,2.725371718849836,2.702925839263206,0,2,0.0007107517,0.9992893,6007.20053490711,5.9957356452941895,6595.309209823608,12602.509744730718,0.0,0
1,0,1,1,1,1,0,28,196.66093826256167,1.0,4,2.593065076364162,2.442352215996268,0,2,0.009174415,0.9908256,5096.660938262562,0.9908255934715271,1089.9081528186798,6186.569091081242,0.0,1
0,1,0,0,1,6,0,34,125.65763947651428,6.0,2,1.221617219100654,1.2695210861205497,0,0,0.0076835966,0.9923164,2825.6576394765143,5.953898549079895,6549.2884039878845,9374.946043464399,0.0,3
1,1,0,0,1,1,0,29,50.50142704436972,1.0,1,1.4840683950188247,1.173777902212741,1,0,0.9602699,0.039730072,1650.5014270443696,0.039730072021484375,43.70307922363281,1694.2045062680024,0.0,3
0,1,0,0,1,12,0,33,267.47205747666857,4.0,1,0.7632647031326634,0.8246032352617872,0,0,0.028665911,0.9713341,1867.4720574766686,3.885336399078369,4273.870038986206,6141.342096462875,8.0,1
0,1,0,0,0,1,0,30,152.3407765457481,1.0,2,1.9515519349698711,1.0589058788860948,1,3,0.98792076,0.012079239,2852.340776545748,0.012079238891601562,13.287162780761719,2865.62793932651,0.0,2
0,1,1,1,1,12,1,30,191.3838798415796,12.0,11,1.867538385633848,1.7953775609599485,0,1,0.0001317992,0.9998682,12791.38387984158,11.99841856956482,13198.260426521301,25989.644306362883,0.0,1
1,1,0,0,1,1,0,30,358.88764731678435,1.0,1,4.152055498946529,4.037862769457233,0,2,0.0011837865,0.9988162,1958.8876473167843,0.998816192150116,1098.6978113651276,3057.585458681912,0.0,0
0,1,0,0,1,1,0,28,72.10447535962639,1.0,5,0.8439153115212648,0.928676927148038,0,0,0.015416271,0.98458374,6072.104475359626,0.9845837354660034,1083.0421090126038,7155.14658437223,0.0,3
0,0,0,0,1,1,0,25,30.71265251383784,1.0,1,1.840853506515561,0.8066342804447373,1,0,0.99963295,0.0003670454,1630.7126525138378,0.00036704540252685547,0.403749942779541,1631.1164024566174,0.0,3
1,1,0,1,1,1,1,25,267.6454794880021,1.0,4,3.0473617839279465,3.233859098386608,0,2,0.014422203,0.9855778,5167.645479488002,0.9855778217315674,1084.1356039047241,6251.781083392726,0.0,0
0,1,0,0,1,12,0,27,79.84522427742365,12.0,0,1.0079479250833887,1.0337781056411504,1,1,0.6504184,0.3495816,579.8452242774237,4.194979190826416,4614.477109909058,5194.322334186481,0.0,3
1,1,1,1,1,12,1,30,97.37332370027252,12.0,1,3.0339467878058595,3.043235858572748,0,1,0.009940726,0.99005926,1697.3733237002725,11.880711078643799,13068.782186508179,14766.155510208451,0.0,1
1,1,0,1,1,1,0,32,161.67687955234467,1.0,5,1.9172877959337653,1.9792576554762893,0,2,0.0010294822,0.9989705,6161.676879552345,0.9989705085754395,1098.8675594329834,7260.544438985328,0.0,0
0,0,0,0,1,1,1,24,131.6940837184188,1.0,1,1.587589070297192,1.6575126924409174,0,0,0.56415015,0.43584985,1731.6940837184188,0.4358498454093933,479.43482995033264,2211.1289136687515,0.0,3
0,1,1,1,1,6,0,27,25.684052170776468,6.0,1,1.0198362597209978,1.4757559041674946,1,0,0.808486,0.19151402,1625.6840521707766,1.1490840911865234,1263.9925003051758,2889.676552475952,0.0,1
1,1,0,0,1,1,0,30,122.87642857489251,1.0,2,2.3120624317954976,1.7740618257333058,1,2,0.89788884,0.10211116,2822.8764285748925,0.10211116075515747,112.32227683067322,2935.1987054055658,0.0,0
0,0,1,0,1,1,0,32,63.67269984123503,1.0,8,1.5756330384317965,1.616485258577054,0,0,0.0022977665,0.99770224,9363.672699841234,0.9977022409439087,1097.4724650382996,10461.145164879534,0.0,3
1,0,1,0,1,1,0,27,266.30378058803416,1.0,1,1.5971578340056745,0.0802991222686166,1,0,0.9998485,0.000151515,1866.3037805880342,0.00015151500701904297,0.16666650772094727,1866.4704470957552,0.0,3
1,1,0,0,1,1,0,25,164.30956056437643,1.0,0,2.2455423761069886,2.123614751997357,1,0,0.9907442,0.0092558265,664.3095605643764,0.009255826473236084,10.181409120559692,674.4909696849361,0.0,3
0,1,1,1,1,6,1,28,51.973905496784354,6.0,3,3.1424316631318177,2.9983363838420862,0,1,0.0038747631,0.9961252,3851.9739054967845,5.976751327514648,6574.426460266113,10426.400365762898,0.0,1
1,0,1,0,1,1,0,25,19.493533340428048,1.0,0,0.3239577244199934,0.0,1,0,0.99933356,0.00066643953,519.493533340428,0.0006664395332336426,0.7330834865570068,520.226616826985,0.0,3
1,1,1,0,1,12,0,26,174.9963029192636,12.0,3,2.1626451124575703,2.3031390284746625,0,1,0.0013668792,0.99863315,3974.9963029192636,11.983597755432129,13181.957530975342,17156.953833894604,0.0,1
0,1,1,1,1,1,0,31,44.852110464178175,1.0,3,1.7334016305719226,1.4827570164640929,0,0,0.13114116,0.8688588,3844.852110464178,0.868858814239502,955.7446956634521,4800.596806127631,0.0,1
1,1,0,0,1,12,1,33,275.02508398561,11.0,4,0.4029455891792824,0.5084313113858941,0,1,0.000105191066,0.9998948,5175.02508398561,10.998842775821686,12098.727053403854,17273.752137389463,1.0,3
1,0,1,0,1,1,0,28,34.1996574013703,1.0,7,3.584781966927023,3.5667481549595617,0,2,0.00088812603,0.9991119,8234.19965740137,0.9991118907928467,1099.0230798721313,9333.222737273501,0.0,0
1,1,0,0,1,6,0,26,396.0704467867084,6.0,1,2.326106555161265,2.3854122018549595,0,2,0.030568434,0.9694316,1996.0704467867083,5.8165894746780396,6398.2484221458435,8394.318868932553,0.0,0
1,1,1,1,1,1,1,29,176.0513660927139,1.0,6,1.3962355642710156,1.3536717016523732,0,0,0.0017544014,0.9982456,7276.051366092714,0.9982455968856812,1098.0701565742493,8374.121522666963,0.0,1
0,0,1,0,1,1,0,30,26.989301288349463,1.0,2,2.8606957304628584,2.8331988793236897,0,2,0.08737436,0.9126257,2726.9893012883495,0.9126256704330444,1003.8882374763489,3730.8775387646983,0.0,0
1,1,0,0,1,12,1,34,112.88942529434284,12.0,1,1.1373377570431231,1.1151631406368696,0,1,0.0053413836,0.9946586,1712.8894252943428,11.935903072357178,13129.493379592896,14842.382804887238,0.0,3
0,0,1,0,1,1,1,27,121.74319804803676,1.0,1,2.1066874398252,2.1171925121596824,1,0,0.6772735,0.3227265,1721.7431980480367,0.3227264881134033,354.99913692474365,2076.7423349727806,0.0,3
0,1,1,0,1,6,1,23,141.58747056342338,6.0,2,0.0,0.0,0,0,0.14815152,0.8518485,2841.5874705634233,5.111090898513794,5622.199988365173,8463.787458928597,0.0,3
1,1,1,0,1,1,0,24,250.050054686681,1.0,1,1.9564379975269512,1.4836121846500547,1,0,0.9907245,0.009275496,1850.050054686681,0.009275496006011963,10.20304560661316,1860.2531002932942,0.0,3
0,1,0,0,1,1,1,33,209.4513786790856,1.0,5,1.4587758274162068,1.5078165010888511,0,2,0.0013288048,0.9986712,6209.451378679086,0.9986711740493774,1098.5382914543152,7307.989670133401,0.0,0
1,1,0,0,0,6,1,29,83.70086970524274,6.0,4,2.271472195227369,2.4192440564493616,0,3,0.0021910833,0.99780893,4983.700869705242,5.98685359954834,6585.538959503174,11569.239829208416,0.0,2
1,0,1,0,1,1,1,28,50.09310515449668,1.0,0,1.4625105806526997,0.6996008249340102,1,0,0.9997907,0.00020927191,550.0931051544967,0.00020927190780639648,0.23019909858703613,550.3233042530837,0.0,3
1,1,0,0,1,1,0,29,220.1855200297689,1.0,3,0.7164604480819725,0.5781450760597541,0,0,0.053352997,0.946647,4020.1855200297687,0.9466469883918762,1041.3116872310638,5061.4972072608325,0.0,3
1,1,1,0,1,1,1,28,272.1537800794748,1.0,23,3.020038658452488,3.0292756951327187,0,2,0.0008398715,0.9991601,26072.153780079476,0.99916011095047,1099.076122045517,27171.229902124993,0.0,0
1,1,1,0,1,12,1,26,242.09340750398263,12.0,2,2.896090713119189,2.806799871244346,0,1,0.0010836533,0.9989163,2942.0934075039827,11.986995935440063,13185.69552898407,16127.788936488052,0.0,0
0,1,0,1,1,6,0,25,62.92241079350276,5.0,0,2.223131317580967,1.3380290355263602,1,0,0.9976285,0.00237149,562.9224107935028,0.011857450008392334,13.043195009231567,575.9656058027343,1.0,3
0,1,1,0,1,1,1,30,169.25103656268817,1.0,10,2.5331242734371826,2.3600769434608586,0,2,0.0008310446,0.99916893,11669.251036562688,0.9991689324378967,1099.0858256816864,12768.336862244374,0.0,0
0,1,0,0,1,1,0,24,60.912566727927405,1.0,1,2.835538055442108,2.7652467800145133,0,2,0.46753877,0.5324612,1660.9125667279275,0.5324612259864807,585.7073485851288,2246.6199153130565,0.0,0
1,1,0,0,1,1,0,27,123.2195957781072,1.0,0,2.4059435422246223,2.5318176639640253,1,2,0.90330046,0.096699536,623.2195957781072,0.0966995358467102,106.36948943138123,729.5890852094884,0.0,0
1,1,0,0,1,1,0,26,257.27825032737485,1.0,2,3.7422239000741415,3.7403273707998856,0,2,0.02436523,0.97563475,2957.2782503273747,0.975634753704071,1073.1982290744781,4030.476479401853,0.0,0
1,1,1,1,1,12,0,27,265.1072385419513,10.0,5,2.14562035865787,1.9177309797257425,0,1,0.0007712925,0.9992287,6265.107238541951,9.992287158966064,10991.51587486267,17256.62311340462,2.0,1
1,1,1,0,1,12,1,29,69.97534909742677,12.0,7,3.031378078362588,2.9303239618758288,0,1,0.00012489453,0.9998751,8269.975349097427,11.998501539230347,13198.351693153381,21468.327042250807,0.0,0
0,1,1,1,1,12,1,31,85.73848174763819,12.0,6,2.7545719614606194,2.665089419155533,0,1,0.00039786324,0.99960214,7185.738481747639,11.995225667953491,13194.74823474884,20380.486716496478,0.0,1
1,0,1,0,1,1,0,29,6.422385227649058,1.0,1,1.9003175587481853,1.6441763619182233,1,0,0.9377295,0.062270522,1606.422385227649,0.062270522117614746,68.49757432937622,1674.9199595570253,0.0,3
1,1,1,1,1,12,1,28,360.3221300600816,12.0,4,3.2670689012926246,3.2605239324567057,0,1,4.1453153e-05,0.9999586,5260.322130060082,11.999502897262573,13199.45318698883,18459.775317048912,0.0,1
0,1,0,0,1,1,1,29,272.2287635995464,1.0,2,1.2291897250730324,0.2826620874464241,1,0,0.9977609,0.002239108,2972.2287635995463,0.0022391080856323242,2.4630188941955566,2974.691782493742,0.0,3
1,1,1,1,1,1,0,32,175.69974641695518,1.0,0,1.388608874878562,1.0064242878770977,1,0,0.7532532,0.24674678,675.6997464169551,0.24674677848815918,271.4214563369751,947.1212027539302,0.0,1
0,1,1,0,1,1,0,25,88.42962525544813,1.0,4,2.088593642315879,2.056126982941324,0,0,0.13187502,0.86812496,4988.429625255448,0.8681249618530273,954.9374580383301,5943.367083293778,0.0,3
0,1,1,1,1,12,0,28,320.4719933466525,8.0,2,1.282495458741917,0.5359760049303319,1,1,0.9543662,0.045633793,3020.4719933466527,0.3650703430175781,401.57737731933594,3422.0493706659886,4.0,1
0,1,0,0,1,1,0,31,18.33467741051173,1.0,2,0.4671503087505493,0.569598205860352,0,0,0.10530408,0.89469594,2718.3346774105116,0.8946959376335144,984.1655313968658,3702.5002088073775,0.0,3
1,1,1,0,1,12,0,28,43.44094932384397,9.0,3,3.6406667400798063,3.720636058594738,0,1,0.0002641749,0.99973583,3843.440949323844,8.9976224899292,9897.38473892212,13740.825688245963,3.0,0
0,1,0,0,1,1,1,32,102.61637419379971,1.0,4,1.2351400353434687,1.0426580429954972,0,0,0.024379618,0.9756204,5002.6163741938,0.9756203889846802,1073.1824278831482,6075.798802076948,0.0,3
0,1,1,0,1,1,0,29,82.5963714730878,1.0,3,2.0466757840258567,1.9461706624674429,0,0,0.067847736,0.9321523,3882.596371473088,0.932152271270752,1025.3674983978271,4907.963869870915,0.0,3
0,1,0,0,1,1,1,29,202.3444835122049,1.0,2,2.5588075437515734,2.5042737240898902,0,2,0.030797448,0.9692026,2902.344483512205,0.9692025780677795,1066.1228358745575,3968.4673193867625,0.0,0
1,1,0,0,0,1,1,31,342.1125579154743,1.0,10,1.7345026176811893,1.7882945702554656,0,3,0.00031725492,0.9996827,11842.112557915474,0.9996827244758606,1099.6509969234467,12941.76355483892,0.0,2
1,1,0,0,1,1,0,27,24.553944989375186,1.0,4,1.3905347332049178,0.9794450922095258,1,0,0.8834457,0.11655432,4924.553944989375,0.11655431985855103,128.20975184440613,5052.763696833781,0.0,3
0,1,1,1,1,12,1,32,32.30660714063879,12.0,14,2.4237991514872568,2.462410228521233,0,1,9.301581e-05,0.99990696,15932.30660714064,11.998883485794067,13198.771834373474,29131.078441514113,0.0,1
1,1,0,0,1,1,0,26,404.786207360004,1.0,7,3.1250385316340923,3.158201540168548,0,2,0.00014074452,0.9998593,8604.786207360004,0.9998592734336853,1099.8452007770538,9704.631408137058,0.0,0
1,1,1,0,1,6,0,27,98.08747900238627,6.0,2,3.057608260919769,3.0339440280814856,0,2,0.025286077,0.9747139,2798.0874790023863,5.848283529281616,6433.111882209778,9231.199361212164,0.0,0
0,0,0,0,1,1,0,32,59.42079881396981,1.0,1,0.0853871397654599,0.4844183282922763,1,0,0.13762005,0.86237997,1659.42079881397,0.8623799681663513,948.6179649829865,2608.038763796956,0.0,3
0,1,1,1,1,12,1,30,148.80542031488267,12.0,3,1.3912924892057594,1.5274382355958918,0,1,0.0006143314,0.99938565,3948.8054203148827,11.9926278591156,13191.89064502716,17140.696065342043,0.0,1
0,1,1,1,0,12,0,23,198.5053305792081,10.0,8,0.6276171086910429,0.6128310414246689,0,3,0.0002760539,0.999724,9498.505330579208,9.997239708900452,10996.963679790497,20495.469010369707,2.0,2
1,1,0,0,1,1,1,32,23.459007986429445,1.0,0,3.0267857468501167,2.8562124013227304,0,2,0.08538702,0.914613,523.4590079864295,0.9146130084991455,1006.0743093490601,1529.5333173354895,0.0,0
0,1,1,1,1,12,1,31,318.834106754099,8.0,14,3.167324540739441,3.091391909714281,0,1,0.00027888687,0.9997211,16218.834106754099,7.997768878936768,8797.545766830444,25016.37987358454,4.0,1
1,1,0,0,1,6,0,22,162.446887825788,5.0,0,1.3267908681797365,0.125039227847763,1,0,0.99969006,0.00030994415,662.446887825788,0.0015497207641601562,1.7046928405761719,664.1515806663642,1.0,3
0,1,0,0,1,1,1,33,273.04247233402725,1.0,5,2.3673800460913665,2.2389791935970726,0,2,0.00072968204,0.9992703,6273.0424723340275,0.9992703199386597,1099.1973519325256,7372.239824266553,0.0,0
1,1,1,1,1,12,1,32,173.9153488556863,10.0,1,1.309502186063776,1.26571094768532,0,1,0.0064085405,0.9935915,1773.9153488556863,9.935914874076843,10929.506361484528,12703.421710340213,2.0,1
0,1,1,0,1,1,1,29,98.96024723841973,1.0,22,0.4471168292833034,0.5670832966618,0,0,0.0008798573,0.9991201,24798.96024723842,0.9991201162338257,1099.0321278572083,25897.99237509563,0.0,3
0,1,0,0,1,1,0,36,303.639940285414,1.0,5,2.057776053510577,2.0685895895052813,0,2,0.00023361247,0.9997664,6303.639940285414,0.9997664093971252,1099.7430503368378,7403.382990622252,0.0,0
0,1,1,1,1,1,0,33,151.8162908172245,1.0,3,1.4823346820701109,1.4291650479649167,0,0,0.024581863,0.97541815,3951.8162908172244,0.9754181504249573,1072.959965467453,5024.776256284677,0.0,1
1,1,1,0,1,6,0,23,261.36063504950585,6.0,3,3.2783240058020384,3.320996470074121,0,2,0.003344399,0.9966556,4061.3606350495056,5.979933500289917,6577.926850318909,10639.287485368415,0.0,0
1,1,1,0,1,1,0,25,296.14637812936434,1.0,0,2.0708385926142143,1.0903656225663312,1,0,0.9990006,0.0009993911,796.1463781293644,0.0009993910789489746,1.099330186843872,797.2457083162083,0.0,3
1,1,1,1,1,6,1,30,342.37483835227937,6.0,2,2.3382647771431344,2.3621913133736814,0,1,0.001315642,0.99868435,3042.3748383522793,5.992106080055237,6591.3166880607605,9633.69152641304,0.0,1
0,1,1,1,1,1,1,29,233.53801379705024,1.0,1,2.2332533973648614,2.1290146870422344,0,2,0.19044535,0.80955464,1833.5380137970503,0.8095546364784241,890.5101001262665,2724.048113923317,0.0,1
0,1,1,1,1,6,0,25,110.2317124845241,6.0,0,0.7862011179185837,0.8085605715072275,1,0,0.9252467,0.074753284,610.2317124845241,0.4485197067260742,493.37167739868164,1103.6033898832056,0.0,3
0,1,1,1,1,1,1,35,32.68330832271645,1.0,3,2.7568657941135046,2.9202383921795265,0,2,0.0017964621,0.9982035,3832.6833083227166,0.9982035160064697,1098.0238676071167,4930.707175929833,0.0,1
1,1,0,0,1,12,0,30,70.03765493162818,8.0,10,0.968884444677478,0.9593346484596834,0,1,0.0013323812,0.9986676,11570.037654931628,7.989340782165527,8788.27486038208,20358.312515313708,4.0,1
1,1,0,1,1,12,0,29,38.993561688579184,10.0,9,0.0601244587849647,0.0137878683240488,0,1,0.001726242,0.99827373,10438.99356168858,9.982737302780151,10981.011033058167,21420.004594746744,2.0,1
1,1,1,1,1,12,0,29,110.84296759529934,10.0,2,1.4183257005754366,1.36257481837677,0,1,0.0030377326,0.99696225,2810.8429675952993,9.969622492790222,10966.584742069244,13777.427709664544,2.0,1
0,0,1,1,1,1,0,32,124.09675827729544,1.0,1,2.8687055499713168,2.9922093463919004,0,2,0.055497967,0.94450206,1724.0967582772955,0.944502055644989,1038.952261209488,2763.0490194867834,0.0,0
0,1,0,0,1,1,1,26,1.2504126831117477,1.0,3,1.903782144951612,1.8052061891856463,0,0,0.21068402,0.789316,3801.250412683112,0.7893159985542297,868.2475984096527,4669.4980110927645,0.0,3
1,1,1,1,1,6,1,25,217.9471036856032,5.0,6,2.081984992325878,2.19495932750472,0,1,0.0014583193,0.99854165,7317.947103685603,4.992708265781403,5491.979092359543,12809.926196045146,1.0,1
1,0,1,0,1,1,0,28,86.9531999151943,1.0,2,2.6629012699328847,2.5326252440647807,0,2,0.15539911,0.8446009,2786.953199915194,0.8446009159088135,929.0610074996948,3716.014207414889,0.0,0
0,1,0,0,1,12,1,35,151.39247428423928,12.0,2,2.488619422420064,2.4329310101507446,0,1,0.0003728237,0.9996272,2851.392474284239,11.99552607536316,13195.078682899475,16046.471157183714,0.0,0
1,0,0,0,1,1,0,25,138.3631408850736,1.0,2,0.5485406910007828,0.0,1,0,0.99620616,0.0037938356,2838.363140885074,0.0037938356399536133,4.173219203948975,2842.5363600890228,0.0,3
0,1,1,0,1,1,1,29,115.66246675795324,1.0,1,1.4565365559919126,1.3455851861002277,1,0,0.65870553,0.34129447,1715.6624667579533,0.34129446744918823,375.42391419410706,2091.0863809520606,0.0,3
0,1,0,0,1,12,0,29,231.7482401016552,8.0,1,3.1322112354139167,3.1742942195542385,0,1,0.023753433,0.9762466,1831.7482401016553,7.809972763061523,8590.970039367676,10422.71827946933,4.0,0
1,1,1,1,1,12,1,34,216.14350612220767,12.0,3,2.212150053975744,2.1648813642734965,0,1,0.00023812563,0.9997619,4016.143506122208,11.997142553329468,13196.856808662415,17213.000314784622,0.0,1
0,1,1,1,1,6,0,24,65.20237982368145,4.0,2,0.8534260460089717,0.6029947431841254,1,0,0.81942797,0.18057203,2765.2023798236814,0.7222881317138672,794.5169448852539,3559.7193247089353,2.0,1
0,0,1,0,1,1,0,31,220.68001255571576,1.0,7,2.5829300609405816,2.530401047600035,0,2,0.0025440413,0.99745595,8420.680012555717,0.9974559545516968,1097.2015500068665,9517.881562562583,0.0,0
0,1,0,0,1,6,0,26,8.649808932194361,6.0,16,0.1644185629869836,0.1204634919774526,0,0,0.010419789,0.9895802,18108.649808932194,5.9374812841415405,6531.229412555695,24639.87922148789,0.0,3
0,1,1,0,1,12,1,33,200.0715419292381,12.0,4,3.379991155825744,3.3984920439590605,0,1,3.3959077e-05,0.999966,5100.071541929238,11.999592304229736,13199.55153465271,18299.62307658195,0.0,0
1,1,1,1,1,1,0,33,34.45225238463675,1.0,1,0.9134695605776092,1.268163265747049,1,0,0.6192211,0.3807789,1634.4522523846367,0.3807789087295532,418.85679960250854,2053.3090519871453,0.0,1
0,0,0,0,1,1,0,29,133.54075054249594,1.0,2,1.922427907516532,1.5308760913577548,1,0,0.91387194,0.086128056,2833.540750542496,0.08612805604934692,94.74086165428162,2928.2816121967776,0.0,3
0,0,0,0,1,1,0,30,133.64010757248352,1.0,0,1.0238152021097358,0.6446098718764732,1,0,0.9865036,0.013496399,633.6401075724835,0.01349639892578125,14.846038818359375,648.4861463908429,0.0,3
1,1,0,0,1,1,0,30,41.76716433900015,1.0,1,1.523789825388265,1.3923514994908894,1,0,0.8624079,0.13759208,1641.7671643390001,0.13759207725524902,151.35128498077393,1793.118449319774,0.0,3
1,1,0,1,1,1,1,29,234.92949121547,1.0,6,1.4162968019468154,1.514682253130104,0,2,0.0020368854,0.99796313,7334.92949121547,0.9979631304740906,1097.7594435214996,8432.688934736969,0.0,1
0,1,1,1,1,1,0,32,236.06497932875297,1.0,4,1.8609420712940463,1.7772646165283132,0,2,0.012574211,0.9874258,5136.064979328753,0.9874258041381836,1086.168384552002,6222.233363880755,0.0,1
1,1,0,1,1,6,0,30,206.14409813231973,6.0,0,0.8662174692153612,0.0705522308485679,1,0,0.8722603,0.12773973,706.1440981323198,0.766438364982605,843.0822014808655,1549.2262996131853,0.0,3
0,0,0,0,1,1,0,25,154.01048214668958,1.0,5,2.961949296773777,2.8907845344256864,0,2,0.0029451544,0.9970549,6154.010482146689,0.9970548748970032,1096.7603623867035,7250.770844533393,0.0,0
1,1,1,1,1,12,0,28,281.6881936454972,12.0,1,0.634576287238487,0.5293061697812009,0,1,0.03248048,0.9675195,1881.6881936454972,11.610234260559082,12771.25768661499,14652.945880260488,0.0,1
0,1,0,0,1,12,1,25,404.4406413936107,11.0,8,0.5031504696905602,0.4585673964775591,0,1,4.6463585e-05,0.9999535,9704.44064139361,10.999488592147827,12099.43745136261,21803.87809275622,1.0,3
1,1,1,1,1,12,0,34,242.60631069094487,12.0,9,0.4856367570956743,0.5922316558318648,0,1,0.00010844873,0.9998916,10642.606310690944,11.998698949813843,13198.568844795227,23841.17515548617,0.0,1
0,1,1,0,1,12,1,27,322.52535973748445,11.0,3,1.3781247742298972,1.4275735489438726,0,1,0.0003924602,0.99960756,4122.525359737485,10.995683193206787,12095.251512527466,16217.77687226495,1.0,1
0,1,1,1,1,12,0,24,52.680412367552464,12.0,1,1.8327386840382744,1.0268850123014692,1,1,0.9615803,0.038419724,1652.6804123675524,0.46103668212890625,507.1403503417969,2159.8207627093493,0.0,1
1,1,0,0,1,1,0,30,54.02212564226403,1.0,1,1.6924265915198804,0.7884585809527436,1,0,0.99357045,0.006429553,1654.022125642264,0.006429553031921387,7.072508335113525,1661.0946339773775,0.0,3
0,1,1,0,1,12,0,34,256.6131476906929,9.0,4,1.6142134970538895,1.6722717142471004,0,1,0.0001984317,0.9998016,5156.613147690693,8.998214185237885,9898.035603761673,15054.648751452365,3.0,1
1,1,0,0,1,6,1,28,57.888076968277474,6.0,2,2.6002709785965807,2.6346987456600184,0,2,0.035880063,0.9641199,2757.8880769682773,5.784719467163086,6363.1914138793945,9121.079490847671,0.0,0
0,0,1,0,1,6,0,29,136.89662887946594,6.0,1,2.041550150198887,2.1786105972966245,0,0,0.21688953,0.7831105,1736.8966288794659,4.698662996292114,5168.529295921326,6905.425924800791,0.0,3
1,1,0,0,1,12,0,31,93.45677599140572,6.0,8,2.683689881313718,2.552564157297582,0,2,0.000838211,0.9991618,9393.456775991406,5.994970679283142,6594.467747211456,15987.924523202862,6.0,1
0,1,1,0,1,1,1,23,192.55979696095767,1.0,1,1.1109253869761788,0.8416671709692155,1,0,0.84315515,0.15684485,1792.5597969609576,0.1568448543548584,172.52933979034424,1965.0891367513018,0.0,3
0,1,1,1,0,6,1,31,190.7688257580167,6.0,1,0.4411266399399114,0.3443413925490028,0,3,0.0025121039,0.9974879,1790.7688257580166,5.984927415847778,6583.420157432556,8374.188983190572,0.0,2
0,1,0,1,1,1,1,31,219.9582239556895,1.0,1,1.4862996622173292,0.7087392762213696,1,0,0.9939166,0.006083429,1819.9582239556894,0.006083428859710693,6.691771745681763,1826.6499957013712,0.0,3
0,1,1,1,1,12,1,26,21.18099992408479,8.0,4,1.6083794637060016,1.6526580177955472,0,1,0.0021888784,0.99781114,4921.180999924085,7.982489109039307,8780.738019943237,13701.919019867322,4.0,1
1,1,0,0,1,1,0,29,33.556873621556136,1.0,17,3.842245248843845,3.8099228334665054,0,2,0.0005306175,0.9994694,19233.556873621557,0.9994693994522095,1099.4163393974304,20332.973213018988,0.0,0
0,1,1,0,1,1,0,30,162.529379167893,1.0,6,2.431572680483606,2.3903497652732755,0,2,0.0011178891,0.9988821,7262.529379167893,0.9988821148872375,1098.7703263759613,8361.299705543854,0.0,0
1,1,0,1,1,1,1,29,92.4380433773088,1.0,9,1.7557933838477666,1.5900285213153431,0,2,0.0036799037,0.99632007,10492.43804337731,0.9963200688362122,1095.9520757198334,11588.390119097143,0.0,1
1,1,0,0,1,1,1,24,54.87599574401395,1.0,1,2.280225176646567,1.0669960559926168,1,0,0.9996656,0.00033438206,1654.8759957440138,0.0003343820571899414,0.36782026290893555,1655.2438160069228,0.0,3
0,1,1,1,1,6,1,28,106.11982361962556,6.0,7,3.2455940779059884,3.426624587962169,0,1,0.00011503073,0.99988496,8306.119823619625,5.999309778213501,6599.240756034851,14905.360579654476,0.0,1
1,1,0,0,1,1,1,24,212.0934486227341,1.0,0,2.0957687452989933,1.4823200238809664,1,0,0.9965479,0.0034521222,712.0934486227341,0.003452122211456299,3.7973344326019287,715.890783055336,0.0,3
1,0,0,0,1,6,0,32,78.88002763960036,6.0,3,0.4701699940439074,0.3775697076336383,0,0,0.025260646,0.9747394,3878.8800276396005,5.848436236381531,6433.279860019684,10312.159887659283,0.0,3
0,0,0,0,1,12,0,29,260.339080560042,12.0,7,0.9683855176743852,0.9334810357139508,0,1,0.00024890172,0.9997511,8460.339080560043,11.997013092041016,13196.714401245117,21657.05348180516,0.0,3
0,1,0,0,1,1,1,27,229.32191229233285,1.0,4,1.7635021331089384,1.848362815236952,0,2,0.0125545645,0.9874454,5129.321912292333,0.9874454140663147,1086.1899554729462,6215.511867765279,0.0,3
1,1,0,0,1,1,0,30,101.63924616570227,1.0,6,0.4886646772097312,0.3915967642687319,0,0,0.0034320217,0.99656796,7201.639246165702,0.996567964553833,1096.2247610092163,8297.864007174918,0.0,3
0,0,0,0,1,1,1,33,245.0617577538123,1.0,8,1.6914216907847293,1.579533775197116,0,2,0.0016918145,0.9983082,9545.061757753812,0.9983081817626953,1098.1389999389648,10643.200757692777,0.0,0
0,1,1,0,1,12,1,28,288.9494449819,11.0,3,2.8480709224659098,2.806415628177291,0,1,0.00024366761,0.99975634,4088.9494449819,10.99731969833374,12097.051668167114,16186.001113149014,1.0,1
1,1,0,1,1,1,0,27,264.5228471026611,1.0,0,1.0298193660974189,1.1096359561813265,0,0,0.36898947,0.63101053,764.5228471026611,0.6310105323791504,694.1115856170654,1458.6344327197266,0.0,3
0,1,0,0,1,1,0,27,93.00636502945773,1.0,1,1.7778510946045814,2.3472468835139475,1,0,0.85527575,0.14472425,1693.0063650294578,0.14472424983978271,159.196674823761,1852.2030398532188,0.0,3
0,1,1,1,1,12,1,29,257.9390310224524,11.0,5,1.9025820271510323,1.789563381563502,0,1,0.00043937966,0.9995606,6257.939031022453,10.995166540145874,12094.683194160461,18352.622225182913,1.0,1
0,1,0,0,1,1,1,34,30.267737263205856,1.0,3,3.4286611317887874,3.5677764555258222,0,2,0.0013401003,0.9986599,3830.267737263206,0.9986599087715149,1098.5258996486664,4928.793636911872,0.0,0
1,1,1,0,1,12,1,31,104.65967974355024,10.0,4,0.8900949960456463,0.8709604767005522,0,1,0.0009931325,0.99900687,5004.65967974355,9.990068674087524,10989.075541496277,15993.735221239827,2.0,1
0,1,1,0,1,1,0,29,78.29036900582152,1.0,9,2.483801658860884,2.475648165780296,0,2,0.00075400894,0.999246,10478.290369005821,0.9992460012435913,1099.1706013679504,11577.460970373771,0.0,0
0,1,1,0,1,6,0,27,179.960363089071,6.0,5,4.1216676934414265,4.181416711335984,0,2,0.0001773478,0.9998227,6179.960363089071,5.998936057090759,6598.829662799835,12778.790025888906,0.0,0
0,1,1,0,1,6,0,30,212.24770454816257,6.0,3,0.6345978194894437,0.6810576763232825,0,0,0.0066327215,0.99336725,4012.247704548163,5.960203528404236,6556.223881244659,10568.471585792822,0.0,3
1,0,1,0,1,1,0,26,98.61884045254948,1.0,1,1.0385601392418258,0.8037300492436201,0,0,0.93539184,0.06460816,1698.6188404525494,0.06460815668106079,71.06897234916687,1769.6878128017163,0.0,3
0,1,0,0,1,6,1,28,32.771326855088304,6.0,4,0.589294948321677,0.5868404281503887,0,0,0.007406936,0.99259305,4932.771326855088,5.9555583000183105,6551.114130020142,11483.885456875229,0.0,3
0,1,0,0,1,6,1,31,189.1620756846305,4.0,5,3.0702358870218736,3.1000856085093904,0,2,0.0011128087,0.9988872,6189.1620756846305,3.995548725128174,4395.103597640991,10584.265673325623,2.0,0
1,0,0,0,1,1,0,25,6.251301276126683,1.0,2,1.8119550662545905,1.4342946654057864,1,0,0.9953939,0.0046061277,2706.2513012761265,0.004606127738952637,5.0667405128479,2711.3180417889744,0.0,3
0,1,1,1,1,12,0,31,183.34002886507847,11.0,8,3.59050531834263,3.4736797557891186,0,1,3.6109377e-05,0.9999639,9483.34002886508,10.999602675437927,12099.56294298172,21582.9029718468,1.0,1
0,1,1,1,1,6,1,29,186.90476733130515,5.0,9,1.3657236227292238,1.3346114582630828,0,1,0.00045163688,0.9995484,10586.904767331305,4.997741878032684,5497.516065835953,16084.420833167258,1.0,1
1,1,1,0,1,12,1,28,21.945122991427468,12.0,3,0.0,0.0209663261354782,0,1,0.00596234,0.9940377,3821.9451229914275,11.928452253341675,13121.297478675842,16943.24260166727,0.0,3
0,1,1,1,1,1,1,30,203.43383424053764,1.0,5,1.2135349570011509,1.3189865379535273,0,0,0.0007587225,0.9992413,6203.433834240537,0.999241292476654,1099.1654217243195,7302.599255964857,0.0,1
1,1,1,1,1,12,0,27,192.1285987314394,10.0,4,1.1834441685194843,1.2257385716346785,0,1,0.00019360782,0.9998064,5092.1285987314395,9.998064041137695,10997.870445251465,16089.999043982905,2.0,1
1,1,0,0,1,6,1,29,397.2733580201801,6.0,5,2.4534162551702794,2.5027792115717737,0,2,0.00012745669,0.99987257,6397.27335802018,5.999235391616821,6599.158930778503,12996.432288798684,0.0,0
1,1,0,0,1,1,1,26,162.15735773418845,1.0,6,0.9919424014168552,1.0136704600187774,0,0,0.0023855884,0.9976144,7262.157357734189,0.9976143836975098,1097.3758220672607,8359.533179801449,0.0,3
0,0,0,0,1,1,0,26,115.35988314407842,1.0,1,2.819232469987389,2.3760441119145965,1,2,0.7761601,0.22383988,1715.3598831440784,0.2238398790359497,246.22386693954468,1961.583750083623,0.0,3
0,0,0,0,1,1,0,31,410.7567326012808,1.0,3,2.401838382166592,2.4734040134288606,0,2,0.0017264081,0.9982736,4210.75673260128,0.9982736110687256,1098.1009721755981,5308.857704776879,0.0,0
0,1,1,0,0,6,1,24,88.30096700922064,6.0,2,1.481319646189481,0.8939673602897964,1,3,0.93754876,0.062451243,2788.3009670092206,0.3747074604034424,412.1782064437866,3200.479173453007,0.0,2
1,0,1,0,1,1,0,27,16.561641365032358,1.0,0,1.9638946414522347,1.4310734805633492,1,0,0.99868494,0.0013150573,516.5616413650323,0.0013150572776794434,1.4465630054473877,518.0082043704797,0.0,3
1,1,0,0,1,1,1,26,225.08350121778489,1.0,11,1.3414317854416486,1.3109748096806588,0,0,0.0016476254,0.99835235,12825.083501217785,0.9983523488044739,1098.1875836849213,13923.271084902706,0.0,3
1,1,1,1,1,12,1,30,89.49282081156687,12.0,3,1.47375508079172,1.3761069793958474,0,1,0.0017577902,0.9982422,3889.492820811567,11.978906393051147,13176.797032356262,17066.28985316783,0.0,1
1,0,1,0,1,6,1,30,256.9592267483916,6.0,18,0.2203540891339952,0.3146932624717869,0,1,0.00027370654,0.9997263,20556.959226748393,5.998357772827148,6598.193550109863,27155.152776858256,0.0,3
1,1,0,0,0,12,0,27,241.3737921378424,10.0,2,2.593013189595311,2.7732476829798616,0,3,0.0016452059,0.9983548,2941.3737921378424,9.983547925949097,10981.902718544006,13923.276510681848,2.0,2
0,1,1,0,0,12,1,24,34.17904856266324,7.0,2,3.0281652266324617,3.0906783003707523,0,3,0.05921894,0.94078106,2734.1790485626634,6.5854673981666565,7244.014137983322,9978.193186545985,5.0,2
0,1,0,0,1,1,0,31,66.32918998205136,1.0,1,1.064835069616445,0.7527307808037589,1,0,0.7746529,0.2253471,1666.3291899820513,0.225347101688385,247.8818118572235,1914.2110018392748,0.0,3
0,1,0,0,1,1,0,26,306.9169295685318,1.0,1,0.6719133656188104,1.14086844776422,1,0,0.83882093,0.16117907,1906.916929568532,0.1611790657043457,177.29697227478027,2084.213901843312,0.0,3
0,0,0,0,1,1,0,30,200.0683747561077,1.0,1,1.3778923724486294,1.5097091510030596,0,0,0.3690737,0.6309263,1800.0683747561077,0.6309263110160828,694.018942117691,2494.087316873799,0.0,3
1,1,1,1,1,1,0,30,232.30950348664672,1.0,3,0.938671800933004,0.8889955061600215,0,0,0.0260323,0.9739677,4032.309503486647,0.9739676713943481,1071.364438533783,5103.67394202043,0.0,1
0,1,0,1,0,1,1,34,9.246232215860276,1.0,4,2.645274876106268,2.48241093971496,0,3,0.0017039889,0.998296,4909.24623221586,0.9982960224151611,1098.1256246566772,6007.371856872537,0.0,2
0,1,1,0,1,12,0,32,83.1793770663648,12.0,6,3.344104196150365,3.4062887814422567,0,1,2.5964511e-05,0.999974,7183.179377066364,11.999688148498535,13199.656963348389,20382.836340414753,0.0,0
0,1,0,0,1,1,0,31,28.2538107499226,1.0,0,2.7354462828568,2.3326125564676423,1,2,0.8693605,0.1306395,528.2538107499226,0.13063949346542358,143.70344281196594,671.9572535618886,0.0,0
0,0,0,0,1,1,0,29,15.406299803233972,1.0,4,0.6472848075144098,0.7682451147261415,0,0,0.027434986,0.972565,4915.406299803234,0.9725649952888489,1069.8214948177338,5985.227794620968,0.0,3
1,1,0,0,1,1,1,31,169.87085443385564,1.0,2,1.2146570490602786,0.9110895377051718,1,0,0.6282145,0.37178552,2869.8708544338556,0.3717855215072632,408.9640736579895,3278.834928091845,0.0,3
1,1,0,0,1,1,0,27,248.49585824104844,1.0,1,1.9116227182299528,1.6706967838975395,1,0,0.9146865,0.0853135,1848.4958582410484,0.08531349897384644,93.84484887123108,1942.3407071122795,0.0,3
0,1,1,0,1,12,1,28,134.52334104202828,9.0,6,2.4610513311491067,2.5036422571760686,0,1,0.000118107695,0.99988186,7234.523341042028,8.998936772346497,9898.830449581146,17133.353790623172,3.0,1
0,1,0,1,0,1,1,29,215.42328686736528,1.0,6,1.4706850386024573,1.3892922057372306,0,3,0.005260535,0.9947395,7315.423286867365,0.9947394728660583,1094.2134201526642,8409.636707020029,0.0,2
1,1,0,0,0,1,1,31,271.6880871724237,1.0,1,0.7465827227083921,0.6429231841389637,0,3,0.35137656,0.64862347,1871.6880871724238,0.6486234664916992,713.4858131408691,2585.173900313293,0.0,2
0,1,1,1,1,12,0,30,157.80751635933711,11.0,11,1.8470226167508363,1.8717772266031805,0,1,7.26228e-05,0.9999274,12757.807516359337,10.9992014169693,12099.12155866623,24856.929075025568,1.0,1
1,1,1,0,1,1,0,27,114.50303274663484,1.0,8,1.18848671654958,1.0708770100677,0,0,0.009574594,0.9904254,9414.503032746636,0.9904254078865051,1089.4679486751556,10503.970981421791,0.0,3
1,1,0,0,1,1,1,28,122.94100773483233,1.0,1,0.6542216326389538,0.7478974372107179,0,0,0.37058625,0.6294137,1722.9410077348323,0.6294137239456177,692.3550963401794,2415.2961040750115,0.0,3
1,1,0,0,0,6,0,29,220.2588752710884,6.0,12,0.0,0.0,0,3,0.0022711472,0.9977288,13920.258875271089,5.986372947692871,6585.010242462158,20505.269117733245,0.0,2
1,1,0,0,1,6,0,30,143.4310241763394,6.0,4,2.1941894079230315,2.3071593875380154,0,2,0.0013265142,0.9986735,5043.43102417634,5.992040991783142,6591.245090961456,11634.676115137796,0.0,0
1,1,0,0,1,6,0,33,173.46431196182837,3.0,5,3.994193536516807,4.014588916381742,0,2,0.00015156492,0.9998484,6173.464311961829,2.9995452761650085,3299.4998037815094,9472.964115743338,3.0,0
0,1,0,0,1,1,0,24,97.77420753134516,1.0,0,1.3768392495113266,1.005033269865622,1,0,0.99638075,0.0036192536,597.7742075313452,0.003619253635406494,3.9811789989471436,601.7553865302923,0.0,3
1,1,1,1,0,12,0,28,64.69514357472053,12.0,8,0.0,0.0732759271825014,0,3,0.0014907725,0.9985092,9364.695143574721,11.982110738754272,13180.3218126297,22545.01695620442,0.0,2
0,1,0,0,1,6,0,30,183.96425839724049,6.0,10,3.2560090467365854,3.3414204263836966,0,2,9.2168455e-05,0.99990785,11683.96425839724,5.9994471073150635,6599.39181804657,18283.356076443808,0.0,0
1,1,1,0,0,6,1,22,273.4794738378807,5.0,2,1.0526731310385735,1.0255945588019135,0,3,0.046711132,0.95328885,2973.4794738378805,4.766444265842438,5243.0886924266815,8216.568166264562,1.0,2
0,1,1,1,1,1,1,36,78.46223414529717,1.0,1,1.5671240332054368,1.6747948690570853,0,2,0.016208688,0.9837913,1678.462234145297,0.9837912917137146,1082.170420885086,2760.632655030383,0.0,1
0,1,1,1,1,6,0,31,67.46550769134008,6.0,4,3.4570468865771136,3.362500675166262,0,1,0.0005027537,0.99949723,4967.4655076913405,5.9969834089279175,6596.681749820709,11564.14725751205,0.0,1
1,1,1,1,1,1,1,28,201.5399921779541,1.0,5,2.8201630899898995,2.921701289401171,0,2,0.0012359929,0.998764,6201.539992177954,0.9987639784812927,1098.640376329422,7300.180368507376,0.0,1
0,1,1,0,1,12,0,37,157.5010371363151,12.0,3,3.682756772818398,3.6184065840632336,0,1,4.1013933e-05,0.999959,3957.501037136315,11.999507904052734,13199.458694458008,17156.959731594325,0.0,0
1,0,1,0,1,1,0,24,127.14208323258816,1.0,0,2.289697311425879,1.7019655630417705,1,0,0.99914193,0.00085806847,627.1420832325882,0.0008580684661865234,0.9438753128051758,628.0859585453934,0.0,3
0,0,1,0,1,6,0,35,127.13042500409536,3.0,1,0.7477535901455203,0.8617427211748028,0,0,0.052588977,0.947411,1727.1304250040953,2.8422330021858215,3126.4563024044037,4853.586727408499,3.0,3
0,0,0,0,1,6,1,25,78.79688871303782,6.0,0,1.6631052697895206,1.6275754124466584,1,0,0.8932993,0.10670072,578.7968887130378,0.6402043104171753,704.2247414588928,1283.0216301719306,0.0,3
1,1,0,0,1,1,1,27,7.817684752563963,1.0,1,1.712815009406133,1.309882089329521,1,0,0.96018386,0.03981614,1607.817684752564,0.03981614112854004,43.79775524139404,1651.615439993958,0.0,3
0,1,0,0,1,12,1,36,179.94002230661968,12.0,7,1.9967168944091027,2.0116023003922963,0,1,0.00010501368,0.999895,8379.94002230662,11.99873971939087,13198.613691329956,21578.553713636575,0.0,0
1,1,1,0,1,6,0,31,278.86798437981287,6.0,8,0.2991567064165284,0.1978885769069305,0,0,0.0007083953,0.9992916,9578.867984379813,5.995749592781067,6595.324552059174,16174.192536438986,0.0,3
0,1,0,1,1,1,0,26,229.1575577760353,1.0,1,2.0286970930472386,2.607832751381053,1,2,0.7515673,0.2484327,1829.1575577760352,0.2484326958656311,273.2759654521942,2102.433523228229,0.0,0
0,1,0,0,1,6,1,28,365.3788690145428,3.0,2,2.1083353142174297,2.1447338799657456,0,2,0.002382218,0.9976178,3065.378869014543,2.992853343486786,3292.1386778354645,6357.517546850007,3.0,0
0,1,0,0,0,1,0,26,118.17365932642504,1.0,3,3.900935818538316,4.036181968272859,0,3,0.0058724163,0.9941276,3918.173659326425,0.9941275715827942,1093.5403287410736,5011.713988067499,0.0,2
1,1,0,1,1,12,0,30,262.7596082487759,12.0,1,3.5553068536629486,3.6528841412075015,0,1,0.00027976226,0.9997202,1862.759608248776,11.996642589569092,13196.306848526001,15059.066456774777,0.0,0
0,1,0,0,0,1,0,30,384.371001367242,1.0,7,0.0027603929467316,0.0,0,3,0.0018125061,0.9981875,8584.371001367243,0.9981874823570251,1098.0062305927277,9682.37723195997,0.0,2
0,0,0,1,1,1,0,27,210.8810224329303,1.0,2,1.3501536578424025,0.5587448255093692,1,0,0.9930708,0.006929219,2910.8810224329304,0.006929218769073486,7.622140645980835,2918.5031630789113,0.0,3
1,0,0,0,1,1,0,27,106.52534995462612,1.0,1,0.8402044635413364,0.6164043989322735,1,0,0.9583641,0.04163587,1706.525349954626,0.041635870933532715,45.799458026885986,1752.324807981512,0.0,3
1,0,0,0,1,1,0,34,226.3665918671137,1.0,6,3.215906714889296,3.2488859487010093,0,2,0.00041165357,0.9995884,7326.366591867114,0.9995883703231812,1099.5472073554993,8425.913799222613,0.0,0
1,0,0,0,1,12,1,28,108.65728786454488,12.0,6,1.0323280706196725,1.0082858490735669,0,1,0.00047997638,0.99952,7208.657287864545,11.994240045547485,13193.664050102234,20402.32133796678,0.0,3
0,1,1,0,1,12,0,34,89.77571227781124,11.0,3,1.1407393706126014,1.0711848399727144,0,1,0.0013383318,0.9986617,3889.775712277811,10.98527866601944,12083.806532621384,15973.582244899195,1.0,1
1,1,1,1,1,6,1,32,67.50715044199237,6.0,2,1.0535875415255729,0.9357475928374004,0,1,0.02472193,0.9752781,2767.5071504419925,5.851668477058411,6436.835324764252,9204.342475206244,0.0,1
1,1,1,1,1,6,1,33,273.9237308099248,3.0,12,1.3741732936172522,1.3650743004080923,0,1,0.0004236898,0.99957633,13973.923730809925,2.9987289905548096,3298.6018896102905,17272.525620420216,3.0,1
1,1,1,1,0,1,1,28,169.40082006091228,1.0,0,1.5999045840342836,1.373671403282156,1,3,0.96039426,0.039605737,669.4008200609123,0.03960573673248291,43.5663104057312,712.9671304666435,0.0,2
1,1,0,0,1,1,0,31,62.0831491313615,1.0,7,2.275700396683612,2.4987066783157803,0,2,0.0010199633,0.99898005,8262.083149131362,0.9989800453186035,1098.8780498504639,9360.961198981826,0.0,0
1,1,0,0,1,1,1,31,281.63434495095805,1.0,0,2.2842606265754624,2.1845274785319906,1,2,0.26976597,0.730234,781.634344950958,0.7302340269088745,803.257429599762,1584.8917745507201,0.0,0
0,1,0,0,1,12,0,28,252.9880351882352,12.0,13,1.7882478537531277,1.7205740121505038,0,1,0.0002061367,0.9997939,15052.988035188235,11.9975266456604,13197.27931022644,28250.267345414675,0.0,0
1,1,1,1,1,12,1,30,53.25877946726062,12.0,6,1.4323025445103017,1.4878837258060484,0,1,0.00083696074,0.99916303,7153.258779467261,11.989956378936768,13188.952016830444,20342.210796297706,0.0,1
1,1,0,0,0,6,0,27,107.28662568868673,6.0,8,3.495074929060352,3.5170201791705686,0,3,0.00018500634,0.999815,9407.286625688686,5.998889923095703,6598.778915405273,16006.06554109396,0.0,2
1,1,1,1,1,12,0,32,107.25808055608056,12.0,1,2.2226200918726207,2.2604981337715047,0,1,0.0018401851,0.9981598,1707.2580805560806,11.977917909622192,13175.709700584412,14882.967781140493,0.0,1
1,1,1,0,1,12,1,35,71.6408493385112,11.0,0,1.5510656628120147,1.4669896281486037,0,1,0.030189399,0.9698106,571.6408493385112,10.667916655540466,11734.708321094513,12306.349170433024,1.0,1
1,1,0,0,1,1,0,27,89.08346726857978,1.0,1,1.0395387193927803,0.1055940201551037,1,0,0.9993986,0.00060141087,1689.0834672685799,0.0006014108657836914,0.6615519523620605,1689.745019220942,0.0,3
0,1,0,0,0,6,0,30,196.21499654767703,6.0,4,1.969049063588736,2.0233799068234206,0,3,0.0032793805,0.9967206,5096.214996547677,5.980323672294617,6578.356039524078,11674.571036071757,0.0,2
0,1,0,0,1,1,1,26,188.0601944443125,1.0,2,1.1009233197804975,0.7897721431311342,1,0,0.7108733,0.2891267,2888.0601944443124,0.2891266942024231,318.0393636226654,3206.099558066978,0.0,3
1,1,1,1,1,12,0,31,79.94152653190295,10.0,4,1.7488926557961644,1.8280643775967964,0,1,0.00053775747,0.99946225,4979.941526531903,9.994622468948364,10994.0847158432,15974.026242375105,2.0,1
0,1,1,0,1,12,1,31,61.27146082759412,12.0,5,1.235990563698333,1.2626630633055909,0,1,0.0013308566,0.99866915,6061.271460827594,11.984029769897461,13182.432746887207,19243.7042077148,0.0,1
0,0,0,0,0,1,0,33,141.41187728644113,1.0,5,1.6940658154673374,1.6404944200913902,0,3,0.0029416585,0.99705833,6141.411877286441,0.9970583319664001,1096.7641651630402,7238.176042449481,0.0,2
1,1,0,0,1,6,1,32,55.80011747764373,6.0,2,0.7132177041507717,0.8661419913020734,0,0,0.026880667,0.9731193,2755.8001174776437,5.83871591091156,6422.587502002716,9178.38761948036,0.0,3
0,1,1,0,1,6,0,28,66.45914022410912,6.0,4,2.9719019973295806,2.924220125389488,0,2,0.0020917403,0.99790823,4966.459140224109,5.987449407577515,6586.194348335266,11552.653488559376,0.0,0
0,1,1,0,1,12,1,34,253.59176843760457,12.0,20,2.7778468483662904,2.8797881866244373,0,1,4.5790533e-05,0.9999542,22753.591768437604,11.99945068359375,13199.395751953125,35952.98752039073,0.0,0
1,0,0,0,0,1,0,26,150.43228473452672,1.0,2,2.6982175111333246,1.849892690370612,1,3,0.98332584,0.016674161,2850.4322847345265,0.016674160957336426,18.34157705307007,2868.7738617875966,0.0,2
0,1,1,1,1,1,1,29,14.961867364790123,1.0,0,1.1060383718048277,0.6386804940346911,1,0,0.9945538,0.0054461956,514.9618673647901,0.005446195602416992,5.990815162658691,520.9526825274488,0.0,3
0,1,0,0,1,1,0,27,19.09303526925716,1.0,2,1.0738754982240892,1.3008983327812869,1,0,0.8330357,0.16696429,2719.093035269257,0.16696429252624512,183.66072177886963,2902.7537570481268,0.0,3
0,1,0,0,0,1,1,28,253.95431609740317,1.0,2,1.1807487194918975,0.5738182854553214,1,3,0.96053714,0.039462864,2953.954316097403,0.0394628643989563,43.40915083885193,2997.363466936255,0.0,2
0,1,0,0,1,1,0,38,53.54015301853578,1.0,5,2.8217208514793586,2.7862751358545923,0,2,0.0007593474,0.99924064,6053.540153018535,0.9992406368255615,1099.1647005081177,7152.704853526653,0.0,0
1,1,0,0,1,12,0,31,196.62658856343973,12.0,2,2.2074322250187497,2.26593957960146,0,1,0.0011882897,0.9988117,2896.62658856344,11.985740661621094,13184.314727783203,16080.941316346643,0.0,0
0,0,0,0,1,1,0,23,103.93075384201325,1.0,1,1.189314707821702,0.887563135008222,1,0,0.9874972,0.0125027895,1703.9307538420132,0.012502789497375488,13.753068447113037,1717.6838222891263,0.0,3
1,1,1,1,1,1,0,25,190.70368596177624,1.0,9,1.0109361574240947,1.0264929342872062,0,0,0.0035356912,0.9964643,10590.703685961777,0.9964643120765686,1096.1107432842255,11686.814429246002,0.0,1
1,1,1,1,1,12,0,37,337.05510144541785,12.0,6,1.5951390153339573,1.707451594855549,0,1,5.3712047e-05,0.9999463,7437.055101445418,11.999355554580688,13199.291110038757,20636.346211484175,0.0,1
0,1,1,1,1,6,1,26,23.267527321526604,6.0,4,2.1628889567329144,2.1633004097179924,0,1,0.003636866,0.99636316,4923.267527321526,5.978178977966309,6575.996875762939,11499.264403084466,0.0,1
1,1,1,1,1,12,0,32,334.03997528286106,12.0,8,0.1439864977897345,0.2143245895925943,0,1,0.000120722034,0.9998793,9634.039975282862,11.998551607131958,13198.406767845154,22832.446743128014,0.0,1
0,1,0,0,1,1,0,29,131.40102993017825,1.0,16,0.2742070317513783,0.2712492233160651,0,0,0.0028203067,0.9971797,18231.401029930177,0.9971796870231628,1096.8976557254791,19328.298685655656,0.0,3
1,1,1,1,1,12,0,26,310.3287664322788,12.0,11,2.04788358603131,1.9578539420713323,0,1,0.000114501825,0.9998855,12910.328766432278,11.998625993728638,13198.488593101501,26108.81735953378,0.0,1
0,1,1,1,1,12,1,25,4.292018289878996,12.0,4,1.949101965587732,1.843512054538932,0,1,0.0013545475,0.9986454,4904.292018289879,11.983745098114014,13182.119607925415,18086.411626215293,0.0,1
1,1,0,0,1,6,0,30,99.29013227498464,6.0,14,1.6999066430100769,1.5849080889305978,0,2,0.002146931,0.99785304,15999.290132274984,5.987118244171143,6585.830068588257,22585.12020086324,0.0,0
1,1,0,0,0,1,0,28,138.60822131064018,1.0,0,0.0,0.0,1,3,0.99040854,0.00959146,638.6082213106401,0.009591460227966309,10.55060625076294,649.1588275614031,0.0,2
0,1,1,1,1,12,1,24,34.17859465174513,12.0,1,2.0846854140377373,2.2648159212134247,0,1,0.032222103,0.9677779,1634.1785946517452,11.613334894180298,12774.668383598328,14408.846978250072,0.0,1
1,1,0,1,1,1,0,30,171.53894824936478,1.0,1,1.8970492615713432,1.7111613327981918,1,0,0.7658221,0.23417789,1771.5389482493647,0.23417788743972778,257.59567618370056,2029.1346244330653,0.0,3
1,0,1,0,1,6,0,35,159.49152619401286,6.0,2,3.316785876930532,3.2669595725532923,0,2,0.0003735448,0.99962646,2859.4915261940127,5.997758746147156,6597.534620761871,9457.026146955885,0.0,0
1,1,1,0,1,6,1,31,333.4039369111453,6.0,9,2.6735758715666043,2.7483038864360894,0,2,7.4641095e-05,0.9999254,10733.403936911145,5.999552249908447,6599.507474899292,17332.911411810437,0.0,0
0,1,0,0,1,1,0,27,188.7131263751387,1.0,0,0.4853145589567762,0.5053360933281128,1,0,0.9545044,0.04549563,688.7131263751387,0.04549562931060791,50.0451922416687,738.7583186168074,0.0,3
0,1,1,0,1,6,0,28,53.653552646241465,6.0,4,1.7173370079309034,1.6127093031626067,0,0,0.02902549,0.9709745,4953.653552646241,5.825847029685974,6408.4317326545715,11362.085285300813,0.0,3
0,1,1,1,1,1,0,28,143.60948253146313,1.0,2,0.5852437625338065,0.1115157577036428,1,0,0.8750013,0.12499869,2843.609482531463,0.12499868869781494,137.49855756759644,2981.1080400990595,0.0,3
1,1,1,0,1,1,0,27,60.01384641361707,1.0,19,1.9893814533993788,1.915779588456212,0,2,0.0058919005,0.9941081,21460.013846413618,0.9941080808639526,1093.518888950348,22553.532735363966,0.0,0
1,1,1,1,1,1,1,27,71.1967870454408,1.0,1,3.463376997120207,3.406710868724544,0,2,0.013720499,0.9862795,1671.1967870454407,0.9862794876098633,1084.9074363708496,2756.1042234162906,0.0,1
1,1,0,0,1,1,1,29,71.52352225319638,1.0,1,2.7297425653150804,2.7538854178570107,0,2,0.11612513,0.8838749,1671.5235222531965,0.8838748931884766,972.2623825073242,2643.7859047605207,0.0,0
0,1,0,0,1,6,0,31,356.5229670988668,3.0,2,0.0998659390902994,0.2029792708239265,0,0,0.005487101,0.9945129,3056.522967098867,2.9835387468338013,3281.8926215171814,6338.415588616048,3.0,3
0,0,0,0,1,1,0,28,175.04698448715305,1.0,1,1.1405365459295649,0.6473694503122198,1,0,0.9777934,0.022206604,1775.0469844871532,0.022206604480743408,24.42726492881775,1799.474249415971,0.0,3
0,1,1,0,1,1,0,30,149.70690266041834,1.0,1,1.7560461948770496,2.2401883922190646,1,0,0.47413892,0.5258611,1749.7069026604183,0.5258610844612122,578.4471929073334,2328.154095567752,0.0,3
0,1,0,1,1,1,0,29,158.9818636939597,1.0,2,1.775618070325337,0.7054100718276812,1,0,0.9891432,0.010856807,2858.98186369396,0.010856807231903076,11.942487955093384,2870.9243516490533,0.0,3
1,0,1,0,1,1,1,32,200.5645408355004,1.0,3,2.049957210346548,2.2191563565482206,0,2,0.005170835,0.9948292,4000.5645408355003,0.9948291778564453,1094.3120956420898,5094.87663647759,0.0,0
1,0,1,0,1,1,0,26,187.1627542353601,1.0,1,1.3215207670517022,0.6517556591068929,1,0,0.99031526,0.0096847415,1787.1627542353601,0.009684741497039795,10.653215646743774,1797.815969882104,0.0,3
0,0,1,0,1,12,0,34,266.9431637958427,12.0,3,2.0477960823923347,2.204975330881024,0,1,0.00032222876,0.9996778,4066.943163795843,11.99613332748413,13195.746660232544,17262.689824028388,0.0,0
0,1,0,0,1,12,1,29,101.90772616812455,12.0,2,2.405441548713217,2.596043672007314,0,1,0.002827388,0.9971726,2801.9077261681246,11.966071128845215,13162.678241729736,15964.585967897861,0.0,0
0,1,1,1,1,6,0,32,389.29147485825416,5.0,2,2.64372742720318,2.6757062328087766,0,1,0.00046559348,0.9995344,3089.2914748582543,4.997672140598297,5497.439354658127,8586.730829516382,1.0,1
0,1,1,1,1,12,0,33,95.79555123496245,7.0,1,3.482455785029705,3.5391661764974582,0,1,0.00081512716,0.99918485,1695.7955512349624,6.994293928146362,7693.7233209609985,9389.51887219596,5.0,1
1,1,0,0,1,6,0,24,35.85573388122228,6.0,3,1.1448090406756402,1.2663524927623773,0,0,0.23395938,0.7660406,3835.8557338812225,4.596243739128113,5055.868113040924,8891.723846922147,0.0,3
0,1,0,0,0,1,0,26,316.7752664519857,1.0,1,1.8868320222370856,1.8875485301911328,0,3,0.1325938,0.8674062,1916.7752664519858,0.8674061894416809,954.146808385849,2870.9220748378348,0.0,2
0,1,1,0,1,6,0,34,50.049159967086894,6.0,3,1.2586907834165069,1.3256900524483488,0,0,0.01649038,0.9835096,3850.049159967087,5.901057600975037,6491.16336107254,10341.212521039626,0.0,3
1,1,1,0,1,12,0,25,292.6097674851373,10.0,4,3.813216001073569,4.095132248636224,0,1,0.000103607315,0.9998964,5192.609767485137,9.998964071273804,10998.860478401184,16191.470245886321,2.0,0
1,1,1,0,1,12,0,26,143.85074376949208,12.0,3,2.249002860663273,2.36928188627673,0,1,0.00093714,0.99906284,3943.850743769492,11.988754034042358,13187.629437446594,17131.480181216088,0.0,1
1,1,0,0,1,1,0,30,251.7185800040396,1.0,7,3.2350670156877337,3.3362539776569764,0,2,0.00028641603,0.9997136,8451.718580004039,0.9997135996818542,1099.6849596500397,9551.403539654078,0.0,0
1,1,1,0,1,12,0,28,170.75807518022606,12.0,6,2.917535722663064,2.82647199586133,0,1,8.287967e-05,0.99991715,7270.758075180226,11.999005794525146,13198.906373977661,20469.664449157888,0.0,0
1,1,0,0,0,1,0,21,184.9656827469157,1.0,2,1.5408017702673582,0.860051596512878,1,3,0.99001276,0.009987235,2884.9656827469157,0.009987235069274902,10.985958576202393,2895.951641323118,0.0,2
1,1,0,0,1,1,0,27,248.3102094771449,1.0,4,1.4086626489649436,0.307363922184168,1,0,0.9965773,0.0034226775,5148.310209477145,0.003422677516937256,3.7649452686309814,5152.075154745776,0.0,3
0,1,1,1,1,12,0,25,211.47176307870103,12.0,2,1.2302059463573665,1.0876748613318534,0,1,0.011536211,0.98846376,2911.471763078701,11.861565113067627,13047.72162437439,15959.193387453091,0.0,1
1,1,0,0,1,1,0,25,161.9285426916021,1.0,16,1.8857506193962448,2.050203813993944,0,2,0.002922481,0.9970775,18261.928542691603,0.9970775246620178,1096.7852771282196,19358.713819819823,0.0,0
0,1,0,1,1,1,1,22,307.6086910451432,1.0,19,1.2530403879940428,1.2945748754638602,0,2,0.001327344,0.99867266,21707.608691045145,0.9986726641654968,1098.5399305820465,22806.14862162719,0.0,1
1,1,0,1,1,1,0,29,78.8094925849445,1.0,14,0.8845781948940061,0.7816996976983718,0,0,0.007640388,0.99235964,15978.809492584944,0.9923596382141113,1091.5956020355225,17070.405094620466,0.0,3
0,0,0,0,1,1,0,25,60.87054420392108,1.0,0,0.9143184072592244,0.0933305433023907,1,0,0.99973005,0.00026994944,560.8705442039211,0.00026994943618774414,0.29694437980651855,561.1674885837276,0.0,3
0,0,0,0,1,1,0,25,99.48142501833384,1.0,1,1.6015317363032648,0.4140249497310861,1,0,0.99955505,0.00044494867,1699.4814250183338,0.000444948673248291,0.4894435405731201,1699.970868558907,0.0,3
1,1,1,1,0,12,0,28,163.02126272292426,12.0,6,1.0610340927821915,1.1295798906126224,0,3,0.00010054627,0.99989945,7263.021262722924,11.998793363571167,13198.672699928284,20461.693962651207,0.0,2
1,0,0,0,1,1,0,29,113.30652774123632,1.0,0,2.7245702002542465,1.7795107824140184,1,0,0.9951277,0.004872322,613.3065277412363,0.004872322082519531,5.359554290771484,618.6660820320078,0.0,3
1,1,1,1,1,12,0,27,163.54407486647085,12.0,3,1.867856697610896,1.9582173049997031,0,1,0.0008906934,0.9991093,3963.544074866471,11.989311933517456,13188.243126869202,17151.78720173567,0.0,1
1,1,0,0,0,1,0,27,153.42880008043952,1.0,0,2.7418800736655764,2.0125435315841864,1,3,0.9964916,0.003508389,653.4288000804395,0.0035083889961242676,3.8592278957366943,657.2880279761762,0.0,2
1,1,0,0,1,1,1,29,137.23722614029364,1.0,1,2.0895518810786555,2.2463703346874526,1,2,0.6137042,0.3862958,1737.2372261402936,0.38629579544067383,424.9253749847412,2162.1626011250346,0.0,0
1,0,1,1,1,1,0,31,310.33136046965467,1.0,1,1.514975598328113,1.4387623421896292,0,0,0.07094251,0.9290575,1910.3313604696546,0.9290574789047241,1021.9632267951965,2932.294587264851,0.0,3
0,1,1,1,1,6,0,26,194.80395882578264,6.0,3,3.438665997316339,3.5553153709214333,0,1,0.0006452694,0.9993547,3994.8039588257825,5.99612832069397,6595.741152763367,10590.545111589148,0.0,1
1,1,0,1,1,1,1,33,159.70678479296646,1.0,1,0.5845608072267368,0.7052753803477653,0,0,0.019312484,0.9806875,1759.7067847929666,0.9806874990463257,1078.7562489509583,2838.463033743925,0.0,3
0,1,1,1,1,6,1,28,236.80019324575295,6.0,9,1.6856558172089189,1.6249144226545886,0,1,0.00041307387,0.99958694,10636.800193245754,5.997521638870239,6597.273802757263,17234.07399600302,0.0,1
1,1,1,0,1,12,0,25,185.05580114493253,12.0,1,2.228788566687036,2.2705703564800843,0,1,0.06710158,0.9328984,1785.0558011449325,11.194780826568604,12314.258909225464,14099.314710370396,0.0,1
1,1,0,0,1,1,0,32,241.2141231558089,1.0,1,0.0,0.0,1,0,0.32227242,0.6777276,1841.214123155809,0.6777275800704956,745.5003380775452,2586.714461233354,0.0,3
0,1,0,0,1,1,0,26,51.52430038298794,1.0,7,0.8929301652301684,1.1317497914419257,0,0,0.045327548,0.95467246,8251.524300382987,0.9546724557876587,1050.1397013664246,9301.664001749412,0.0,3
1,1,1,1,1,12,1,27,206.55779203243875,12.0,2,1.7744786583832317,2.044339687271484,0,1,0.0013335465,0.99866647,2906.5577920324386,11.983997583389282,13182.39734172821,16088.95513376065,0.0,1
0,1,0,0,1,1,1,30,46.93438030462596,1.0,3,3.2946517016788253,3.2263371303889503,0,2,0.0014305257,0.9985695,3846.934380304626,0.9985694885253906,1098.4264373779297,4945.3608176825555,0.0,0
0,1,1,0,1,6,0,25,117.34229323040138,6.0,3,1.84069520982154,1.8273831485751464,0,0,0.1096502,0.8903498,3917.3422932304015,5.342098832130432,5876.308715343475,9793.651008573877,0.0,3
1,1,0,1,1,6,0,39,345.4302977016323,6.0,5,4.675340649035343,4.700163853774422,0,2,5.503288e-05,0.999945,6345.430297701632,5.999669909477234,6599.636900424957,12945.06719812659,0.0,0
0,1,0,0,1,1,0,27,48.99385789505138,1.0,3,0.4882268860662429,0.5239597813252526,0,0,0.14927706,0.8507229,3848.9938578950514,0.8507229089736938,935.7951998710632,4784.789057766115,0.0,3
1,1,1,1,1,6,0,33,148.47263894108562,6.0,3,3.6481014557851417,3.603092548432048,0,2,0.00029913397,0.99970084,3948.4726389410857,5.998205065727234,6598.025572299957,10546.498211241043,0.0,1
1,1,1,1,1,6,1,31,154.06451329954476,6.0,6,1.806566794404282,1.8008922198412232,0,1,0.00071368786,0.9992863,7254.064513299545,5.995717763900757,6595.2895402908325,13849.354053590378,0.0,1
1,1,1,1,1,1,0,35,305.1783336075948,1.0,1,5.14185240354786,4.962539709845446,0,2,0.00083542493,0.9991646,1905.1783336075948,0.9991645812988281,1099.081039428711,3004.259373036306,0.0,0
0,1,1,0,1,12,0,31,185.1947995223842,12.0,4,1.832219034100813,1.8157155415409567,0,1,0.0004862619,0.99951375,5085.1947995223845,11.994164943695068,13193.581438064575,18278.77623758696,0.0,1
1,1,0,0,1,1,0,32,240.8713506025506,1.0,3,1.6707920461952834,1.6640702081631082,0,2,0.016676946,0.98332304,4040.8713506025506,0.9833230376243591,1081.655341386795,5122.526691989346,0.0,3
0,1,0,0,1,1,0,24,159.91277734467752,1.0,15,0.9579162932706056,0.8466827993267467,0,0,0.004685181,0.99531484,17159.912777344678,0.9953148365020752,1094.8463201522827,18254.75909749696,0.0,3
0,1,0,1,1,6,1,30,51.281517137153386,6.0,2,0.0,0.0530303516574956,0,0,0.011318828,0.9886812,2751.2815171371535,5.932087182998657,6525.295901298523,9276.577418435676,0.0,3
0,1,1,0,1,12,0,29,74.04354080515515,11.0,7,0.2847090664465199,0.3168863821395813,0,1,0.0005467589,0.99945325,8274.043540805154,10.993985712528229,12093.384283781052,20367.427824586208,1.0,3
1,1,0,0,1,12,1,31,293.9504650664701,11.0,12,2.0009118135863435,1.911062928457248,0,1,0.00013852342,0.9998615,13993.95046506647,10.998476266860962,12098.323893547058,26092.274358613526,1.0,0
0,0,1,0,1,1,0,29,260.2176889120886,1.0,2,3.2819063110207165,3.257497335155533,0,2,0.01083596,0.98916405,2960.2176889120888,0.9891640543937683,1088.0804598331451,4048.298148745234,0.0,0
0,1,1,0,1,6,0,34,282.714594943399,6.0,6,2.037568607192338,2.0132652581868755,0,1,0.00070484885,0.9992952,7382.714594943399,5.995771050453186,6595.348155498505,13978.062750441903,0.0,0
0,1,1,1,1,6,1,28,202.4332096021656,6.0,1,2.6217910534318976,2.387057878224093,0,1,0.06550567,0.9344943,1802.4332096021656,5.606965899467468,6167.662489414215,7970.09569901638,0.0,1
1,1,1,1,1,6,0,26,99.58553541410537,2.0,1,1.4666799548053409,1.2550705772694506,0,0,0.5226377,0.47736228,1699.5855354141054,0.9547245502471924,1050.1970052719116,2749.782540686017,4.0,1
1,1,0,1,1,1,0,33,12.056007046237982,1.0,6,4.699018439938508,4.786792947057812,0,2,0.000937999,0.999062,7112.056007046238,0.9990620017051697,1098.9682018756866,8211.024208921925,0.0,0
1,1,1,0,1,12,1,25,124.8033046400844,12.0,3,1.7932845634377252,1.645836075239368,0,1,0.004829213,0.9951708,3924.803304640084,11.942049264907837,13136.25419139862,17061.057496038706,0.0,1
0,1,0,0,1,1,1,26,56.89166345463342,1.0,2,2.16326369972281,1.6545107250334083,1,0,0.982229,0.017771006,2756.8916634546335,0.017771005630493164,19.54810619354248,2776.439769648176,0.0,3
1,1,0,1,1,6,1,29,342.3248667034555,6.0,5,3.3195128238125817,3.3629154964585384,0,2,4.8835704e-05,0.9999512,6342.324866703456,5.999707102775574,6599.677813053131,12942.002679756588,0.0,0
0,1,1,1,1,12,1,29,301.03601443065133,11.0,3,1.9409366225971496,1.953406109450032,0,1,0.00065142964,0.9993486,4101.036014430651,10.992834389209747,12092.117828130722,16193.153842561373,1.0,1
0,1,0,0,1,1,1,24,124.04555343750764,1.0,2,2.054970448431861,1.3776708010988274,1,0,0.9832655,0.01673448,2824.045553437508,0.01673448085784912,18.407928943634033,2842.453482381142,0.0,3
1,1,1,1,1,12,1,30,341.76810570815536,12.0,2,0.0,0.0,0,1,0.0013855142,0.9986145,3041.7681057081554,11.983373880386353,13181.711268424988,16223.479374133143,0.0,1
1,1,0,0,0,1,0,27,73.89018437953615,1.0,0,1.3262950797810682,1.307990884647658,1,3,0.964175,0.035825014,573.8901843795361,0.03582501411437988,39.40751552581787,613.297699905354,0.0,2
0,0,0,0,1,1,0,28,165.01722724741052,1.0,1,0.3431522510099114,0.4572557862473114,1,0,0.435825,0.564175,1765.0172272474106,0.564175009727478,620.5925107002258,2385.6097379476364,0.0,3
1,0,1,1,1,1,1,24,193.7555465273473,1.0,4,2.438269897053733,1.9402399999484667,1,2,0.87908953,0.120910466,5093.755546527347,0.12091046571731567,133.00151228904724,5226.757058816394,0.0,1
0,1,0,0,1,1,0,28,133.47922383928872,1.0,6,2.115477257546987,2.2219664996825155,0,2,0.002158954,0.99784106,7233.479223839288,0.9978410601615906,1097.6251661777496,8331.104390017037,0.0,0
0,1,0,1,1,1,1,27,82.04860135827748,1.0,0,1.6128217744529414,1.8844677679334545,1,0,0.9478261,0.052173913,582.0486013582774,0.052173912525177,57.3913037776947,639.4399051359721,0.0,3
0,1,0,0,1,1,1,26,108.02267522533114,1.0,1,1.2809527628161304,1.1176262970220696,1,0,0.7522938,0.24770617,1708.022675225331,0.24770617485046387,272.47679233551025,1980.4994675608414,0.0,3
0,1,1,1,1,6,0,24,43.18098241880384,6.0,1,2.252684306096711,2.359230814691504,0,1,0.34439847,0.6556015,1643.1809824188038,3.9336090087890625,4326.969909667969,5970.150892086773,0.0,1
1,0,1,0,1,1,0,26,56.46000330688236,1.0,0,1.2892993972697313,0.0,1,0,0.99995136,4.863739e-05,556.4600033068824,4.863739013671875e-05,0.053501129150390625,556.5135044360328,0.0,3
1,1,0,0,1,12,1,32,22.67592407259881,11.0,5,2.3415450281414847,2.4617823576713067,0,1,0.0002638509,0.99973613,6022.675924072599,10.997097432613373,12096.80717587471,18119.48309994731,1.0,0
0,1,1,0,1,1,0,25,50.360424399145295,1.0,2,1.3701976888230627,0.6714501935487762,1,0,0.9980957,0.0019043088,2750.3604243991454,0.001904308795928955,2.0947396755218506,2752.455164074667,0.0,3
1,1,0,1,1,12,1,24,202.3905078749632,12.0,1,0.999179053486076,1.0470471419156595,0,1,0.0071224743,0.99287754,1802.390507874963,11.914530515670776,13105.983567237854,14908.374075112817,0.0,1
0,1,1,1,1,12,0,28,92.3296349658507,11.0,11,1.7343710636820968,1.7992636606698589,0,1,0.00014747267,0.99985254,12692.32963496585,10.998377919197083,12098.21571111679,24790.54534608264,1.0,1
1,0,0,0,1,1,0,28,147.61538835637302,1.0,1,1.7834443126850048,1.711821646664273,0,0,0.5537489,0.4462511,1747.615388356373,0.4462510943412781,490.8762037754059,2238.491592131779,0.0,3
1,1,1,0,1,12,1,34,24.9235608159502,5.0,3,3.791391402232589,3.8461698126981614,0,2,0.0005413606,0.9994586,3824.92356081595,4.997293055057526,5497.022360563278,9321.945921379229,7.0,1
0,1,1,0,1,1,0,24,56.12988028393494,1.0,1,1.6316493025791177,1.3685470676742413,1,0,0.99011856,0.009881437,1656.1298802839349,0.009881436824798584,10.869580507278442,1666.9994607912133,0.0,3
1,1,1,1,1,6,1,26,190.51553699750983,5.0,2,0.299360683958805,0.2069645763020552,0,0,0.0058634784,0.9941365,2890.51553699751,4.9706825613975525,5467.750817537308,8358.266354534819,1.0,1
1,0,0,0,0,1,0,29,151.1726494189597,1.0,9,1.322399611923085,1.2324568005137349,0,3,0.001592299,0.9984077,10551.172649418959,0.9984077215194702,1098.2484936714172,11649.421143090376,0.0,2
0,0,0,0,1,6,0,28,74.24523086047273,5.0,0,1.1371140169236709,1.5076633330329905,1,0,0.9296282,0.07037181,574.2452308604727,0.35185903310775757,387.0449364185333,961.290167279006,1.0,3
1,1,1,1,1,12,1,30,6.402727325230572,12.0,14,1.6931908189625131,1.7159355220321582,0,1,0.00017034229,0.99982965,15906.40272732523,11.997955799102783,13197.751379013062,29104.15410633829,0.0,1
0,1,0,0,1,1,0,30,187.76202415853268,1.0,8,1.866457195318383,1.8811984112466773,0,2,0.0010558139,0.99894416,9487.762024158532,0.9989441633224487,1098.8385796546936,10586.600603813225,0.0,0
1,1,0,0,1,6,0,29,200.6328011297544,4.0,1,1.7030762149804708,0.2486033260019093,1,0,0.99802667,0.001973331,1800.6328011297544,0.00789332389831543,8.682656288146973,1809.3154574179014,2.0,3
0,1,1,1,1,12,1,34,32.95087236932756,10.0,4,1.7643956549482886,1.7053050947673265,0,1,0.00057027035,0.9994297,4932.950872369328,9.99429702758789,10993.72673034668,15926.677602716009,2.0,1
1,0,1,0,1,1,0,29,5.799497736995917,1.0,6,2.282678161470629,2.4148924914399106,0,2,0.0023743447,0.99762565,7105.799497736996,0.9976256489753723,1097.3882138729095,8203.187711609906,0.0,0
1,1,1,0,1,1,0,29,207.1903616188124,1.0,0,1.912637693292316,0.9991354121077948,1,0,0.99896586,0.0010341406,707.1903616188124,0.0010341405868530273,1.13755464553833,708.3279162643507,0.0,3
1,1,1,0,1,1,0,25,98.55928692259192,1.0,1,1.1281795140679942,1.205676083749415,1,0,0.88204706,0.11795294,1698.559286922592,0.11795294284820557,129.74823713302612,1828.3075240556182,0.0,3
1,1,1,1,1,12,0,28,136.48767182991864,12.0,15,1.0524594717929907,1.1537764346309314,0,1,5.8633683e-05,0.99994135,17136.48767182992,11.999296188354492,13199.225807189941,30335.71347901986,0.0,1
1,1,1,1,1,12,0,28,175.02468671208226,12.0,4,0.8108369050954536,0.7989884285781953,0,1,0.00025513288,0.9997449,5075.024686712082,11.996938705444336,13196.63257598877,18271.65726270085,0.0,1
1,0,0,0,1,1,0,28,3.3813882991414346,1.0,2,3.0137085470275267,3.0744322409610243,0,2,0.07925056,0.9207494,2703.3813882991412,0.9207494258880615,1012.8243684768677,3716.205756776009,0.0,0
0,1,0,0,1,6,0,30,17.786402727324155,5.0,3,3.882433752089831,4.070843963839139,0,2,0.0009550792,0.9990449,3817.786402727324,4.995224475860596,5494.746923446655,9312.53332617398,1.0,0
1,1,0,0,1,1,1,33,93.18940556192791,1.0,3,1.1919684647019586,1.212531849939291,0,0,0.01432593,0.9856741,3893.1894055619277,0.9856740832328796,1084.2414915561676,4977.430897118095,0.0,3
0,1,0,1,1,12,1,23,95.5203665816932,11.0,3,2.4930395563417664,2.356895736550834,0,1,0.0028179258,0.9971821,3895.520366581693,10.969002783298492,12065.903061628342,15961.423428210035,1.0,1
1,0,1,0,1,6,0,31,71.35146549719806,5.0,2,2.934362372175965,2.9464538221107577,0,2,0.008440857,0.99155915,2771.351465497198,4.957795739173889,5453.575313091278,8224.926778588477,1.0,0
0,1,1,1,0,12,1,27,300.5049040654943,12.0,1,1.6222278204313247,1.8016727279236249,0,3,0.0034144644,0.99658555,1900.5049040654944,11.959026575088501,13154.929232597351,15055.434136662845,0.0,2
1,1,0,1,1,1,0,29,170.63997186046066,1.0,1,1.094219629911001,0.2285169618726415,1,0,0.9991122,0.0008878112,1770.6399718604607,0.0008878111839294434,0.9765923023223877,1771.616564162783,0.0,3
0,1,1,0,1,1,1,29,98.69168738277293,1.0,2,2.648485792918436,2.6617503110722085,0,2,0.06654835,0.93345165,2798.691687382773,0.9334516525268555,1026.796817779541,3825.488505162314,0.0,0
0,1,0,0,1,1,1,29,264.60551415647086,1.0,0,2.355562612407676,2.3723301792604268,0,2,0.21437928,0.7856207,764.6055141564709,0.7856206893920898,864.1827583312988,1628.7882724877697,0.0,0
0,1,0,0,0,12,0,30,119.60823963295928,10.0,2,0.9339284250106769,1.0347108957519826,0,3,0.004435694,0.9955643,2819.6082396329593,9.955642819404602,10951.207101345062,13770.81534097802,2.0,2
1,1,0,0,1,1,0,31,99.77774270297712,1.0,4,0.9646100664470172,0.0,1,0,0.98368984,0.016310155,4999.777742702977,0.016310155391693115,17.941170930862427,5017.718913633839,0.0,3
0,1,1,1,1,12,0,29,50.864460066893386,5.0,1,3.5275831972179663,3.47386131851435,0,1,0.0046166335,0.9953834,1650.8644600668933,4.9769169092178345,5474.608600139618,7125.473060206511,7.0,1
1,0,1,1,1,1,0,31,172.0382330635849,1.0,4,1.673403352263291,1.7866950086192193,0,0,0.004373869,0.99562615,5072.038233063585,0.9956261515617371,1095.1887667179108,6167.226999781496,0.0,1
1,1,0,0,0,1,0,27,319.3403417635735,1.0,11,2.7540962159104816,2.8546881208423898,0,3,0.00033490412,0.9996651,12919.340341763573,0.9996650815010071,1099.6315896511078,14018.97193141468,0.0,2
1,1,1,1,0,12,1,28,31.811859944212745,9.0,5,1.9719217451064184,2.005749328665288,0,3,0.0005542419,0.99944574,6031.811859944212,8.995011627674103,9894.512790441513,15926.324650385726,3.0,2
1,1,0,0,1,6,0,28,57.2528816304749,6.0,3,1.6205673568214818,1.153160312771603,1,0,0.82429314,0.17570686,3857.252881630475,1.0542411804199219,1159.665298461914,5016.918180092389,0.0,3
1,1,0,0,1,1,0,30,121.93246759564612,1.0,3,3.058328371586472,3.124317721861334,0,2,0.01879816,0.9812018,3921.932467595646,0.9812018275260925,1079.3220102787018,5001.254477874348,0.0,0
0,1,0,0,1,1,1,32,37.973099715111374,1.0,6,3.5186838024782783,3.55182104826952,0,2,0.00052478065,0.99947524,7137.973099715111,0.9994752407073975,1099.4227647781372,8237.395864493248,0.0,0
0,1,1,1,1,1,0,30,224.17364615416068,1.0,9,1.7593603511151106,1.8139427402412056,0,2,0.00080789655,0.9991921,10624.17364615416,0.9991921186447144,1099.1113305091858,11723.284976663346,0.0,1
1,1,1,0,0,6,1,27,152.77553229268426,6.0,1,1.2643447328298767,0.0987948646177436,1,3,0.99255013,0.0074498653,1752.7755322926841,0.04469919204711914,49.169111251831055,1801.9446435445152,0.0,2
1,1,0,0,1,12,0,33,220.91491485296143,9.0,4,2.228304564888736,2.097989245108014,0,1,0.00010465489,0.99989533,5120.914914852961,8.99905800819397,9898.963809013367,15019.878723866328,3.0,0
1,0,1,0,1,6,1,31,95.82755375133092,6.0,2,3.050218444922145,3.0039372379542617,0,2,0.0068247374,0.99317527,2795.827553751331,5.959051609039307,6554.956769943237,9350.784323694568,0.0,0
1,0,1,1,1,1,0,28,78.41966751193931,1.0,0,2.357895983730782,2.37422530456027,1,0,0.9082764,0.09172362,578.4196675119393,0.09172362089157104,100.89598298072815,679.3156504926675,0.0,3
1,1,0,0,1,1,1,29,92.46712137769568,1.0,3,1.5215659982028362,1.5398529921993496,0,0,0.053147938,0.9468521,3892.4671213776955,0.9468520879745483,1041.5372967720032,4934.004418149699,0.0,3
1,1,1,1,1,1,0,28,103.74754748031287,1.0,1,0.9810963815233852,0.0083846055171468,1,0,0.9992212,0.0007787943,1703.747547480313,0.0007787942886352539,0.8566737174987793,1704.6042211978117,0.0,3
1,1,1,0,1,1,0,28,235.662350698482,1.0,1,1.972279082935077,1.90152133963858,0,0,0.68580616,0.31419384,1835.662350698482,0.31419384479522705,345.61322927474976,2181.2755799732317,0.0,3
1,1,1,1,1,1,0,28,155.81106315533128,1.0,7,0.925869475316346,0.792238906142966,0,0,0.0018251019,0.9981749,8355.811063155332,0.9981749057769775,1097.9923963546753,9453.803459510007,0.0,1
1,1,0,0,1,1,0,22,15.785804965464068,1.0,1,1.935779327576557,2.3348594669802942,1,0,0.9931264,0.0068736076,1615.785804965464,0.006873607635498047,7.560968399047852,1623.3467733645118,0.0,3
1,0,0,0,1,6,1,25,2.8172002914492538,6.0,0,0.7141819155639031,1.1315588282223823,1,0,0.9788711,0.021128893,502.81720029144924,0.12677335739135742,139.45069313049316,642.2678934219424,0.0,3
0,1,1,1,1,12,1,27,149.98807533015142,12.0,2,2.576993443595217,2.4814838958380414,0,1,0.00047838435,0.9995216,2849.9880753301513,11.994259357452393,13193.685293197632,16043.673368527783,0.0,1
1,1,1,1,1,6,1,28,73.55776110464136,5.0,1,0.446842307017864,0.6125947095864468,1,0,0.5868102,0.41318983,1673.5577611046413,2.0659491419792175,2272.5440561771393,3946.1018172817803,1.0,1
1,0,1,0,1,1,0,34,118.41682965255583,1.0,1,1.3518501390128217,1.1885823360398224,0,0,0.1733519,0.8266481,1718.4168296525559,0.8266481161117554,909.3129277229309,2627.7297573754868,0.0,3
0,1,1,1,1,12,1,29,44.36487322667488,12.0,4,2.3573677197849183,2.369013947618352,0,1,0.0007992519,0.99920076,4944.364873226675,11.990409135818481,13189.45004940033,18133.814922627003,0.0,1
1,0,0,0,1,1,0,34,153.523992914519,1.0,4,1.792638871597583,1.8140205987130675,0,2,0.0041760784,0.9958239,5053.523992914519,0.9958239197731018,1095.406311750412,6148.930304664931,0.0,3
1,0,0,0,1,1,0,28,44.59503862730247,1.0,0,1.884653944640266,1.3684804597652924,1,0,0.9986305,0.0013694763,544.5950386273025,0.001369476318359375,1.5064239501953125,546.1014625774978,0.0,3
0,1,0,0,1,1,0,31,124.35722636708373,1.0,4,1.9468578830333827,1.9954781065921432,0,2,0.013607126,0.98639286,5024.357226367084,0.9863928556442261,1085.0321412086487,6109.389367575733,0.0,0
1,1,1,1,1,12,1,34,379.4852073092612,9.0,8,1.7809871534784851,1.8376335086299875,0,1,0.00011342565,0.9998866,9679.48520730926,8.998979151248932,9898.877066373825,19578.362273683088,3.0,1
1,1,1,1,1,12,1,32,90.7441807784138,12.0,5,1.927348853410933,1.962429125546444,0,1,0.00015265447,0.99984735,6090.7441807784135,11.998168230056763,13197.985053062439,19288.72923384085,0.0,1
1,1,0,0,1,1,0,26,41.86525647239372,1.0,6,1.6863580936329363,1.5445139244344208,0,0,0.18578348,0.8142165,7141.865256472393,0.8142164945602417,895.6381440162659,8037.503400488659,0.0,3
0,1,0,0,1,1,1,21,119.73492162734576,1.0,1,1.9143770956145096,1.0172175972028907,1,0,0.9972964,0.002703607,1719.7349216273458,0.0027036070823669434,2.9739677906036377,1722.7088894179494,0.0,3
1,1,1,0,1,1,0,27,21.027100988181832,1.0,0,3.1435791520884915,3.2375473331698763,0,2,0.31803423,0.68196577,521.0271009881818,0.6819657683372498,750.1623451709747,1271.1894461591564,0.0,0
0,1,1,0,1,12,1,32,103.53931006060895,12.0,3,1.223021105999585,1.1870408213096968,0,1,0.001300506,0.9986995,3903.539310060609,11.984393835067749,13182.833218574524,17086.372528635133,0.0,1
1,1,0,0,1,1,0,33,65.66626221197033,1.0,7,1.2716354221123145,1.2334386457493869,0,0,0.004867297,0.9951327,8265.666262211971,0.9951326847076416,1094.6459531784058,9360.312215390377,0.0,3
0,0,0,0,0,1,0,33,152.13022779038675,1.0,1,1.2825255927695745,1.3396836195117363,0,3,0.07490634,0.92509365,1752.1302277903867,0.9250936508178711,1017.6030158996582,2769.733243690045,0.0,2
1,1,1,1,1,1,0,23,96.70025024374404,1.0,0,1.0685436065067857,0.9362603927867736,1,0,0.9903404,0.009659588,596.700250243744,0.00965958833694458,10.625547170639038,607.325797414383,0.0,3
0,0,1,0,1,1,0,28,154.01998484356017,1.0,2,1.3338984948399022,1.31776651342082,0,0,0.18053572,0.81946427,2854.01998484356,0.8194642663002014,901.4106929302216,3755.4306777737816,0.0,3
1,1,0,0,1,6,1,31,462.1786601056556,5.0,0,2.504586218977098,2.453484480003659,0,2,0.010598654,0.98940134,962.1786601056556,4.947006702423096,5441.707372665405,6403.886032771061,1.0,0
0,1,1,1,1,1,1,32,112.58112724088367,1.0,0,0.949275342141274,0.9644009664745952,0,0,0.22636057,0.77363944,612.5811272408837,0.773639440536499,851.0033845901489,1463.5845118310326,0.0,1
0,1,0,0,1,1,0,25,96.99484972402811,1.0,1,1.5255334871447377,2.126956860320827,1,0,0.98255676,0.01744324,1696.9948497240282,0.01744323968887329,19.18756365776062,1716.1824133817888,0.0,3
0,1,1,1,1,1,1,32,132.20779557269483,1.0,3,3.383633097032904,3.508655538725852,0,2,0.00089214667,0.99910784,3932.207795572695,0.999107837677002,1099.0186214447021,5031.226417017397,0.0,1
0,1,1,1,1,1,1,25,81.31469422643141,1.0,0,1.1271996598374407,0.3463260302673745,1,0,0.9997832,0.0002167821,581.3146942264314,0.0002167820930480957,0.23846030235290527,581.5531545287843,0.0,3
0,1,1,1,1,1,0,32,231.8542461263285,1.0,19,1.068484579502376,1.033211573544227,0,2,0.0015531353,0.9984469,21631.854246126328,0.9984468817710876,1098.2915699481964,22730.145816074524,0.0,1
1,1,0,0,1,1,1,34,150.8324262019587,1.0,8,1.119397024967438,1.145269946779817,0,2,0.00091157254,0.9990884,9450.83242620196,0.9990884065628052,1098.9972472190857,10549.829673421045,0.0,3
0,1,0,0,1,1,1,29,163.4545878983094,1.0,2,2.3666604229570223,2.3813800547708834,0,2,0.030979002,0.969021,2863.4545878983095,0.9690210223197937,1065.923124551773,3929.3777124500825,0.0,0
0,1,1,0,1,1,0,23,190.76800426983863,1.0,1,0.8165620723102192,1.5018735268938317,1,0,0.957569,0.042430997,1790.7680042698387,0.042430996894836426,46.67409658432007,1837.4421008541588,0.0,3
1,1,0,0,1,1,0,30,7.353429465311265,1.0,2,0.4131476529132532,0.4169767146633352,0,0,0.17218885,0.8278111,2707.3534294653114,0.8278111219406128,910.5922341346741,3617.9456635999854,0.0,3
1,1,0,0,1,1,0,27,34.715962256917265,1.0,1,1.1826039349752815,1.7627918889033325,1,0,0.9802908,0.01970923,1634.7159622569172,0.019709229469299316,21.680152416229248,1656.3961146731465,0.0,3
0,1,1,0,1,1,0,27,193.3218498974209,1.0,4,2.159629528729329,1.5776714448691511,1,0,0.9057677,0.09423232,5093.321849897421,0.09423232078552246,103.6555528640747,5196.977402761496,0.0,3
0,0,1,0,1,12,0,32,22.752014072659662,11.0,8,1.68265735111557,1.6812756255585943,0,1,0.00026890016,0.9997311,9322.75201407266,10.9970423579216,12096.74659371376,21419.49860778642,1.0,1
0,1,1,1,1,1,0,23,154.15235908972318,1.0,0,1.0940444405060197,0.0,1,0,0.9998023,0.0001977086,654.1523590897232,0.0001977086067199707,0.21747946739196777,654.3698385571151,0.0,3
1,1,0,0,1,1,0,24,51.45037755255,1.0,1,1.5484606910519547,0.3458019184809942,1,0,0.9999268,7.3194504e-05,1651.45037755255,7.319450378417969e-05,0.08051395416259766,1651.5308915067126,0.0,3
1,0,1,1,1,1,1,31,352.56901686494245,1.0,4,1.006191830900922,0.8609900558839125,0,0,0.0051139137,0.9948861,5252.569016864943,0.9948861002922058,1094.3747103214264,6346.943727186369,0.0,1
0,1,0,0,1,1,1,28,157.8094340672059,1.0,1,1.5502119424750116,1.5650817385124731,1,0,0.5124291,0.48757088,1757.809434067206,0.4875708818435669,536.3279700279236,2294.1374040951296,0.0,3
0,1,1,1,1,1,0,32,80.27629458173939,1.0,12,3.159762171057892,3.13566203916953,0,2,0.00052936695,0.99947065,13780.27629458174,0.9994706511497498,1099.4177162647247,14879.694010846464,0.0,0
0,1,0,0,1,1,0,31,117.94858799940502,1.0,4,3.2368789584813045,3.265284907408725,0,2,0.0010623023,0.9989377,5017.948587999405,0.998937726020813,1098.8314986228943,6116.7800866223,0.0,0
1,1,1,1,1,1,1,32,47.51779661157556,1.0,2,1.8624916871177124,1.886360946802769,0,2,0.045151204,0.95484877,2747.5177966115757,0.9548487663269043,1050.3336429595947,3797.8514395711704,0.0,1
0,1,0,1,1,12,1,30,339.5946576138612,11.0,2,2.0882211272317783,2.118279032338692,0,1,0.00033822085,0.9996618,3039.5946576138613,10.996279835700989,12095.907819271088,15135.502476884949,1.0,1
1,0,1,0,1,12,1,35,49.99670181172762,12.0,12,2.842066018771406,2.8540013444979366,0,1,9.639998e-05,0.9999036,13749.996701811728,11.998843431472778,13198.727774620056,26948.724476431784,0.0,0
0,1,1,1,1,12,0,33,114.15861988948792,12.0,3,1.9884533929314407,1.9457317680054864,0,1,0.00019366469,0.99980634,3914.158619889488,11.997676134109497,13197.443747520447,17111.602367409934,0.0,1
1,1,0,0,1,1,1,29,107.46211869511984,1.0,5,1.923753445596436,1.9731801985824025,0,2,0.003326221,0.99667376,6107.46211869512,0.9966737627983093,1096.3411390781403,7203.80325777326,0.0,0
1,1,1,0,1,1,0,21,112.03442891835932,1.0,12,2.7471102509669825,2.820657084665372,0,2,0.0063919695,0.99360806,13812.03442891836,0.9936080574989319,1092.968863248825,14905.003292167185,0.0,0
1,1,0,0,1,1,0,33,34.96055739883856,1.0,4,1.885470058667374,1.79001157120151,0,2,0.018377343,0.98162264,4934.960557398838,0.9816226363182068,1079.7848999500275,6014.745457348866,0.0,3
1,1,0,0,1,6,1,37,148.5270468492099,6.0,17,1.1291232504901556,1.070852949213223,0,2,0.00041031017,0.9995897,19348.52704684921,5.997538089752197,6597.291898727417,25945.818945576626,0.0,0
1,1,1,0,1,12,1,31,72.86863640396692,11.0,2,2.0475702209661955,2.132327156818884,0,1,0.0021985015,0.9978015,2772.868636403967,10.975816309452057,12073.397940397263,14846.26657680123,1.0,1
0,1,0,1,1,1,1,26,113.22350644456544,1.0,3,1.1816756001098878,1.1125009996554156,0,0,0.029082632,0.97091734,3913.2235064445654,0.9709173440933228,1068.009078502655,4981.23258494722,0.0,3
0,1,0,0,1,1,1,32,288.57660169615406,1.0,2,1.9547980289874125,1.9319656873710545,0,2,0.0062894463,0.9937106,2988.5766016961543,0.9937105774879456,1093.08163523674,4081.6582369328944,0.0,0
1,1,1,0,1,12,0,31,45.26092625356871,11.0,16,3.3496518316836856,3.128861580710942,0,1,4.7955073e-05,0.999952,18145.26092625357,10.999472200870514,12099.419420957565,30244.680347211135,1.0,0
1,1,1,0,1,1,0,22,138.3032826067853,1.0,0,0.2258093674572508,0.1687583404094472,1,0,0.9886432,0.011356771,638.3032826067853,0.011356770992279053,12.492448091506958,650.7957306982922,0.0,3
0,0,0,0,1,1,0,32,160.77461589520834,1.0,0,0.6682787264515048,0.0,1,0,0.9943116,0.005688429,660.7746158952084,0.00568842887878418,6.257271766662598,667.031887661871,0.0,3
0,0,1,0,1,12,1,29,72.74315599892408,12.0,9,0.6005088918914421,0.4579390708872271,0,1,0.0008035069,0.99919647,10472.743155998924,11.990357637405396,13189.393401145935,23662.13655714486,0.0,3
1,0,1,0,0,6,0,30,55.783895023172725,5.0,1,1.6229651216584997,1.6244176570755302,1,3,0.48138317,0.5186168,1655.7838950231728,2.59308397769928,2852.3923754692078,4508.17627049238,1.0,2
0,1,1,1,1,6,0,28,282.08959967116243,6.0,4,3.198532270247835,3.0962742976478816,0,1,0.0027168207,0.99728316,5182.089599671162,5.9836989641189575,6582.068860530853,11764.158460202016,0.0,1
0,1,0,0,1,1,1,30,200.7199189978532,1.0,2,2.2460211125849847,2.227053558688,0,2,0.030116107,0.9698839,2900.7199189978533,0.969883918762207,1066.8723106384277,3967.592229636281,0.0,0
0,1,0,1,1,12,1,28,400.98880225289565,12.0,3,0.6117269236885323,0.7302545115146566,0,1,0.0002810216,0.99971896,4200.988802252896,11.996627569198608,13196.29032611847,17397.279128371367,0.0,1
1,1,1,1,1,6,0,28,89.81008223999821,6.0,0,0.0630147529820188,0.0,1,0,0.99297607,0.0070239305,589.8100822399982,0.04214358329772949,46.35794162750244,636.1680238675007,0.0,3
0,1,1,0,1,1,0,30,214.65902857075815,1.0,3,2.0936520011676496,2.097294528385442,0,2,0.034259513,0.9657405,4014.659028570758,0.9657405018806458,1062.3145520687103,5076.973580639468,0.0,0
0,1,0,0,1,1,0,29,64.7900234273916,1.0,0,1.9424721237931568,1.6896501207972503,1,0,0.94673973,0.053260267,564.7900234273916,0.05326026678085327,58.5862934589386,623.3763168863302,0.0,3
1,1,1,1,1,6,1,30,147.57797315436466,6.0,3,2.0571333809315733,2.122972800956189,0,1,0.0022807156,0.9977193,3947.577973154365,5.986315727233887,6584.947299957275,10532.52527311164,0.0,1
0,1,1,0,1,12,0,32,184.5307531343028,11.0,3,2.336441008794836,2.162143799748113,0,1,0.0015020003,0.998498,3984.530753134303,10.983478248119354,12081.82607293129,16066.356826065592,1.0,1
0,1,0,0,1,1,0,33,95.65128494211822,1.0,2,0.8355862791190403,1.0846237868340878,1,0,0.37008277,0.62991726,2795.6512849421183,0.6299172639846802,692.9089903831482,3488.5602753252665,0.0,3
0,1,0,0,1,6,1,26,83.74832289514828,6.0,6,0.6867473252996119,0.5362489816666091,0,0,0.01265869,0.9873413,7183.748322895149,5.9240477085113525,6516.452479362488,13700.200802257637,0.0,3
0,1,1,1,1,6,1,32,48.69695837364488,3.0,4,1.2316610050432462,1.3641375953079975,0,1,0.0026530619,0.99734694,4948.6969583736445,2.9920408129692078,3291.2448942661285,8239.941852639773,3.0,1
1,1,0,0,1,1,1,33,181.61989599281927,1.0,4,1.9697228812320704,2.2884954205794417,0,2,0.0010104217,0.9989896,5081.61989599282,0.9989895820617676,1098.8885402679443,6180.508436260764,0.0,0
1,1,1,0,1,12,1,30,149.65743420722077,12.0,2,2.362006066030771,2.3781232045807905,0,1,0.0020162698,0.99798375,2849.657434207221,11.975805044174194,13173.385548591614,16023.042982798834,0.0,1
0,1,1,0,1,12,0,28,217.9396397579041,12.0,3,0.6981219041984472,0.8044645742784738,0,1,0.002007114,0.9979929,4017.939639757904,11.975914478302002,13173.505926132202,17191.445565890106,0.0,3
1,1,1,1,1,12,1,33,56.24066762008796,4.0,7,0.9708362678465146,0.9800362055297503,0,1,0.0042426325,0.99575734,8256.240667620088,3.983029365539551,4381.332302093506,12637.572969713594,8.0,1
1,1,1,1,1,12,1,31,326.3674220283018,8.0,4,3.3744536503417537,3.393701402655645,0,1,0.000119925644,0.9998801,5226.367422028302,7.999040603637695,8798.944664001465,14025.312086029768,4.0,1
1,1,0,0,0,6,1,28,117.79614421056137,6.0,8,1.7706217517479363,1.6178387290684313,0,3,0.0029638754,0.9970361,9417.79614421056,5.9822165966033936,6580.438256263733,15998.234400474294,0.0,2
0,1,0,0,1,6,0,31,39.61097604336089,6.0,3,3.7612654175761695,3.753584241149051,0,2,0.0011273259,0.9988727,3839.610976043361,5.993236184120178,6592.559802532196,10432.170778575557,0.0,0
0,1,1,1,1,6,0,34,214.3399036316113,6.0,10,1.179269076650706,1.0623883265467005,0,1,0.00061969896,0.9993803,11714.339903631611,5.996281743049622,6595.909917354584,18310.249820986195,0.0,1
1,1,0,0,1,12,1,27,325.2728594136971,12.0,4,1.5025238673048351,1.6521025218632477,0,1,0.00019326367,0.99980676,5225.272859413697,11.997681140899658,13197.449254989624,18422.72211440332,0.0,0
1,1,1,1,0,12,1,31,71.40895911162991,12.0,7,2.8282375288428074,2.9989398015426345,0,3,0.0001332001,0.9998668,8271.40895911163,11.998401403427124,13198.241543769836,21469.650502881464,0.0,2
1,1,0,0,1,6,0,32,178.35223790160316,6.0,7,0.1264359750336461,0.2251293435719645,0,0,0.0005279394,0.9994721,8378.352237901603,5.996832489967346,6596.515738964081,14974.867976865684,0.0,3
0,1,1,0,1,12,1,32,220.5323539504033,11.0,8,1.6151527981562743,1.7607716718920636,0,1,9.12509e-05,0.99990875,9520.532353950402,10.998996198177338,12098.895817995071,21619.428171945474,1.0,1
1,1,0,0,0,1,0,25,76.1906156000988,1.0,2,1.940429066556412,1.196067285243264,1,3,0.9983291,0.001670897,2776.1906156000987,0.0016708970069885254,1.837986707687378,2778.028602307786,0.0,2
1,1,0,0,1,1,1,25,38.84128614258303,1.0,4,0.4331884832269435,0.2712371405490605,0,0,0.1565223,0.8434777,4938.841286142583,0.843477725982666,927.8254985809326,5866.666784723516,0.0,3
0,1,1,1,1,1,0,28,17.620550976551954,1.0,1,1.4739005767376383,0.7451642934018606,1,0,0.98998964,0.010010362,1617.6205509765518,0.010010361671447754,11.01139783859253,1628.6319488151444,0.0,3
0,1,0,0,1,1,0,30,19.36779395560596,1.0,0,0.3834683043649449,0.2911615564537117,1,0,0.8668381,0.1331619,519.367793955606,0.13316190242767334,146.47809267044067,665.8458866260466,0.0,3
1,1,1,1,1,6,0,29,122.53680434738756,6.0,1,2.923911175022181,2.8390897761417184,0,1,0.023493087,0.9765069,1722.5368043473875,5.859041333198547,6444.945466518402,8167.482270865789,0.0,1
0,1,0,0,1,12,0,25,232.56524830814988,12.0,3,1.4573645698081157,1.762466663940884,0,1,0.0062722145,0.9937278,4032.56524830815,11.924733638763428,13117.20700263977,17149.77225094792,0.0,3
1,1,0,0,0,6,1,29,73.0328171444542,5.0,1,1.2044725594900618,1.2309089449351578,0,3,0.19865069,0.8013493,1673.0328171444542,4.006746411323547,4407.421052455902,6080.4538696003565,1.0,2
0,0,0,0,1,1,1,30,191.0285722218429,1.0,0,1.8454804485494485,1.7528984972925126,0,0,0.3319615,0.6680385,691.0285722218429,0.6680384874343872,734.8423361778259,1425.8709083996687,0.0,3
1,1,1,0,1,12,0,25,30.895072548848816,4.0,3,2.644955948755857,2.6204934084026967,0,1,0.07996458,0.9200354,3830.895072548849,3.6801416873931885,4048.1558561325073,7879.050928681356,8.0,1
1,0,1,0,1,1,0,29,116.0936179645566,1.0,1,3.1739010857211825,2.2966443055750174,1,2,0.9705039,0.029496074,1716.0936179645566,0.029496073722839355,32.44568109512329,1748.53929905968,0.0,0
0,1,0,0,1,1,0,33,108.06624235806476,1.0,9,0.0,0.0,0,0,0.014409027,0.985591,10508.066242358065,0.9855909943580627,1084.150093793869,11592.216336151934,0.0,3
1,1,0,0,1,1,1,30,226.7443352942057,1.0,1,1.9058198602418903,2.0472982479185458,0,2,0.3156798,0.6843202,1826.7443352942057,0.6843202114105225,752.7522325515747,2579.49656784578,0.0,0
0,1,0,0,0,1,1,35,178.5177702845953,1.0,1,1.5969094295927566,1.6342856011036893,0,3,0.021458318,0.9785417,1778.5177702845954,0.9785416722297668,1076.3958394527435,2854.913609737339,0.0,2
0,0,0,0,1,1,0,32,112.69199556633149,1.0,9,1.8146194270481808,1.9017929243182468,0,2,0.0009674108,0.9990326,10512.69199556633,0.9990326166152954,1098.935878276825,11611.627873843156,0.0,0
1,1,1,1,1,6,1,21,112.41951698221534,6.0,1,2.244362163606039,1.6262238902066133,1,1,0.9274792,0.07252079,1712.4195169822153,0.4351247549057007,478.63723039627075,2191.056747378486,0.0,1
1,0,0,1,1,1,0,32,211.22849973522847,1.0,6,0.8269369873010197,0.8687371380138983,0,0,0.0019183736,0.9980816,7311.228499735228,0.998081624507904,1097.8897869586945,8409.118286693923,0.0,3
0,1,0,1,1,1,1,31,123.67910456671078,1.0,9,2.268202982763624,2.2571231206268108,0,2,0.0016590055,0.998341,10523.67910456671,0.9983410239219666,1098.1751263141632,11621.854230880874,0.0,0
1,1,1,1,1,12,1,29,187.0119859690863,11.0,4,1.3612403257191117,1.4903795706259548,0,1,0.0007162013,0.9992838,5087.011985969087,10.992121696472168,12091.333866119385,17178.34585208847,1.0,1
1,1,0,1,1,1,0,28,224.3555327959488,1.0,12,1.873177836550496,1.947595055645992,0,2,0.00086959486,0.9991304,13924.35553279595,0.9991304278373718,1099.043470621109,15023.399003417058,0.0,0
1,1,0,0,1,6,0,27,202.53277516248863,6.0,1,0.5104664540944903,0.7206451913539654,0,0,0.24227223,0.75772774,1802.5327751624886,4.546366453170776,5001.003098487854,6803.535873650342,0.0,3
1,1,0,0,1,6,0,26,134.10192092717438,6.0,6,2.72375216734392,2.882446198961081,0,2,0.0006747738,0.9993252,7234.101920927174,5.995951294898987,6595.5464243888855,13829.64834531606,0.0,0
1,0,0,0,0,1,0,25,78.70724571090106,1.0,0,1.1251808109458086,1.0965798009752203,1,3,0.987374,0.012625992,578.707245710901,0.01262599229812622,13.888591527938843,592.5958372388399,0.0,2
1,0,0,0,1,6,0,31,340.4859508088439,6.0,1,1.631474047424,1.6791399500126878,0,0,0.0018244272,0.99817556,1940.4859508088439,5.98905336856842,6587.958705425262,8528.444656234107,0.0,3
0,1,0,1,1,1,1,31,25.81885731341528,1.0,3,0.6613172231799491,0.7728982198853843,0,0,0.05203131,0.9479687,3825.8188573134153,0.9479687213897705,1042.7655935287476,4868.584450842163,0.0,3
1,1,1,0,1,12,0,35,349.43096802003936,12.0,6,0.4566045658669202,0.4368803667388908,0,1,9.762329e-05,0.99990237,7449.4309680200395,11.998828411102295,13198.711252212524,20648.142220232563,0.0,1
1,1,0,0,1,6,1,33,184.8390730236288,6.0,5,1.7744364222196891,1.7817095310096185,0,2,0.00046491847,0.9995351,6184.839073023629,5.997210502624512,6596.931552886963,12781.77062591059,0.0,0
1,1,0,0,1,1,1,30,55.61947842980217,1.0,2,3.234056978926988,3.163415435699482,0,2,0.0057303174,0.99426967,2755.6194784298023,0.9942696690559387,1093.6966359615326,3849.316114391335,0.0,0
0,1,0,0,1,1,0,28,38.58561235233815,1.0,4,1.3240226885886708,1.390423046348591,1,0,0.2623927,0.7376073,4938.585612352338,0.7376073002815247,811.3680303096771,5749.953642662015,0.0,3
1,0,1,0,1,12,1,30,252.3501358172282,9.0,4,2.591065612489952,2.5601328801594643,0,1,0.000595211,0.9994048,5152.350135817228,8.994643092155457,9894.107401371002,15046.457537188231,3.0,1
1,1,1,1,1,6,0,26,156.842467734778,6.0,1,1.3509868775622682,1.4789410847080142,1,1,0.5367534,0.46324658,1756.842467734778,2.779479503631592,3057.427453994751,4814.2699217295285,0.0,1
0,1,0,0,0,1,1,24,59.57040935099732,1.0,0,0.2005594223936286,0.0,1,3,0.99465513,0.0053448677,559.5704093509974,0.005344867706298828,5.879354476928711,565.4497638279261,0.0,2
0,1,0,0,1,12,0,31,324.0922382613733,9.0,4,2.630015937620811,2.644154230034509,0,1,0.000197682,0.9998023,5224.0922382613735,8.99822062253952,9898.042684793472,15122.134923054846,3.0,0
0,1,0,0,1,1,0,34,80.64236644584486,1.0,8,1.882993825608465,2.0018774962579218,0,2,0.0015949659,0.99840504,9380.642366445845,0.9984050393104553,1098.2455432415009,10478.887909687346,0.0,0
0,1,0,0,1,1,0,29,239.1554128213809,1.0,2,1.8076144102465408,1.915882038062103,0,0,0.09858373,0.9014163,2939.155412821381,0.9014163017272949,991.5579319000244,3930.7133447214055,0.0,3
1,0,1,0,1,1,0,32,133.814877072407,1.0,3,2.3652450996673573,2.541463258339164,0,2,0.016773138,0.98322684,3933.814877072407,0.9832268357276917,1081.5495193004608,5015.364396372868,0.0,0
1,1,1,0,1,1,1,29,5.929056495929984,1.0,2,2.951777691000826,3.0013891112673003,0,2,0.024170147,0.97582984,2705.92905649593,0.9758298397064209,1073.412823677063,3779.341880172993,0.0,0
1,1,1,1,1,12,1,28,232.76776026961585,12.0,6,0.7926316831546654,0.7719706614034446,0,1,0.000101550206,0.99989843,7332.767760269616,11.998781204223633,13198.659324645996,20531.427084915613,0.0,1
0,1,0,1,0,1,0,26,48.555601856628726,1.0,1,1.463994092368519,0.9637730200985384,1,3,0.9879374,0.012062609,1648.5556018566288,0.012062609195709229,13.268870115280151,1661.824471971909,0.0,2
0,1,0,1,1,6,1,32,88.46500917568234,5.0,18,1.7619198994924,1.8265976268761823,0,1,0.00026205386,0.9997379,20388.46500917568,4.998689591884613,5498.558551073074,25887.023560248756,1.0,1
0,0,0,0,1,12,0,29,309.1942360638702,12.0,2,1.2089410384918264,1.2014971713971976,0,1,0.009373576,0.9906264,3009.1942360638704,11.887516736984253,13076.268410682678,16085.46264674655,0.0,3
1,1,0,0,1,1,0,25,255.5246491138197,1.0,1,0.9999510560132424,0.7879256480591281,1,0,0.94564927,0.054350734,1855.5246491138196,0.05435073375701904,59.78580713272095,1915.3104562465405,0.0,3
0,1,1,0,0,6,1,29,116.96652054327735,6.0,9,4.096404550213764,4.079058999961935,0,3,9.8213975e-05,0.9999018,10516.966520543278,5.999410629272461,6599.351692199707,17116.318212742983,0.0,2
1,1,0,0,0,1,0,34,164.18141094549048,1.0,5,2.1879076199730862,2.235188124027522,0,3,0.0009904461,0.99900955,6164.181410945491,0.9990095496177673,1098.910504579544,7263.091915525035,0.0,2
1,0,0,0,1,1,0,28,228.61327894817111,1.0,5,2.414661909007834,2.358042376903801,0,2,0.0021679942,0.997832,6228.613278948171,0.9978320002555847,1097.6152002811432,7326.228479229314,0.0,0
1,1,1,0,1,1,1,30,50.81316584555975,1.0,6,3.8670892895604654,3.8712565667630767,0,2,0.00073351513,0.9992665,7150.8131658455595,0.999266505241394,1099.1931557655334,8250.006321611094,0.0,0
1,1,1,1,1,12,1,30,158.03877779749195,12.0,2,1.772539520423209,1.9057195938281344,0,1,0.0008820729,0.9991179,2858.038777797492,11.989414930343628,13188.35642337799,16046.395201175483,0.0,1
1,1,1,0,0,1,0,34,141.43464596214284,1.0,3,1.3663167802863696,1.1791714447192103,0,3,0.04230892,0.9576911,3941.434645962143,0.9576910734176636,1053.46018075943,4994.894826721573,0.0,2
1,0,0,0,1,12,1,32,181.9724384518055,12.0,7,0.4208666679559869,0.3281339858945075,0,1,7.956512e-05,0.9999204,8381.972438451805,11.999045133590698,13198.949646949768,21580.922085401573,0.0,3
1,1,1,1,1,12,1,28,149.99292263696586,7.0,1,2.2966605379123832,2.1783008543420608,0,1,0.07866088,0.9213391,1749.992922636966,6.449373662471771,7094.311028718948,8844.303951355914,5.0,1
1,1,1,0,1,1,0,30,306.1205141912804,1.0,5,1.50449298406777,1.437734624088432,0,0,0.003726719,0.9962733,6306.120514191281,0.9962732791900635,1095.9006071090698,7402.02112130035,0.0,3
0,1,0,0,1,1,0,25,0.3348235683106111,1.0,0,0.7355148309530156,0.0,1,0,0.99981123,0.00018876791,500.33482356831064,0.0001887679100036621,0.20764470100402832,500.54246826931467,0.0,3
0,0,0,0,1,1,0,21,220.52906617307983,1.0,0,1.5656119145608842,1.6605637022322397,1,0,0.9920981,0.007901907,720.5290661730799,0.007901906967163086,8.692097663879395,729.2211638369592,0.0,3
0,1,1,0,1,1,1,34,100.30108740405524,1.0,0,1.7304449132290296,1.6192199504570706,0,0,0.0707027,0.9292973,600.3010874040552,0.9292973279953003,1022.2270607948303,1622.5281481988854,0.0,3
1,1,0,0,1,6,0,27,320.3787957943648,6.0,6,0.6017907592111933,0.5057183206504627,0,0,0.0014803748,0.9985196,7420.378795794365,5.991117596626282,6590.22935628891,14010.608152083274,0.0,3
1,1,1,1,1,6,0,28,146.28846196656852,6.0,1,1.06147379737592,1.0802373616623302,0,1,0.06389331,0.9361067,1746.2884619665685,5.616640090942383,6178.304100036621,7924.592562003189,0.0,1
1,0,0,0,1,6,0,28,116.2842551344335,6.0,6,2.709592493029536,2.6651918559557832,0,2,0.0006798724,0.99932015,7216.284255134434,5.995920896530151,6595.5129861831665,13811.7972413176,0.0,0
1,1,1,1,1,12,1,32,159.59360001312928,10.0,17,2.1266957264016826,2.211990667633896,0,1,6.6304834e-05,0.9999337,19359.59360001313,9.999337196350098,10999.270915985107,30358.864515998237,2.0,1
0,0,1,0,1,1,0,34,199.9308189806341,1.0,2,2.1177441563736865,2.083043670142198,0,2,0.03416819,0.9658318,2899.9308189806343,0.9658318161964417,1062.4149978160858,3962.34581679672,0.0,0
0,1,0,0,1,1,1,27,12.100220623214751,1.0,0,1.6944698684685702,1.0144941730354742,1,0,0.9972832,0.0027167797,512.1002206232148,0.0027167797088623047,2.988457679748535,515.0886783029633,0.0,3
0,1,1,1,1,1,0,34,280.18949309903223,1.0,2,2.793179874079083,2.7245810165735604,1,2,0.007911239,0.99208874,2980.189493099032,0.9920887351036072,1091.297608613968,4071.487101713,0.0,1
1,1,0,0,1,1,0,24,87.89789628863987,1.0,2,3.121683388825232,3.13796001017942,0,2,0.07880485,0.92119515,2787.89789628864,0.9211951494216919,1013.3146643638611,3801.212560652501,0.0,0
1,1,1,1,1,12,1,33,265.36068904125136,12.0,7,1.7309731015752472,1.8290744249425088,0,1,0.00014762112,0.99985236,8465.360689041252,11.998228311538696,13198.051142692566,21663.411831733818,0.0,1
1,1,1,0,1,12,1,30,105.42264463481123,5.0,2,2.5614565788104446,2.60360196796256,0,1,0.006024864,0.99397516,2805.422644634811,4.969875812530518,5466.863393783569,8272.28603841838,7.0,1
0,1,0,0,1,6,1,27,61.0003951730248,6.0,2,3.1738198638073536,3.0770426094632595,0,2,0.012278682,0.9877213,2761.000395173025,5.92632794380188,6518.960738182068,9279.961133355093,0.0,0
0,1,0,0,1,1,0,30,51.516250043594894,1.0,8,2.612830102027516,2.5173027336485223,0,2,0.0019948825,0.9980051,9351.516250043594,0.9980050921440125,1097.8056013584137,10449.321851402008,0.0,0
1,1,1,1,1,6,0,25,225.8754527650296,6.0,2,1.3508983733700333,1.4759915430439108,1,1,0.5232509,0.47674912,2925.8754527650294,2.8604947328567505,3146.5442061424255,6072.4196589074545,0.0,1
1,1,1,0,1,6,1,31,103.19795473544472,4.0,5,2.5687810069167494,2.6812254734283054,0,2,0.0005408587,0.99945915,6103.197954735445,3.9978365898132324,4397.620248794556,10500.818203530001,2.0,1
1,1,1,1,1,1,0,33,113.06648836737295,1.0,9,1.0122935186975126,0.9693072574419108,0,0,0.010788622,0.9892114,10513.066488367373,0.98921138048172,1088.132518529892,11601.199006897265,0.0,1
1,1,1,0,0,12,0,31,154.38334316901438,12.0,4,3.658439213402315,3.670784468056576,0,3,6.411354e-05,0.99993587,5054.383343169015,11.99923038482666,13199.153423309326,18253.53676647834,0.0,2
1,1,1,1,1,6,1,32,104.70589927002536,5.0,4,3.015782859475648,3.093687696337322,0,1,0.0005221664,0.99947786,5004.705899270025,4.997389316558838,5497.128248214722,10501.834147484748,1.0,1
0,1,1,0,1,12,1,29,136.40909156405294,11.0,4,1.736799329757579,1.6669366085561397,0,1,0.003286191,0.9967138,5036.409091564053,10.963851988315582,12060.23718714714,17096.646278711192,1.0,1
1,1,0,1,1,1,0,25,138.30218386311884,1.0,2,0.4830235975261621,0.3960279942642548,0,0,0.34600234,0.65399766,2838.302183863119,0.6539976596832275,719.3974256515503,3557.699609514669,0.0,3
1,1,0,0,1,6,1,37,152.17147849511068,6.0,4,3.2579282217635512,3.212881703493352,0,2,0.0001076066,0.9998924,5052.171478495111,5.9993544816970825,6599.289929866791,11651.461408361902,0.0,0
0,0,1,0,1,6,0,25,156.92181301354842,2.0,1,2.044484044339468,1.6520337814955848,1,0,0.91173744,0.08826256,1756.9218130135484,0.17652511596679688,194.17762756347656,1951.099440577025,4.0,3
0,1,0,0,0,6,0,34,32.668597442285204,6.0,4,0.935762871642534,0.9785700766743008,0,3,0.014691598,0.9853084,4932.668597442285,5.911850452423096,6503.035497665405,11435.70409510769,0.0,2
1,1,0,0,1,12,0,29,80.69451767553255,11.0,5,1.462047327147381,1.5495791394789007,0,1,0.0005436601,0.99945635,6080.694517675533,10.99401980638504,12093.421787023544,18174.116304699077,1.0,3
0,1,1,1,1,12,1,26,42.54207046904949,7.0,6,2.195334463459245,2.2610251313027643,0,1,0.0012701348,0.9987299,7142.54207046905,6.991109192371368,7690.220111608505,14832.762182077555,5.0,1
1,1,0,0,1,1,0,29,190.2347188178801,1.0,1,1.87816037338656,2.22318224113869,1,2,0.49763745,0.50236255,1790.23471881788,0.5023625493049622,552.5988042354584,2342.8335230533385,0.0,3
0,0,1,0,1,1,0,30,116.60365421713384,1.0,12,1.6455017364502154,1.5207731544472318,0,0,0.011882976,0.98811704,13816.603654217133,0.9881170392036438,1086.9287431240082,14903.532397341141,0.0,3
1,1,0,0,1,1,1,28,259.4925392993812,1.0,1,2.694437348628925,2.804686480795496,0,2,0.0824574,0.9175426,1859.4925392993812,0.917542576789856,1009.2968344688416,2868.7893737682225,0.0,0
0,1,1,1,1,1,0,28,18.395600233551377,1.0,1,1.684097422356161,0.7699536559678695,1,0,0.9933182,0.0066818,1618.3956002335515,0.00668179988861084,7.349979877471924,1625.7455801110234,0.0,3
1,1,1,0,1,12,1,32,104.20410041882728,12.0,8,0.2808315885745423,0.2154498611219788,0,1,0.00016820148,0.9998318,9404.204100418827,11.997981548309326,13197.779703140259,22601.983803559087,0.0,1
0,1,0,1,1,6,1,30,176.3503026828417,6.0,2,1.3381033008937606,1.338753020190115,0,1,0.007639809,0.9923602,2876.3503026828416,5.954161047935486,6549.577152729034,9425.927455411877,0.0,1
1,1,1,0,1,6,1,30,229.89588553109647,6.0,2,1.12497407924656,1.1781629280743615,0,1,0.007936417,0.9920636,2929.8958855310966,5.952381491661072,6547.619640827179,9477.515526358275,0.0,3
1,1,1,1,1,6,1,29,298.14645883717253,6.0,21,2.018038414602419,1.926621264820736,0,1,0.00019285132,0.9998071,23898.14645883717,5.998842716217041,6598.726987838745,30496.873446675916,0.0,1
1,1,1,1,1,1,1,25,4.189988700227758,1.0,2,2.6207176291789893,2.0066476971815144,1,2,0.98631245,0.013687551,2704.189988700228,0.013687551021575928,15.05630612373352,2719.2462948239613,0.0,1
1,1,1,0,0,12,0,30,44.18266096267912,12.0,9,2.1565864346014405,2.0208826112859453,0,3,0.0010410502,0.99895895,10444.182660962679,11.987507343292236,13186.25807762146,23630.44073858414,0.0,2
1,0,1,0,1,6,0,32,194.8045239550052,5.0,5,1.1748322166041385,1.3189530744055349,0,0,0.00056138803,0.9994386,6194.804523955006,4.997192919254303,5496.912211179733,11691.716735134738,1.0,3
1,1,1,1,1,12,0,33,84.17675957769045,12.0,1,1.6746865981717016,1.8202725911719968,0,1,0.0020961182,0.9979039,1684.1767595776905,11.974846601486206,13172.331261634827,14856.508021212518,0.0,1
1,1,1,0,1,1,0,33,346.7792741013833,1.0,7,2.2759730868467765,2.2193155421822057,0,2,0.00020123775,0.9997988,8546.779274101384,0.9997987747192383,1099.778652191162,9646.557926292546,0.0,0
0,1,0,0,0,1,0,31,139.87734759651622,1.0,1,1.930327523065405,1.738733603851281,1,3,0.72615385,0.27384615,1739.8773475965163,0.2738461494445801,301.2307643890381,2041.1081119855544,0.0,2
0,1,0,0,1,1,1,32,216.91683176499103,1.0,6,4.039690205270231,4.010277720718143,0,2,0.0002786923,0.9997213,7316.916831764991,0.9997212886810303,1099.6934175491333,8416.610249314124,0.0,0
1,1,1,1,1,12,0,32,192.9372102306008,10.0,9,0.2367733469038276,0.1940923421545832,0,1,5.9841626e-05,0.99994016,10592.9372102306,9.999401569366455,10999.3417263031,21592.2789365337,2.0,1
1,1,1,0,1,1,1,29,118.02224856016944,1.0,1,1.5424814014826584,0.9308306418306844,1,0,0.9824874,0.01751262,1718.0222485601694,0.017512619495391846,19.26388144493103,1737.2861300051004,0.0,3
1,1,1,1,1,1,0,29,196.7138321592776,1.0,2,1.610719108467946,1.4923055819600326,0,0,0.19870612,0.80129385,2896.7138321592774,0.8012938499450684,881.4232349395752,3778.1370670988526,0.0,1
1,1,0,0,1,1,0,29,163.7763521748873,1.0,1,1.2131220390577484,1.0662192335068208,1,0,0.698207,0.30179298,1763.7763521748873,0.3017929792404175,331.97227716445923,2095.7486293393467,0.0,3
0,1,1,1,1,6,1,26,373.247886460204,4.0,5,0.505485272687902,0.3899500133445985,0,1,0.00021397689,0.999786,6373.2478864602035,3.9991440773010254,4399.058485031128,10772.306371491331,2.0,1
1,1,1,1,1,1,0,28,328.66440235923017,1.0,1,1.8706338943369143,1.2237113996732218,1,0,0.94597644,0.054023564,1928.6644023592303,0.054023563861846924,59.425920248031616,1988.090322607262,0.0,1
0,1,0,0,1,6,1,26,183.6656144649107,3.0,1,1.6225759335179772,1.6444175003185248,0,0,0.15424429,0.8457557,1783.6656144649107,2.5372670888900757,2790.9937977790833,4574.659412243994,3.0,3
0,0,1,0,1,1,0,26,108.46296052538612,1.0,1,1.714971857125738,1.5045968377269572,1,0,0.935228,0.06477201,1708.462960525386,0.06477200984954834,71.24921083450317,1779.7121713598892,0.0,3
1,1,0,0,1,1,0,34,51.218426542294274,1.0,5,2.7360019438521244,2.4314301658528183,0,2,0.0027220012,0.997278,6051.218426542294,0.9972779750823975,1097.0057725906372,7148.224199132931,0.0,0
1,1,0,0,1,12,1,33,42.010471113228405,11.0,3,0.8556772535232141,0.8771554510136312,0,1,0.0022051665,0.9977948,3842.0104711132285,10.975742876529694,12073.317164182663,15915.327635295891,1.0,3
1,1,1,0,1,6,0,30,12.931778787543804,6.0,3,2.03067067688642,2.026324019538505,0,1,0.017846422,0.9821536,3812.931778787544,5.892921566963196,6482.213723659515,10295.14550244706,0.0,0
0,1,0,0,1,1,1,34,109.35466675767744,1.0,4,0.6521882787554376,0.5052708835188977,0,0,0.004596806,0.9954032,5009.3546667576775,0.9954031705856323,1094.9434876441956,6104.298154401873,0.0,3
0,1,1,1,1,6,1,30,239.28879376053985,4.0,2,3.7141188404852254,3.652659743444382,0,2,0.00072377385,0.9992762,2939.2887937605396,3.9971048831939697,4396.815371513367,7336.104165273906,2.0,1
1,1,1,0,1,1,0,26,67.52874958799896,1.0,4,1.0207259680313838,1.2680312522542772,1,0,0.39929682,0.6007032,4967.528749587999,0.6007031798362732,660.7734978199005,5628.3022474079,0.0,3
1,1,1,0,1,1,1,29,32.92231508121856,1.0,1,2.437023288184533,2.2762167694580806,1,2,0.8707561,0.12924391,1632.9223150812186,0.1292439103126526,142.16830134391785,1775.0906164251364,0.0,0
1,1,1,1,1,1,1,28,3.2390719037575764,1.0,1,1.1502080430373982,0.8111281781849424,1,0,0.9009813,0.09901869,1603.2390719037576,0.09901869297027588,108.92056226730347,1712.159634171061,0.0,1
0,0,1,0,1,1,0,33,163.36179926939394,1.0,1,0.9927561955453597,0.148650599447996,1,0,0.9887856,0.0112143755,1763.361799269394,0.011214375495910645,12.335813045501709,1775.6976123148957,0.0,3
0,1,1,0,1,1,0,28,174.94069396988723,1.0,11,1.8608599712084035,1.708781757920938,0,2,0.0061719194,0.99382806,12774.940693969887,0.9938280582427979,1093.2108640670776,13868.151558036965,0.0,0
1,1,0,0,1,1,1,26,5.261598726964992,1.0,0,0.5596750484705536,0.0681049199024772,1,0,0.99488527,0.005114734,505.261598726965,0.005114734172821045,5.626207590103149,510.88780631706817,0.0,3
1,1,1,0,1,1,0,27,81.39159316259322,1.0,0,1.658286427502752,0.7331401907485009,1,0,0.9995927,0.00040727854,581.3915931625933,0.00040727853775024414,0.44800639152526855,581.8395995541185,0.0,3
1,1,0,0,1,1,0,33,286.2524317714632,1.0,2,1.653748583985185,1.770933327667298,0,2,0.03929318,0.96070683,2986.2524317714633,0.9607068300247192,1056.7775130271912,4043.0299447986545,0.0,0
1,1,0,0,1,1,0,33,135.75572190091845,1.0,1,1.5371864204875978,1.2119447135508397,1,0,0.72572076,0.27427924,1735.7557219009184,0.27427923679351807,301.7071604728699,2037.4628823737883,0.0,3
0,1,0,0,0,12,0,30,149.0184084670977,11.0,1,1.4707188110140708,1.6211021891356314,0,3,0.017100459,0.98289955,1749.0184084670977,10.81189501285553,11893.084514141083,13642.102922608181,1.0,2
0,0,0,0,1,1,0,24,145.2856254921621,1.0,0,1.7235015186299658,2.122005520628464,1,0,0.99165875,0.008341253,645.2856254921621,0.00834125280380249,9.17537808418274,654.4610035763449,0.0,3
1,1,1,1,1,1,0,30,14.538438688068734,1.0,4,2.0837720644862814,1.2308249342801951,1,0,0.9596889,0.040311098,4914.538438688069,0.04031109809875488,44.34220790863037,4958.880646596699,0.0,1
0,1,0,0,1,6,0,26,310.62537024118944,6.0,1,0.1370193889505249,0.1270290787653854,0,0,0.17650855,0.82349145,1910.6253702411896,4.940948724746704,5435.0435972213745,7345.668967462564,0.0,3
0,0,1,0,1,1,1,29,161.04022116731872,1.0,1,1.530233232658997,1.6340703037202386,0,0,0.20281608,0.79718393,1761.0402211673188,0.7971839308738708,876.9023239612579,2637.942545128577,0.0,3
1,1,0,0,1,1,1,30,76.13893020030291,1.0,3,0.9670833317115468,0.946514276004792,0,0,0.09708985,0.9029102,3876.138930200303,0.9029101729393005,993.2011902332306,4869.340120433533,0.0,3
1,1,0,0,1,1,0,27,61.4506174391214,1.0,0,1.6333280059196218,1.6514829965427755,1,0,0.96311885,0.03688115,561.4506174391214,0.03688114881515503,40.56926369667053,602.0198811357919,0.0,3
0,1,0,0,1,1,0,28,207.4251549750289,1.0,3,1.995592711493244,1.9476334277090424,0,0,0.04097277,0.95902723,4007.425154975029,0.9590272307395935,1054.9299538135529,5062.355108788582,0.0,3
0,1,0,1,1,1,0,29,328.2473825326099,1.0,0,0.4739121361528993,0.4058922870960691,1,0,0.7451786,0.25482142,828.2473825326099,0.25482141971588135,280.3035616874695,1108.5509442200794,0.0,3
1,1,1,0,1,1,0,31,203.21928907014683,1.0,2,1.7359010803796149,0.9466758615089242,1,0,0.95785666,0.042143345,2903.2192890701467,0.04214334487915039,46.35767936706543,2949.576968437212,0.0,3
1,0,0,0,1,1,0,35,167.33706157685208,1.0,3,3.24829990647044,3.154535526209985,0,2,0.0017596922,0.9982403,3967.337061576852,0.9982402920722961,1098.0643212795258,5065.401382856378,0.0,0
0,0,1,0,1,6,1,30,252.3990410907629,6.0,4,0.9156955199370884,1.017554554073372,0,0,0.002317223,0.99768275,5152.399041090763,5.986096501350403,6584.706151485443,11737.105192576206,0.0,3
1,1,1,0,1,1,0,26,81.25272981941947,1.0,1,2.411779317631405,1.6268323308060313,1,0,0.99705803,0.002941966,1681.2527298194195,0.0029419660568237305,3.2361626625061035,1684.4888924819256,0.0,3
1,1,0,1,1,12,1,29,139.39646650071342,11.0,10,1.0403329026723411,0.9526700785342066,0,1,0.00066315423,0.99933684,11639.396466500713,10.992705225944519,12091.975748538971,23731.372215039686,1.0,1
1,1,1,1,1,12,1,33,219.8857910233685,12.0,3,1.0455031018628178,1.0083818050843685,0,1,0.0004707966,0.9995292,4019.8857910233687,11.99435019493103,13193.785214424133,17213.6710054475,0.0,1
1,1,0,0,1,1,0,28,85.94431764071707,1.0,1,0.4925910926058805,0.0,1,0,0.99705505,0.0029449463,1685.9443176407171,0.0029449462890625,3.23944091796875,1689.183758558686,0.0,3
0,1,1,0,1,1,0,26,197.1667874003609,1.0,5,1.5002882649236309,1.4647848534944965,0,0,0.010499391,0.9895006,6197.166787400361,0.9895005822181702,1088.4506404399872,7285.617427840348,0.0,3
1,0,0,0,1,1,0,24,217.2445973870016,1.0,0,2.177340832888791,1.3016586392583442,1,0,0.999466,0.000533998,717.2445973870016,0.0005339980125427246,0.5873978137969971,717.8319952007986,0.0,3
0,1,1,1,1,1,0,25,129.06745334444608,1.0,0,0.7098554363207715,0.4734374137336774,1,0,0.9690267,0.030973315,629.0674533444461,0.030973315238952637,34.0706467628479,663.138100107294,0.0,3
0,1,0,0,1,6,0,30,143.85463250564248,6.0,1,0.8527461800903955,0.8740957015940896,0,0,0.03938263,0.96061736,1743.8546325056425,5.763704180717468,6340.074598789215,8083.929231294857,0.0,3
1,1,1,1,1,12,1,34,271.590185159796,8.0,3,2.085466125778832,2.175455226543712,0,1,0.00044158174,0.9995584,4071.590185159796,7.996467113494873,8796.11382484436,12867.704010004156,4.0,1
1,1,0,0,1,1,1,26,41.33808738957686,1.0,9,1.0921065242834898,0.9665349341196006,0,0,0.045396004,0.95460397,10441.338087389577,0.9546039700508118,1050.064367055893,11491.40245444547,0.0,3
0,1,0,0,1,6,0,29,71.3427422800318,6.0,1,2.4390795115242114,2.4538806702413134,0,2,0.10786526,0.8921347,1671.3427422800319,5.352808356285095,5888.089191913605,7559.431934193637,0.0,0
1,1,0,0,1,1,1,33,207.72489760363823,1.0,6,2.7178415864267342,2.8169807999808243,0,2,0.0004870953,0.9995129,7307.724897603638,0.9995129108428955,1099.464201927185,8407.189099530824,0.0,0
1,1,1,1,1,1,0,32,196.59364288188672,1.0,5,2.330661070120269,2.2774351904412504,0,2,0.0027308734,0.99726915,6196.593642881887,0.9972691535949707,1096.9960689544678,7293.589711836355,0.0,1
0,0,0,0,1,6,0,31,471.72004011203126,6.0,21,3.284086788809663,3.2949252866828407,0,2,4.8955957e-05,0.99995106,24071.72004011203,5.999706387519836,6599.67702627182,30671.39706638385,0.0,0
1,1,1,0,1,12,1,25,39.77028719706775,9.0,12,2.7896247535273413,2.8452731807091487,0,1,9.7633994e-05,0.99990237,13739.770287197067,8.999121308326721,9899.033439159393,23638.803726356462,3.0,1
0,1,0,1,1,6,0,35,194.8371329254604,5.0,13,1.0943711963190828,1.180329390710097,0,1,0.00042464328,0.9995754,14994.83713292546,4.997876882553101,5497.664570808411,20492.50170373387,1.0,1
1,1,1,1,1,12,0,32,125.35511261339455,8.0,7,1.974364580589106,2.008086902570278,0,1,0.00026824797,0.9997318,8325.355112613395,7.997854232788086,8797.639656066895,17122.99476868029,4.0,1
1,0,1,0,1,1,0,31,288.73968403307214,1.0,0,2.0326588153072938,2.1756193491924574,0,0,0.066839114,0.9331609,788.7396840330721,0.9331609010696411,1026.4769911766052,1815.2166752096773,0.0,3
1,1,1,1,1,12,1,28,264.5339635287026,8.0,10,1.7777306410753917,1.737266674775354,0,1,0.0002893735,0.9997106,11764.533963528702,7.997684955596924,8797.453451156616,20561.987414685318,4.0,1
1,1,0,0,1,6,1,32,152.52131233637158,6.0,1,0.7893838951854549,0.8079228315276129,0,0,0.010120648,0.98987937,1752.5213123363715,5.939276218414307,6533.203840255737,8285.72515259211,0.0,3
0,1,0,0,1,6,0,25,197.64368761520623,6.0,1,2.4960892076776244,2.366013491786344,1,2,0.6043349,0.3956651,1797.6436876152063,2.3739906549453735,2611.389720439911,4409.033408055117,0.0,0
0,1,1,1,1,1,0,27,34.55994978646498,1.0,0,0.2785258482093251,0.5117567242091341,1,0,0.9723498,0.027650177,534.559949786465,0.027650177478790283,30.41519522666931,564.9751450131344,0.0,3
1,1,0,1,1,12,0,29,43.30050361632486,12.0,7,1.0101035198439106,0.9255122095729412,0,1,0.008829673,0.99117035,8243.300503616325,11.894044160842896,13083.448576927185,21326.749080543508,0.0,1
1,1,0,1,1,6,0,30,60.00779669281559,6.0,1,1.1600942370641645,0.0,1,0,0.98023397,0.019766033,1660.0077966928156,0.11859619617462158,130.45581579208374,1790.4636124848994,0.0,3
1,1,0,0,1,1,1,26,240.06053468480155,1.0,1,0.8516892828612324,0.5923791185316747,1,0,0.9064153,0.09358472,1840.0605346848015,0.09358471632003784,102.94318795204163,1943.0037226368431,0.0,3
1,1,1,1,1,1,0,30,117.0618704563532,1.0,3,0.1628499375038952,0.2249304070343734,0,0,0.113219105,0.8867809,3917.061870456353,0.8867809176445007,975.4590094089508,4892.520879865304,0.0,3
0,1,1,1,1,6,0,28,48.658007909516144,6.0,2,1.4266445575606876,1.4566839079354323,0,1,0.110170424,0.8898296,2748.658007909516,5.3389774560928345,5872.875201702118,8621.533209611634,0.0,1
0,1,1,0,1,1,1,30,291.30211250435667,1.0,4,0.3694775283910905,0.398441010155775,0,0,0.0018727776,0.9981272,5191.302112504357,0.9981272220611572,1097.939944267273,6289.24205677163,0.0,3
0,1,1,1,1,12,0,32,168.0204105953429,10.0,1,2.825921990274192,2.881917284468285,0,1,0.0005036939,0.9994963,1768.0204105953428,9.994962811470032,10994.459092617035,12762.479503212378,2.0,1
0,1,0,0,1,1,1,27,118.91028046315157,1.0,5,0.912151156972652,0.9005528078944718,0,0,0.0047989255,0.99520105,6118.910280463151,0.995201051235199,1094.7211563587189,7213.63143682187,0.0,3
1,1,1,1,1,12,0,30,48.16003046882064,10.0,3,2.919273810478604,2.8237360313317508,0,1,0.0004340223,0.99956596,3848.1600304688204,9.995659589767456,10995.225548744202,14843.385579213022,2.0,1
1,1,0,0,0,6,1,30,9.998250593951894,6.0,11,2.368787286962843,2.310199865701219,0,3,0.000815406,0.9991846,12609.998250593952,5.995107650756836,6594.6184158325195,19204.61666642647,0.0,2
0,1,1,1,1,6,0,34,261.2670825490127,6.0,4,2.340698393468588,2.3253666954951404,0,1,0.00083689694,0.9991631,5161.267082549013,5.994978547096252,6594.476401805878,11755.74348435489,0.0,1
1,1,1,0,0,1,0,24,181.9124787019408,1.0,2,1.469577275860301,0.8021439085705225,1,3,0.9886402,0.011359811,2881.912478701941,0.011359810829162598,12.495791912078857,2894.40827061402,0.0,2
1,1,0,0,1,12,0,22,67.75716592804261,4.0,16,2.9606692143173667,3.140293069101672,0,2,0.003985356,0.99601465,18167.757165928044,3.9840586185455322,4382.464480400085,22550.22164632813,8.0,1
1,1,1,0,1,1,0,32,153.4172148363532,1.0,3,3.1285116889625475,3.1030994738057296,0,2,0.010849359,0.98915064,3953.417214836353,0.9891506433486938,1088.0657076835632,5041.482922519916,0.0,0
1,1,0,0,1,6,0,32,202.33012089390783,6.0,5,1.627376358450386,1.5050956316728428,0,2,0.0046394407,0.99536055,6202.330120893907,5.9721633195877075,6569.379651546478,12771.709772440387,0.0,0
1,1,1,0,1,6,0,29,108.2596089504158,6.0,5,2.7152209299964416,2.5546280722306656,0,2,0.0012499939,0.99875003,6108.259608950416,5.992500185966492,6591.750204563141,12700.009813513556,0.0,0
0,0,0,0,0,1,0,35,204.7049276031756,1.0,6,1.7111765169699098,1.7660585879309665,0,3,0.0016069853,0.998393,7304.704927603176,0.9983929991722107,1098.2322990894318,8402.937226692608,0.0,2
1,1,0,0,1,1,0,30,194.161546397056,1.0,2,3.0704967485222583,3.1293310541840613,0,2,0.026081214,0.9739188,2894.161546397056,0.9739187955856323,1071.3106751441956,3965.4722215412517,0.0,0
1,1,1,1,1,1,0,30,187.9073802358684,1.0,1,0.1781743372023512,0.0,1,0,0.9146759,0.08532411,1787.9073802358685,0.08532410860061646,93.8565194606781,1881.7638996965466,0.0,3
1,1,1,1,1,6,0,32,57.69601982788742,4.0,10,1.1865657937505736,1.1956238394659158,0,1,0.002295948,0.997704,11557.696019827887,3.990816116333008,4389.897727966309,15947.593747794195,2.0,1
0,1,0,0,1,1,0,29,119.74851154471304,1.0,0,2.250292929157885,2.56673016734123,1,2,0.6708848,0.3291152,619.748511544713,0.32911521196365356,362.0267331600189,981.7752447047319,0.0,0
0,1,1,1,1,12,0,29,281.5397843387354,12.0,2,1.7464107309852128,1.7764782711365974,0,1,0.00399895,0.99600106,2981.5397843387354,11.952012777328491,13147.21405506134,16128.753839400077,0.0,1
1,1,0,0,0,6,0,32,2.5891702718595506,6.0,5,2.267001630677382,2.5483595119046347,0,3,0.0009397496,0.9990603,6002.58917027186,5.994361639022827,6593.79780292511,12596.38697319697,0.0,2
0,1,0,0,1,1,0,28,310.4076121579122,1.0,4,4.443218395480374,4.4711500844448935,0,2,0.00020680604,0.9997932,5210.407612157912,0.9997931718826294,1099.7724890708923,6310.180101228804,0.0,0
1,1,1,1,1,1,1,26,219.34605063960817,1.0,3,2.2594421758782133,2.238541088669494,0,2,0.018829536,0.9811705,4019.346050639608,0.9811704754829407,1079.2875230312347,5098.633573670842,0.0,1
1,1,0,0,0,1,0,29,259.9882810152597,1.0,1,1.3496629190809708,1.3119675326753928,0,3,0.23273584,0.7672641,1859.9882810152596,0.7672641277313232,843.9905405044556,2703.978821519715,0.0,2
0,1,1,1,1,1,0,27,228.1960585130668,1.0,0,1.7609842200708972,1.3455325368246098,1,0,0.989136,0.010864019,728.1960585130668,0.010864019393920898,11.950421333312988,740.1464798463797,0.0,1
0,1,0,0,1,1,0,32,238.4945726653004,1.0,2,1.5978777967539437,1.540783727352813,0,0,0.12386902,0.876131,2938.4945726653004,0.876130998134613,963.7440979480743,3902.238670613375,0.0,3
0,1,0,0,1,1,0,28,43.58971529754838,1.0,0,1.758284640890627,1.6471004336180963,1,0,0.9830557,0.01694429,543.5897152975484,0.016944289207458496,18.638718128204346,562.2284334257528,0.0,3
0,1,0,1,1,1,0,32,56.05500928435625,1.0,3,1.2494576427381228,1.2662723121507773,0,0,0.044979814,0.9550202,3856.0550092843564,0.9550201892852783,1050.5222082138062,4906.577217498163,0.0,3
0,1,1,1,1,1,0,33,9.080424533735531,1.0,2,2.189759249280764,1.9908798743480576,0,2,0.023934055,0.97606593,2709.0804245337354,0.9760659337043762,1073.6725270748138,3782.752951608549,0.0,1
1,1,0,0,0,1,0,29,159.23139621643287,1.0,8,0.2334491831711412,0.3896123697569435,0,3,0.0013598916,0.9986401,9459.231396216433,0.9986401200294495,1098.5041320323944,10557.735528248828,0.0,2
1,1,0,0,1,1,0,29,23.988456574485184,1.0,1,1.2786043882799705,0.4182235993665257,1,0,0.9949463,0.005053699,1623.988456574485,0.005053699016571045,5.559068918228149,1629.5475254927132,0.0,3
1,1,0,0,1,12,0,30,321.11917090014936,12.0,3,0.2390489876215473,0.3991704346194819,0,1,0.0008853011,0.9991147,4121.11917090015,11.989376306533813,13188.313937187195,17309.433108087345,0.0,3
0,1,1,0,1,12,1,31,232.27161382815905,9.0,0,0.5308043576314891,0.5782684754872267,0,1,0.021559205,0.9784408,732.271613828159,8.805967390537262,9686.564129590988,10418.835743419148,3.0,1
0,1,1,1,1,12,0,32,143.5799918067049,12.0,3,1.1129272647607922,1.2020115841720913,0,1,0.00015837021,0.99984163,3943.579991806705,11.998099565505981,13197.90952205658,17141.489513863286,0.0,1
1,1,1,1,1,12,1,27,82.45427346755856,12.0,1,1.932871889467508,1.8128041949162537,0,1,0.05430982,0.94569016,1682.4542734675586,11.348281860351562,12483.110046386719,14165.564319854277,0.0,1
1,0,0,0,0,6,0,22,3.2689297972969342,6.0,5,2.26691108010548,0.950233882172148,1,3,0.997552,0.0024480224,6003.268929797297,0.01468813419342041,16.15694761276245,6019.425877410059,0.0,2
1,1,1,1,1,12,1,28,135.2300915330788,12.0,6,2.2027369831039514,2.049140287134267,0,1,0.00034037675,0.9996596,7235.230091533079,11.995915174484253,13195.506691932678,20430.736783465756,0.0,1
0,1,1,1,1,12,1,28,3.165889516564264,12.0,1,2.208289091405625,2.1054848175330703,0,1,0.01438694,0.98561305,1603.1658895165642,11.827356576919556,13010.092234611511,14613.258124128075,0.0,1
1,0,0,0,1,1,0,30,7.987912259061147,1.0,2,1.9143422627129665,1.5015923260370516,1,0,0.9198745,0.08012551,2707.987912259061,0.08012551069259644,88.13806176185608,2796.125974020917,0.0,3
1,1,0,0,1,1,1,22,196.3683020694138,1.0,1,0.1788596066302208,0.0,1,0,0.890772,0.109228015,1796.3683020694139,0.10922801494598389,120.15081644058228,1916.5191185099961,0.0,3
0,1,0,0,1,1,1,32,166.40115948657956,1.0,3,1.346592866845448,1.3522689388705098,0,0,0.0071281046,0.9928719,3966.4011594865797,0.992871880531311,1092.1590685844421,5058.560228071022,0.0,3
1,1,0,0,1,6,1,31,362.8976984383565,6.0,2,2.6983897171382694,2.6248192833046766,0,2,0.0011465029,0.9988535,3062.8976984383567,5.993121027946472,6592.433130741119,9655.330829179476,0.0,0
0,1,1,1,1,12,1,30,195.74656218651683,12.0,3,1.0681142937957444,1.070125909051919,0,1,0.0002922949,0.9997077,3995.7465621865167,11.996492385864258,13196.141624450684,17191.8881866372,0.0,1
1,1,1,1,1,1,0,27,101.8486845377747,1.0,0,2.338990126139733,1.84442771420312,1,0,0.99425125,0.005748749,601.8486845377747,0.005748748779296875,6.3236236572265625,608.1723081950013,0.0,1
0,1,0,0,1,1,0,34,73.61050170880247,1.0,6,2.7726060678979034,2.8868698094398977,0,2,0.00056486716,0.9994351,7173.610501708802,0.9994351267814636,1099.37863945961,8272.989141168411,0.0,0
0,1,0,0,1,1,0,25,179.04388638742745,1.0,3,1.1280349447058786,1.1553510978318433,0,0,0.12160552,0.8783945,3979.0438863874274,0.8783944845199585,966.2339329719543,4945.277819359382,0.0,3
1,1,1,0,1,6,0,31,227.060008876528,6.0,4,2.8203926709784097,2.7481490422726984,0,2,0.0014228948,0.9985771,5127.060008876528,5.991462707519531,6590.608978271484,11717.668987148012,0.0,0
1,1,1,0,1,1,1,30,184.4703772518837,1.0,2,1.4553141445367472,1.2952858420523266,0,0,0.12840627,0.8715937,2884.4703772518837,0.871593713760376,958.7530851364136,3843.2234623882973,0.0,3
0,1,1,1,1,1,1,32,345.1237217670508,1.0,3,2.596908488189815,2.653751465176128,0,2,0.000968834,0.9990312,4145.1237217670505,0.9990311861038208,1098.9343047142029,5244.058026481253,0.0,1
0,1,0,0,1,1,0,25,56.36947044778832,1.0,3,1.9060266130074075,0.6327321941484305,1,0,0.99978155,0.00021845102,3856.3694704477884,0.00021845102310180664,0.2402961254119873,3856.6097665732004,0.0,3
1,1,0,1,1,12,1,25,117.43491868004976,12.0,3,1.259998508047876,1.34939172723292,0,1,0.0021702112,0.9978298,3917.4349186800496,11.973957538604736,13171.35329246521,17088.78821114526,0.0,1
0,0,0,0,1,1,1,29,221.9375940707208,1.0,1,0.989664062248522,1.1793965344368649,1,0,0.65471756,0.34528244,1821.9375940707207,0.3452824354171753,379.8106789588928,2201.7482730296133,0.0,3
0,1,1,0,1,12,0,26,71.19462307988763,12.0,2,3.3262503327079864,3.259372426680544,0,1,0.00023057772,0.99976945,2771.1946230798876,11.997233390808105,13196.956729888916,15968.151352968804,0.0,0
0,1,1,1,1,12,1,28,130.26886420926263,12.0,3,2.111555594205111,2.166155677261397,0,1,0.00060241815,0.9993976,3930.2688642092626,11.992770910263062,13192.048001289368,17122.31686549863,0.0,1
0,1,0,0,1,1,1,30,128.85524594166526,1.0,4,2.5602961290923782,2.5659913856581524,0,2,0.004000639,0.99599934,5028.855245941665,0.9959993362426758,1095.5992698669434,6124.454515808608,0.0,0
0,1,1,1,1,1,1,27,49.498343155891895,1.0,6,0.2617013445575527,0.3310280493048063,0,0,0.0172827,0.9827173,7149.498343155892,0.9827172756195068,1080.9890031814575,8230.48734633735,0.0,3
0,1,0,0,1,1,1,32,59.84163770756125,1.0,4,1.307511445753325,1.1762322748317835,0,0,0.011375144,0.9886249,4959.841637707561,0.9886248707771301,1087.4873578548431,6047.328995562404,0.0,3
1,1,1,1,1,12,1,30,345.84819694891405,12.0,2,2.7233157004241235,2.782531462710942,0,1,0.00032522305,0.9996748,3045.848196948914,11.996097564697266,13195.707321166992,16241.555518115907,0.0,1
0,1,0,0,1,1,1,31,33.946445786682204,1.0,5,2.6887793835776,2.8579675464711487,0,2,0.0017354913,0.9982645,6033.9464457866825,0.998264491558075,1098.0909407138824,7132.037386500565,0.0,0
0,1,0,0,1,6,0,33,157.82350509456643,6.0,1,1.4097991196128017,1.4500282397248645,0,0,0.0239765,0.9760235,1757.8235050945664,5.856140971183777,6441.7550683021545,8199.57857339672,0.0,3
0,1,0,0,1,1,0,32,287.1604714816639,1.0,6,2.853551373265866,2.7694070288915693,0,2,0.0006531448,0.99934685,7387.160471481664,0.9993468523025513,1099.2815375328064,8486.44200901447,0.0,0
0,1,0,1,1,1,0,32,279.11031392980505,1.0,3,2.6589166940021447,2.7240154913755266,0,2,0.0030091642,0.99699086,4079.110313929805,0.9969908595085144,1096.6899454593658,5175.800259389171,0.0,0
1,1,1,1,1,6,1,26,293.2957217774857,6.0,1,3.9837772453346254,3.848833148659432,0,2,0.0017616424,0.9982384,1893.2957217774856,5.98943030834198,6588.373339176178,8481.669060953664,0.0,1
1,1,0,0,1,1,0,25,42.47522660528743,1.0,2,1.3046183323704588,1.1710997355802066,1,0,0.9695069,0.03049308,2742.4752266052874,0.030493080615997314,33.542388677597046,2776.0176152828844,0.0,3
1,0,1,1,1,6,0,29,19.93206914738324,6.0,12,1.6022455890995384,1.8119981773296023,0,1,0.0024022006,0.9975978,13719.932069147384,5.985586881637573,6584.145569801331,20304.077638948715,0.0,1
1,1,1,0,1,1,0,30,40.380215750229546,1.0,0,1.1413972735101037,0.1548149786961432,1,0,0.99933237,0.0006676316,540.3802157502296,0.0006676316261291504,0.7343947887420654,541.1146105389716,0.0,3
0,1,0,0,1,6,1,31,160.03048618983226,6.0,9,1.6448119489713058,1.6454306391348732,0,2,0.00030965783,0.99969035,10560.030486189833,5.998142123222351,6597.956335544586,17157.98682173442,0.0,0
1,1,0,0,1,12,0,26,50.244901267088935,12.0,0,2.153520973601061,1.6397413557828129,1,1,0.9051592,0.094840825,550.244901267089,1.138089895248413,1251.8988847732544,1802.1437860403435,0.0,3
1,1,0,0,1,1,0,29,18.09098889889038,1.0,7,2.4578801642448846,2.3446183797293902,0,2,0.0016758866,0.9983241,8218.09098889889,0.9983240962028503,1098.1565058231354,9316.247494722025,0.0,0
0,1,0,0,1,6,1,28,17.623760540787963,6.0,1,2.0816731718214183,2.211812569678392,0,2,0.25725773,0.7427423,1617.623760540788,4.456453800201416,4902.099180221558,6519.722940762345,0.0,0
1,1,0,1,1,6,1,26,231.394863155844,4.0,1,2.640722956695131,2.6417215557536537,0,2,0.09767784,0.9023222,1831.394863155844,3.6092886924743652,3970.2175617218018,5801.612424877646,2.0,1
0,1,1,1,1,1,0,31,138.9532086857595,1.0,7,2.316752698071526,2.373735646408215,0,2,0.0017164954,0.9982835,8338.95320868576,0.9982835054397583,1098.1118559837341,9437.065064669494,0.0,1
1,1,0,0,1,1,1,35,337.9071318763956,1.0,6,2.7384420414232444,2.5502147508228603,0,2,0.00026319467,0.9997368,7437.907131876395,0.9997367858886719,1099.710464477539,8537.617596353935,0.0,0
0,1,0,1,1,1,0,30,9.55256769926104,1.0,2,1.3537868939842077,1.4979577802020252,0,0,0.25257516,0.74742484,2709.552567699261,0.747424840927124,822.1673250198364,3531.7198927190975,0.0,3
0,1,0,0,1,1,0,28,116.81074009446507,1.0,4,2.132190674622609,1.273406735978762,1,0,0.9822113,0.017788708,5016.8107400944655,0.017788708209991455,19.5675790309906,5036.378319125456,0.0,3
0,1,1,0,1,1,1,27,234.3025932717577,1.0,17,0.0,0.0072311580663246,0,0,0.0023120674,0.99768794,19434.302593271757,0.9976879358291626,1097.4567294120789,20531.759322683836,0.0,3
1,1,1,1,1,1,0,29,61.4688211544357,1.0,6,0.9973734874059306,1.0637130787070486,0,0,0.012046213,0.9879538,7161.468821154435,0.987953782081604,1086.7491602897644,8248.217981444199,0.0,1
1,1,0,0,1,6,1,30,227.17142913368005,6.0,4,2.7011590428407333,2.6296315365655145,0,2,0.002214974,0.99778503,5127.17142913368,5.98671019077301,6585.381209850311,11712.55263898399,0.0,0
1,1,0,0,1,1,0,29,257.66087890491417,1.0,1,2.7098574790994605,1.4187030914677017,1,2,0.99467283,0.005327165,1857.6608789049142,0.005327165126800537,5.859881639480591,1863.5207605443948,0.0,0
0,1,0,0,1,12,0,29,168.66022132617442,8.0,13,2.598381935391727,2.5701250396738087,0,1,0.0003350082,0.99966496,14968.660221326174,7.99731969833374,8797.051668167114,23765.711889493286,4.0,0
1,1,0,0,1,1,0,26,128.09281381746558,1.0,1,0.166628354005704,0.0,1,0,0.98287904,0.017120957,1728.0928138174656,0.017120957374572754,18.83305311203003,1746.9258669294957,0.0,3
1,1,1,0,1,6,0,29,302.31196037128086,6.0,0,0.0,0.0594962201017318,0,0,0.6788827,0.32111728,802.3119603712809,1.926703691482544,2119.3740606307983,2921.686021002079,0.0,3
1,1,0,0,1,1,1,31,274.09964658961087,1.0,4,2.049270083170133,1.9863799819403087,0,2,0.009567091,0.9904329,5174.0996465896105,0.9904329180717468,1089.4762098789215,6263.575856468532,0.0,0
0,1,1,0,1,6,1,25,268.6862895657225,6.0,1,0.6631483499714732,0.6450213216509832,0,0,0.08694605,0.91305393,1868.6862895657225,5.478323578834534,6026.155936717987,7894.842226283709,0.0,3
0,1,1,1,1,12,0,25,56.35929969393713,11.0,10,1.682963340133566,1.825890898194196,0,1,0.0003464717,0.9996535,11556.359299693937,10.996188700199127,12095.80757021904,23652.166869912977,1.0,1
0,1,1,1,1,12,0,29,59.38630832241975,12.0,2,3.2707780892391622,3.189463279706904,0,1,0.00011947217,0.99988055,2759.3863083224196,11.998566627502441,13198.423290252686,15957.809598575106,0.0,1
0,1,1,0,0,6,1,29,143.5164531808168,6.0,1,2.5564246605071466,1.6815666169551229,1,3,0.9320658,0.067934215,1743.5164531808168,0.40760529041290283,448.3658194541931,2191.88227263501,0.0,2
0,1,1,0,1,1,0,29,152.9658456105022,1.0,6,2.0063305722400515,1.902553973596942,0,2,0.00422477,0.9957752,7252.965845610503,0.9957752227783203,1095.3527450561523,8348.318590666655,0.0,0
1,1,1,0,1,1,1,26,115.17095738142768,1.0,0,1.0749414223429192,0.7319263958578833,1,0,0.99599695,0.004003048,615.1709573814277,0.004003047943115234,4.403352737426758,619.5743101188544,0.0,3
1,1,1,1,1,6,0,34,159.421115710621,5.0,5,0.8630604084829139,0.9081087337095184,0,1,0.0007670332,0.99923295,6159.421115710621,4.9961647391319275,5495.78121304512,11655.202328755742,1.0,1
0,0,1,0,1,1,0,26,62.02465793111784,1.0,1,2.513595741556776,2.299248974597997,1,0,0.94371265,0.05628735,1662.0246579311179,0.05628734827041626,61.916083097457886,1723.9407410285758,0.0,3
1,1,1,1,1,12,1,34,149.88117082862337,6.0,8,1.34703962326232,1.36503957278153,0,1,0.00079137203,0.9992086,9449.881170828623,5.995251774787903,6594.776952266693,16044.658123095316,6.0,1
1,1,1,1,1,6,0,29,64.97090860225768,2.0,3,1.2453149372104817,1.1922095035100049,0,0,0.032624774,0.9673752,3864.9709086022576,1.9347504377365112,2128.2254815101624,5993.19639011242,4.0,1
0,1,1,1,1,1,1,27,35.283596303171294,1.0,3,3.2265743892351093,3.227194871277994,0,2,0.006401416,0.9935986,3835.283596303171,0.9935985803604126,1092.9584383964539,4928.242034699625,0.0,1
0,1,0,0,1,1,0,31,148.2692083351537,1.0,9,3.276941215839704,3.3180344580574888,0,2,0.00028983486,0.99971014,10548.269208335154,0.9997101426124573,1099.681156873703,11647.950365208857,0.0,0
0,1,1,1,1,1,1,36,36.30725590471878,1.0,2,1.3597515325562002,1.3268412226417936,0,0,0.01878316,0.98121685,2736.3072559047187,0.9812168478965759,1079.3385326862335,3815.645788590952,0.0,1
1,1,0,1,1,12,0,31,33.37785318918468,12.0,5,3.1978068055833373,3.13545825730291,0,1,0.00030851713,0.9996915,6033.377853189185,11.996297836303711,13195.927619934082,19229.305473123266,0.0,0
0,1,1,1,1,12,1,28,240.91897299440495,12.0,1,1.4342946309499898,1.4179013861806211,0,1,0.019050816,0.98094916,1840.918972994405,11.771389961242676,12948.528957366943,14789.447930361348,0.0,1
1,1,1,1,1,1,0,31,83.44448096123844,1.0,1,1.3764713641888506,1.3563794009851484,0,0,0.24986504,0.75013494,1683.4444809612385,0.7501349449157715,825.1484394073486,2508.5929203685873,0.0,1
0,1,1,0,1,1,0,27,225.7697071656894,1.0,7,1.612982068094834,1.634174692665496,0,0,0.0037911534,0.99620885,8425.76970716569,0.9962088465690613,1095.8297312259674,9521.599438391657,0.0,3
0,1,0,0,1,6,1,30,27.58057297858037,6.0,1,1.8757731163348488,1.7503204237780972,0,0,0.09554825,0.9044517,1627.5805729785804,5.426710367202759,5969.381403923035,7596.961976901615,0.0,3
1,1,0,0,1,12,1,25,161.38586347957494,12.0,2,3.179596634642944,3.0948596817997887,0,1,0.0029415453,0.99705845,2861.385863479575,11.964701414108276,13161.171555519104,16022.55741899868,0.0,0
0,1,1,1,0,1,1,28,127.39120815097556,1.0,6,3.3607760304565946,3.4924326288680394,0,3,0.00074840337,0.9992516,7227.391208150975,0.9992516040802002,1099.1767644882202,8326.567972639195,0.0,2
0,1,1,1,1,12,1,27,62.19984392507762,12.0,2,2.16981135670091,2.232870881436212,0,1,0.0011644075,0.99883556,2762.1998439250774,11.986026763916016,13184.629440307617,15946.829284232695,0.0,1
1,1,1,1,1,1,1,29,101.84195361384243,1.0,3,2.073708159474902,1.9526428200872308,0,2,0.035583854,0.96441615,3901.8419536138426,0.9644161462783813,1060.8577609062195,4962.699714520062,0.0,1
1,1,0,0,1,1,0,22,31.396453727065364,1.0,1,2.910889511912361,2.765920096272535,1,2,0.87359166,0.12640834,1631.3964537270654,0.12640833854675293,139.04917240142822,1770.4456261284936,0.0,0
0,1,0,0,1,1,1,28,51.1533679745751,1.0,1,4.189220342583576,4.1649428741091565,0,2,0.013287847,0.98671216,1651.153367974575,0.9867121577262878,1085.3833734989166,2736.536741473492,0.0,0
0,1,0,0,1,6,1,28,145.58624686546077,6.0,3,3.5412474679985286,3.526441954235093,0,2,0.00044005932,0.99955994,3945.586246865461,5.99735963344574,6597.095596790314,10542.681843655775,0.0,0
0,1,0,0,1,12,1,26,255.7402663280907,12.0,7,3.236631824622544,3.1067191813954538,0,1,6.0636485e-05,0.9999394,8455.74026632809,11.999272584915161,13199.199843406677,21654.940109734765,0.0,0
0,1,1,1,1,1,0,29,156.82126129219395,1.0,3,1.0312187929205558,1.0065167528447432,0,0,0.0255846,0.9744154,3956.821261292194,0.9744154214859009,1071.856963634491,5028.678224926685,0.0,1
1,1,1,0,1,12,1,29,93.12946449801888,12.0,5,0.9154972149660978,0.911362818573578,0,1,0.001046156,0.9989538,6093.129464498019,11.987445831298828,13186.190414428711,19279.31987892673,0.0,1
0,1,1,0,1,6,0,29,59.22956322709376,6.0,4,0.3072352262203806,0.3261960206535254,0,0,0.0077158464,0.9922842,4959.229563227093,5.953705072402954,6549.0755796432495,11508.305142870344,0.0,3
1,1,1,0,1,6,1,37,74.83757181199394,6.0,4,2.6028226657929814,2.7374002159462543,0,2,0.00025794,0.99974203,4974.837571811994,5.998452186584473,6598.29740524292,11573.134977054913,0.0,0
0,1,0,0,1,1,0,32,214.3295408993227,1.0,0,1.6756738697280755,1.6940594281469548,0,0,0.16613756,0.8338624,714.3295408993226,0.8338624238967896,917.2486662864685,1631.5782071857911,0.0,3
1,1,0,0,1,1,0,28,91.20599600574808,1.0,0,1.9530602044956948,1.366401230568217,1,0,0.99825317,0.0017468333,591.205996005748,0.001746833324432373,1.9215166568756104,593.1275126626236,0.0,3
1,0,1,0,1,1,0,33,53.74486893713934,1.0,2,0.7940798263271103,0.0,1,0,0.9925085,0.007491529,2753.7448689371395,0.0074915289878845215,8.240681886672974,2761.9855508238124,0.0,3
1,1,1,1,1,6,0,36,178.314911147962,6.0,13,1.93259315433977,1.9090870019083035,0,1,0.00020759332,0.9997924,14978.314911147962,5.998754382133484,6598.629820346832,21576.944731494794,0.0,1
1,1,0,0,1,1,0,28,28.57868984800108,1.0,3,2.193724334569318,1.9841087371392216,0,2,0.3118191,0.6881809,3828.578689848001,0.6881809234619141,756.9990158081055,4585.577705656106,0.0,3
1,0,1,0,0,1,0,32,2.180115441002087,1.0,10,1.3949368840523029,1.4591013638279993,0,3,0.013261122,0.98673886,11502.180115441002,0.9867388606071472,1085.412746667862,12587.592862108864,0.0,2
1,1,1,0,1,1,1,28,98.68214946527486,1.0,11,2.413708391451152,2.6778509859092763,0,2,0.001549284,0.9984507,12698.682149465274,0.9984506964683533,1098.2957661151886,13796.977915580463,0.0,0
1,0,1,1,1,6,0,33,67.3447431949821,6.0,2,0.5667174095657099,0.5918819521639339,0,0,0.012516022,0.987484,2767.344743194982,5.924903869628906,6517.394256591797,9284.73899978678,0.0,3
1,1,0,0,1,1,1,28,63.07917573304768,1.0,0,0.9031280572403207,0.0,1,0,0.99904305,0.0009569526,563.0791757330477,0.0009569525718688965,1.0526478290557861,564.1318235621035,0.0,3
0,1,1,1,1,1,0,32,173.50765943032914,1.0,4,1.8332731963338944,1.8713762618082468,0,2,0.0042462745,0.9957537,5073.507659430329,0.9957537055015564,1095.329076051712,6168.836735482041,0.0,1
0,1,1,1,1,6,0,26,142.88517376243237,6.0,1,1.180634796559003,1.2052077780539414,0,0,0.08705737,0.91294265,1742.8851737624323,5.47765588760376,6025.421476364136,7768.306650126568,0.0,1
0,1,0,0,0,1,1,32,221.0534644476744,1.0,12,2.0611181724660343,2.135284326927013,0,3,0.00066467404,0.99933535,13921.053464447674,0.9993353486061096,1099.2688834667206,15020.322347914394,0.0,2
1,0,1,0,1,1,0,31,167.70260869183872,1.0,3,0.3515275303480421,0.3966333725063523,0,0,0.0381424,0.9618576,3967.7026086918386,0.9618576169013977,1058.0433785915375,5025.745987283376,0.0,3
1,0,0,0,1,1,0,27,23.89637546986189,1.0,1,0.4985638331644669,1.3642215635131572,1,0,0.98015505,0.01984495,1623.8963754698618,0.01984494924545288,21.82944416999817,1645.72581963986,0.0,3
1,1,0,0,1,12,1,33,229.1895291799069,12.0,6,0.5550548448426749,0.4485911415242242,0,1,0.00012702389,0.999873,7329.1895291799065,11.998475790023804,13198.323369026184,20527.512898206092,0.0,3
0,0,0,0,1,1,0,24,243.6625998685849,1.0,1,2.0522769671077405,1.795961918247002,1,0,0.91918254,0.08081746,1843.662599868585,0.08081746101379395,88.89920711517334,1932.5618069837583,0.0,3
0,0,0,0,1,1,0,29,54.07333897184201,1.0,2,1.5517139095552592,1.3639330344192988,1,0,0.7954163,0.2045837,2754.073338971842,0.20458370447158813,225.04207491874695,2979.115413890589,0.0,3
1,1,1,0,0,1,1,26,131.3605275699522,1.0,3,1.5510644756152958,1.5404339571503125,0,3,0.14685233,0.8531477,3931.3605275699524,0.8531476855278015,938.4624540805817,4869.822981650534,0.0,2
0,1,1,0,1,6,0,25,96.17340570398778,6.0,3,1.6741828363693971,1.1658042107565938,1,0,0.9228675,0.07713252,3896.1734057039876,0.4627951383590698,509.0746521949768,4405.248057898964,0.0,3
0,1,0,0,1,1,1,28,60.05534993154515,1.0,8,2.1367140282764283,2.065028673232532,0,2,0.002466868,0.99753314,9360.055349931545,0.9975331425666809,1097.286456823349,10457.341806754894,0.0,0
0,1,1,1,1,1,0,28,26.070703906078897,1.0,6,3.4665861051280737,3.372885888677804,0,2,0.003607934,0.9963921,7126.070703906079,0.9963920712471008,1096.031278371811,8222.10198227789,0.0,0
1,1,1,1,1,12,1,35,325.54060315203526,12.0,8,1.7154302935811585,1.846310687059228,0,1,0.00012506185,0.99987495,9625.540603152036,11.998499393463135,13198.349332809448,22823.889935961484,0.0,1
1,1,0,0,1,1,1,32,8.472368186635066,1.0,20,1.6978523027190462,1.7182997413655363,0,2,0.0014160082,0.998584,22508.472368186634,0.998583972454071,1098.4423696994781,23606.914737886113,0.0,0
1,1,0,0,1,1,1,31,394.79547441394766,1.0,4,2.52017155073134,2.595602017042876,0,2,0.00033081154,0.9996692,5294.795474413948,0.9996691942214966,1099.6361136436462,6394.431588057594,0.0,0
1,1,0,0,1,1,1,30,92.21825100719563,1.0,1,2.803474949825444,2.8579356004518925,0,2,0.0624586,0.9375414,1692.2182510071957,0.9375414252281189,1031.2955677509308,2723.5138187581265,0.0,0
0,1,1,1,1,6,0,27,179.0483736580258,5.0,0,1.5310323507778276,2.011962736503057,1,1,0.8517528,0.14824718,679.0483736580259,0.7412359118461609,815.359503030777,1494.4078766888028,1.0,1
0,0,0,0,1,1,0,28,19.49000912905888,1.0,9,2.3394776691104417,2.283035259537849,0,2,0.0023506125,0.9976494,10419.490009129058,0.9976493716239929,1097.4143087863922,11516.90431791545,0.0,0
0,0,0,0,1,1,1,28,94.71036824536486,1.0,3,2.461840194266061,2.3912544836833884,0,2,0.021267895,0.9787321,3894.710368245365,0.9787321090698242,1076.6053199768066,4971.315688222172,0.0,0
1,1,1,1,0,12,1,26,224.46359820025043,10.0,3,2.572977505526599,2.4442865534418603,0,3,0.0005669184,0.9994331,4024.4635982002505,9.994331002235413,10993.764102458954,15018.227700659205,2.0,2
1,1,0,0,1,1,0,27,7.5067039888645875,1.0,1,0.9928352908141068,0.1843936571085096,1,0,0.99933976,0.00066024065,1607.5067039888645,0.000660240650177002,0.7262647151947021,1608.2329687040592,0.0,3
0,1,1,0,1,12,0,28,232.99090787384208,4.0,14,3.964820630139176,3.957143406972048,0,2,0.00018530116,0.9998147,16132.990907873842,3.9992587566375732,4399.184632301331,20532.175540175173,8.0,1
1,1,1,1,1,6,0,32,48.13781614262173,6.0,8,0.7997584252365539,0.7288683387225675,0,1,0.026275905,0.97372407,9348.137816142622,5.842344403266907,6426.578843593597,15774.71665973622,0.0,1
0,1,0,0,1,1,1,32,246.6012882497685,1.0,3,1.3081607966948905,1.2798043326449349,0,0,0.008945298,0.9910547,4046.6012882497685,0.9910547137260437,1090.160185098648,5136.761473348417,0.0,3
0,1,1,0,1,1,0,28,55.772209155600535,1.0,1,0.6377633691665507,0.5731774176963804,0,0,0.5580618,0.44193822,1655.7722091556006,0.44193822145462036,486.1320436000824,2141.904252755683,0.0,3
0,1,1,1,1,12,0,30,192.099318020306,12.0,8,2.5346341939112937,2.555264344754708,0,1,4.7071546e-05,0.9999529,9492.099318020306,11.99943494796753,13199.378442764282,22691.47776078459,0.0,1
1,1,0,0,1,1,1,30,456.86100148390966,1.0,2,1.9372769321133143,2.011021461300229,0,2,0.007893078,0.9921069,3156.8610014839096,0.9921069145202637,1091.31760597229,4248.1786074562,0.0,0
1,1,0,0,1,1,0,30,425.5352204769212,1.0,5,1.010424708749058,0.1542225120866638,1,0,0.52349174,0.47650826,6425.5352204769215,0.4765082597732544,524.1590857505798,6949.694306227501,0.0,3
0,1,0,0,1,1,0,31,14.399206134154069,1.0,4,1.1890409805443882,0.1790630858297635,1,0,0.9916189,0.008381128,4914.399206134154,0.008381128311157227,9.21924114227295,4923.618447276427,0.0,3
0,1,0,0,1,1,0,26,218.61895561184951,1.0,5,0.2518694006662954,0.3159411239331495,0,0,0.0033861268,0.99661386,6218.61895561185,0.9966138601303101,1096.275246143341,7314.894201755191,0.0,3
0,1,1,1,1,12,1,27,58.57864684872256,11.0,10,3.150396403060244,2.991142984271548,0,1,0.0001542792,0.99984574,11558.578646848722,10.998303174972534,12098.133492469788,23656.712139318508,1.0,1
0,1,0,0,1,1,0,32,199.88701941973,1.0,6,1.5108990908179745,1.4619145575109922,0,0,0.0035277505,0.99647224,7299.88701941973,0.9964722394943237,1096.119463443756,8396.006482863486,0.0,3
0,0,1,0,1,6,0,28,75.70579418978195,5.0,1,1.3070196734208377,0.8330618266216617,1,0,0.9641761,0.03582388,1675.705794189782,0.17911940813064575,197.03134894371033,1872.7371431334923,1.0,3
1,1,0,0,1,1,0,24,17.8547344921962,1.0,0,1.9277156679610032,0.7625515627830926,1,0,0.9999347,6.532669e-05,517.8547344921963,6.532669067382812e-05,0.07185935974121094,517.9265938519375,0.0,3
1,1,0,0,1,1,1,35,18.233606192649148,1.0,3,2.6973392852545506,2.617989983440871,0,2,0.009908916,0.9900911,3818.233606192649,0.99009108543396,1089.100193977356,4907.333800170005,0.0,0
1,1,0,1,1,1,0,28,54.87087155545128,1.0,2,1.8680827187300248,1.7528385554059644,1,0,0.7477599,0.25224012,2754.8708715554512,0.2522401213645935,277.46413350105286,3032.335005056504,0.0,3
1,1,0,0,1,1,1,33,311.7247875501185,1.0,6,1.1836106940747646,1.013930193757022,0,0,0.0029786301,0.9970214,7411.724787550119,0.9970213770866394,1096.7235147953033,8508.448302345423,0.0,3
1,1,1,1,1,12,1,34,245.7797284163932,12.0,5,0.5807355352350287,0.3848054991690998,0,1,0.0001540396,0.999846,6245.7797284163935,11.998151779174805,13197.966957092285,19443.74668550868,0.0,1
0,1,1,1,1,1,0,29,89.91202181925794,1.0,0,2.099990330441736,1.5909351944686592,1,0,0.9810982,0.018901825,589.9120218192579,0.018901824951171875,20.792007446289062,610.704029265547,0.0,1
0,1,0,1,1,6,0,29,184.082697286792,6.0,3,2.1713221444865494,2.1479643033769635,0,1,0.004076436,0.9959236,3984.082697286792,5.975541472434998,6573.095619678497,10557.17831696529,0.0,1
1,0,1,1,1,6,1,26,59.66527061995004,6.0,1,1.6696758403290053,1.7087759448716129,0,1,0.15500338,0.84499663,1659.66527061995,5.069979786872864,5576.97776556015,7236.6430361801,0.0,1
1,1,0,0,1,1,1,27,117.521055283136,1.0,1,2.154770389082836,1.9249005360824405,1,2,0.9352419,0.06475812,1717.521055283136,0.06475812196731567,71.23393416404724,1788.7549894471833,0.0,3
0,1,1,1,1,12,1,27,153.07601869924684,12.0,8,2.259230007245767,2.2842212809272264,0,1,5.772647e-05,0.9999423,9453.076018699247,11.999307632446289,13199.238395690918,22652.314414390166,0.0,1
1,1,0,0,1,1,1,29,37.79489985736628,1.0,0,1.649245397275032,1.8719434897877087,1,0,0.87866837,0.12133163,537.7948998573663,0.12133163213729858,133.46479535102844,671.2596952083948,0.0,3
0,1,0,0,1,1,0,32,0.9433185865703422,1.0,2,1.7661806089428544,1.5496005597379203,0,0,0.2665705,0.7334295,2700.9433185865705,0.733429491519928,806.7724406719208,3507.7157592584913,0.0,3
0,1,1,1,1,6,1,28,201.6731357111493,6.0,3,1.2609396665298278,1.3235369120710254,0,1,0.008050728,0.99194926,4001.6731357111494,5.951695561408997,6546.865117549896,10548.538253261046,0.0,1
1,1,1,1,1,12,0,32,211.32239257330903,12.0,12,2.884055367062524,3.042388102016198,0,1,3.744863e-05,0.99996257,13911.32239257331,11.999550819396973,13199.50590133667,27110.82829390998,0.0,1
0,1,0,0,1,12,1,35,74.88293071725845,12.0,9,1.9675372657241137,1.7579585814350909,0,1,0.0007375203,0.99926245,10474.882930717258,11.991149425506592,13190.264368057251,23665.147298774507,0.0,0
0,1,1,1,1,6,1,31,55.58756498408076,6.0,6,2.2967241366777937,2.171891585308922,0,1,0.0019213513,0.99807864,7155.587564984081,5.988471865653992,6587.319052219391,13742.906617203473,0.0,1
1,1,0,0,1,1,0,24,173.76406606402543,1.0,5,2.5944560386029227,2.5379091535792218,0,2,0.010442179,0.9895578,6173.764066064025,0.9895578026771545,1088.51358294487,7262.277649008895,0.0,0
0,1,1,0,1,1,0,32,152.5687083664238,1.0,4,1.2931324759765443,1.4489593119441608,0,0,0.0068494454,0.99315053,5052.568708366423,0.993150532245636,1092.4655854701996,6145.034293836623,0.0,3
0,0,0,0,1,1,0,29,4.630351037434764,1.0,0,1.2712761076780252,0.2982171654032801,1,0,0.9997799,0.00022011995,504.63035103743476,0.00022011995315551758,0.24213194847106934,504.87248298590583,0.0,3
1,1,0,0,1,6,0,31,221.67747017903625,6.0,5,1.6014602726155998,1.4765263895666385,0,2,0.008583818,0.99141616,6221.677470179036,5.94849693775177,6543.346631526947,12765.024101705983,0.0,3
1,1,0,0,1,1,0,33,206.8352684154641,1.0,7,2.225282014784982,2.2109004386223376,0,2,0.000750423,0.9992496,8406.835268415463,0.9992495775222778,1099.1745352745056,9506.009803689969,0.0,0
1,1,1,0,1,12,0,31,215.97759170385945,12.0,9,1.4163784172153149,1.3419905087437696,0,1,8.342449e-05,0.99991655,10615.977591703859,11.998998641967773,13198.89850616455,23814.876097868408,0.0,1
0,1,1,1,1,1,1,26,152.95560685325694,1.0,0,0.8055370202915084,0.3482436543685475,1,0,0.9962119,0.0037881136,652.955606853257,0.0037881135940551758,4.166924953460693,657.1225318067177,0.0,3
1,0,1,0,1,1,0,23,183.11074335295223,1.0,0,1.5542958128990385,0.338969142456208,1,0,0.99993753,6.246567e-05,683.1107433529522,6.246566772460938e-05,0.06871223449707031,683.1794555874493,0.0,3
1,1,1,1,1,12,1,31,190.51429018894825,12.0,1,0.3973287320594232,0.2904694140970115,0,1,0.0022302372,0.9977698,1790.5142901889483,11.97323727607727,13170.561003684998,14961.075293873946,0.0,1
0,1,1,1,1,12,0,31,204.57045133869133,12.0,9,1.1188893169752414,1.204221681290313,0,1,3.177269e-05,0.99996823,10604.570451338692,11.999618768692017,13199.580645561218,23804.15109689991,0.0,1
0,0,1,0,1,12,0,29,39.09382717035857,11.0,13,1.9355470014146603,1.746064402984786,0,1,0.0010330383,0.99896693,14839.093827170358,10.988636255264282,12087.49988079071,26926.593707961067,1.0,1
0,0,1,0,1,1,0,23,59.19274069466744,1.0,1,1.5215992099565905,1.1238165860574267,1,0,0.9913394,0.0086606145,1659.1927406946675,0.008660614490509033,9.526675939559937,1668.7194166342274,0.0,3
1,0,0,0,1,1,0,34,224.20861132307869,1.0,2,3.317759047492848,3.3865395781700665,0,2,0.0029432185,0.9970568,2924.208611323079,0.997056782245636,1096.7624604701996,4020.9710717932785,0.0,0
1,1,1,0,1,1,0,28,116.02472080718088,1.0,1,0.6768607149110395,0.3404645202568658,1,0,0.98507756,0.01492244,1716.024720807181,0.01492244005203247,16.414684057235718,1732.4394048644167,0.0,3
1,1,0,0,1,1,0,36,137.61677366409492,1.0,0,1.8031650048788688,1.8518180072294008,0,2,0.11150369,0.8884963,637.6167736640949,0.8884962797164917,977.3459076881409,1614.962681352236,0.0,0
1,1,1,1,1,1,0,30,201.57014305093307,1.0,3,3.4634953376862447,3.4961814621057523,0,2,0.0021408682,0.9978591,4001.570143050933,0.9978591203689575,1097.6450324058533,5099.215175456786,0.0,0
0,0,1,0,1,1,0,30,310.4628617740674,1.0,6,1.4117750607707502,1.3414106537476451,0,0,0.0014205518,0.99857944,7410.462861774067,0.9985794425010681,1098.437386751175,8508.900248525242,0.0,3
1,1,0,1,1,1,0,33,292.3168044595096,1.0,4,1.0296706826131397,0.9061682452944272,0,0,0.049104776,0.95089525,5192.3168044595095,0.9508952498435974,1045.9847748279572,6238.301579287467,0.0,3
0,1,1,0,0,1,0,27,496.1722220804551,1.0,6,1.630829685666649,1.6201651108555783,0,3,0.0017057004,0.9982943,7596.172222080455,0.9982942938804626,1098.123723268509,8694.295945348964,0.0,2
0,1,1,0,1,1,0,34,75.50080207184851,1.0,4,2.6205234615470974,2.605641417323622,0,2,0.0032386912,0.9967613,4975.500802071849,0.9967613220214844,1096.4374542236328,6071.938256295482,0.0,0
1,0,1,0,1,1,1,29,21.256168705279805,1.0,7,0.500420847523896,0.5030474724732104,0,0,0.0041428525,0.9958571,8221.25616870528,0.9958571195602417,1095.4428315162659,9316.699000221546,0.0,3
1,1,1,0,1,1,1,35,99.65512311896104,1.0,4,0.7238812475316656,0.6223036485749079,0,0,0.025496436,0.9745036,4999.6551231189615,0.9745035767555237,1071.953934431076,6071.6090575500375,0.0,3
1,0,1,0,1,1,0,23,216.5910378961341,1.0,2,1.4682581279987992,0.2907976953990341,1,0,0.9995302,0.0004698038,2916.591037896134,0.0004698038101196289,0.5167841911315918,2917.1078220872655,0.0,3
0,1,1,1,1,6,0,32,165.03837318427043,4.0,2,1.6746358150110732,1.5484174568954798,0,1,0.006281774,0.9937182,2865.0383731842703,3.9748728275299072,4372.360110282898,7237.398483467168,2.0,1
1,1,0,0,1,1,0,37,188.76465748197063,1.0,15,0.2695864857312769,0.3902171077323729,0,0,0.00061148254,0.9993885,17188.76465748197,0.9993885159492493,1099.3273675441742,18288.092025026144,0.0,3
1,1,0,0,1,1,0,28,79.20902953822464,1.0,0,1.0857112433754823,0.3377739100328601,1,0,0.99981207,0.00018793344,579.2090295382246,0.00018793344497680664,0.2067267894744873,579.4157563276991,0.0,3
1,1,1,0,1,12,1,30,137.23037021991678,9.0,2,3.0782702495488823,3.0808041062493814,0,1,0.0017640834,0.99823594,2837.230370219917,8.984123468399048,9882.535815238953,12719.76618545887,3.0,1
0,0,1,0,0,1,1,27,92.0511656338824,1.0,3,1.4409374983767562,0.6662044419557741,1,3,0.99765706,0.0023429394,3892.051165633882,0.0023429393768310547,2.57723331451416,3894.6283989483964,0.0,2
1,1,1,1,1,1,1,30,71.77278889365212,1.0,10,4.953290171906938,4.909601721470147,0,2,0.00040108032,0.9995989,11571.772788893652,0.9995989203453064,1099.558812379837,12671.331601273489,0.0,0
1,1,0,0,1,1,0,27,155.92322580353354,1.0,13,3.389635810518341,3.372001923695922,0,2,0.00025844958,0.99974155,14955.923225803534,0.9997415542602539,1099.7157096862793,16055.638935489813,0.0,0
1,1,1,1,1,12,1,29,193.73201138952055,12.0,3,2.3169269873995595,2.251350492791065,0,1,0.0034549958,0.996545,3993.7320113895207,11.958540201187134,13154.394221305847,17148.12623269537,0.0,1
0,1,1,0,1,12,1,29,193.1768301019859,7.0,27,0.0,0.0,0,1,0.0005045574,0.99949545,30393.176830101987,6.996468126773834,7696.114939451218,38089.29176955321,5.0,1
1,1,1,1,1,12,0,35,5.199042498593023,11.0,4,2.4038227428142647,2.31970107126341,0,1,0.00015510168,0.9998449,4905.199042498593,10.998293995857239,12098.123395442963,17003.322437941555,1.0,1
0,1,1,0,1,12,0,28,121.18079892422836,12.0,2,2.6360985428195565,2.7506487538945232,0,1,0.00118631,0.9988137,2821.1807989242284,11.985764265060425,13184.340691566467,16005.521490490695,0.0,0
1,1,1,1,1,1,1,28,189.47621580444985,1.0,1,2.0737998130760205,2.053105910420655,0,2,0.33100092,0.6689991,1789.4762158044498,0.6689990758895874,735.8989834785461,2525.3751992829957,0.0,1
1,0,1,0,1,1,0,27,350.51011670950464,1.0,3,1.5072718138327303,1.6197790355505233,0,0,0.01953112,0.98046887,4150.5101167095045,0.9804688692092896,1078.5157561302185,5229.025872839723,0.0,3
1,0,1,1,1,6,1,35,149.19779155724697,6.0,9,2.343683272758564,2.353763596255953,0,1,0.00034864113,0.9996514,10549.197791557246,5.997908234596252,6597.699058055878,17146.896849613124,0.0,1
1,1,1,1,1,6,0,32,222.527498955216,6.0,4,2.2638389426428365,2.34215035828523,0,1,0.00051649625,0.9994835,5122.527498955216,5.996901154518127,6596.59126996994,11719.118768925156,0.0,1
0,1,0,0,1,12,1,31,280.9207345135066,12.0,0,2.165441002694298,2.015751687486784,0,1,0.026843118,0.97315687,780.9207345135067,11.677882432937622,12845.670676231384,13626.591410744892,0.0,0
1,1,1,0,1,1,0,30,205.81650761642803,1.0,7,2.2501068722851767,2.3618331926891662,0,2,0.00075522065,0.9992448,8405.816507616428,0.9992448091506958,1099.1692900657654,9504.985797682193,0.0,0
0,1,0,0,0,1,0,29,54.052672227394105,1.0,1,2.9466707955949984,2.9032707546642715,0,3,0.17232734,0.82767266,1654.0526722273942,0.8276726603507996,910.4399263858795,2564.492598613274,0.0,2
1,1,0,0,1,1,0,28,17.772091721031202,1.0,10,2.9851109274631416,3.2056863310751527,0,2,0.0027151313,0.9972849,11517.772091721032,0.9972848892211914,1097.0133781433105,12614.785469864342,0.0,0
0,1,0,0,1,1,0,25,237.2224880503049,1.0,0,1.805476305862869,1.0983458986008907,1,0,0.9994804,0.0005195737,737.222488050305,0.0005195736885070801,0.5715310573577881,737.7940191076627,0.0,3
0,1,1,0,1,12,0,30,127.55576124644222,11.0,3,0.436682265088302,0.5592727353839669,0,1,0.0010656147,0.9989344,3927.555761246442,10.988278269767761,12087.106096744537,16014.66185799098,1.0,3
0,1,0,0,0,1,1,32,126.00169600754865,1.0,3,3.1184530761533686,3.111619704097478,0,3,0.010248732,0.9897513,3926.0016960075486,0.9897512793540955,1088.726407289505,5014.728103297053,0.0,2
0,1,0,0,1,1,1,27,69.35291737760048,1.0,4,2.1039873196731227,2.178061030956395,0,2,0.02119452,0.9788055,4969.3529173776005,0.9788054823875427,1076.686030626297,6046.0389480038975,0.0,0
1,1,1,1,1,1,0,24,375.75529083721045,1.0,2,0.2197751774746135,0.4592912785935489,0,0,0.058526624,0.94147336,3075.7552908372104,0.9414733648300171,1035.6207013130188,4111.37599215023,0.0,3
0,1,1,1,0,6,0,31,169.42143487226238,5.0,6,0.0242342317492818,0.0067318077542071,0,3,0.00862005,0.99138,7269.421434872263,4.956899881362915,5452.5898694992065,12722.01130437147,1.0,2
0,1,0,0,1,6,0,24,168.92471893292333,6.0,1,1.2600004682077042,0.0,1,0,0.9980715,0.0019285083,1768.9247189329233,0.011571049690246582,12.72815465927124,1781.6528735921945,0.0,3
1,0,0,0,1,1,0,32,135.20355068125158,1.0,3,1.3719322562650904,0.8022622619475429,1,0,0.9191876,0.080812395,3935.2035506812517,0.08081239461898804,88.89363408088684,4024.0971847621386,0.0,3
1,1,1,1,1,6,1,32,129.99140728108637,2.0,6,3.105692493969686,3.155661870422379,0,2,0.00034732776,0.9996527,7229.991407281086,1.9993053674697876,2199.2359042167664,9429.227311497852,4.0,1
0,1,1,1,1,12,0,32,338.4241661275001,12.0,8,3.1847818120809723,3.189812250697424,0,1,3.7537768e-05,0.99996245,9638.424166127501,11.999549388885498,13199.504327774048,22837.92849390155,0.0,1
1,1,1,0,1,12,0,27,32.123603937053325,12.0,5,1.06027172029689,0.913766433367088,0,1,0.011049361,0.9889506,6032.123603937053,11.867407321929932,13054.148054122925,19086.271658059977,0.0,3
0,1,1,1,1,12,0,29,102.58120723641424,12.0,1,2.5586379575770706,2.6756829735503502,0,1,0.006475235,0.9935248,1702.5812072364142,11.922297477722168,13114.527225494385,14817.108432730798,0.0,1
0,0,0,0,1,6,0,34,34.701386406470235,6.0,5,2.275602293116167,2.227547291854333,0,2,0.0007181868,0.9992818,6034.70138640647,5.995690941810608,6595.260035991669,12629.961422398139,0.0,0
1,1,0,0,1,1,1,28,118.81919667461632,1.0,3,1.221539337467465,1.3350137668625428,0,0,0.04730951,0.9526905,3918.8191966746163,0.9526904821395874,1047.9595303535461,4966.778727028162,0.0,3
1,1,1,0,1,12,0,29,64.44301403977897,12.0,2,3.5133310402143683,3.604801526610612,0,1,0.00018076057,0.9998192,2764.443014039779,11.997830629348755,13197.61369228363,15962.056706323408,0.0,0
0,1,0,0,1,6,0,32,101.20926614178587,6.0,16,3.001785681916224,2.9392863857473963,0,2,0.0002394605,0.99976057,18201.209266141785,5.9985634088516235,6598.419749736786,24799.62901587857,0.0,0
0,1,0,0,1,1,0,29,99.24557807995632,1.0,1,1.3574335497924372,1.1990901943736387,1,0,0.7182286,0.28177142,1699.2455780799564,0.2817714214324951,309.94856357574463,2009.194141655701,0.0,3
1,1,0,0,1,1,0,24,45.13331593094766,1.0,2,2.129822930390951,2.3656508183500966,1,0,0.42592573,0.57407427,2745.1333159309474,0.5740742683410645,631.4816951751709,3376.6150111061183,0.0,3
0,1,0,0,1,6,0,32,26.70351201556737,6.0,3,2.853048765299244,2.9819076375999933,0,2,0.005170289,0.9948297,3826.7035120155674,5.96897828578949,6565.876114368439,10392.579626384006,0.0,0
0,1,0,0,1,1,1,35,191.0588505109339,1.0,4,1.6503913311863805,1.658654286400718,0,2,0.0011397158,0.9988603,5091.058850510934,0.9988602995872498,1098.7463295459747,6189.805180056908,0.0,0
1,1,0,0,1,1,0,30,66.31893572721117,1.0,4,1.615810347925318,1.6188727016957818,0,0,0.024338102,0.9756619,4966.318935727211,0.9756618738174438,1073.2280611991882,6039.5469969263995,0.0,3
0,1,0,1,1,1,0,31,169.54290001539223,1.0,2,3.6690806998067655,3.5309576045874365,0,2,0.00428519,0.9957148,2869.542900015392,0.9957147836685181,1095.2862620353699,3964.829162050762,0.0,0
0,0,1,0,1,1,0,31,98.83418230965091,1.0,2,1.434439819365414,1.221894093099018,1,0,0.67315364,0.32684636,2798.8341823096507,0.3268463611602783,359.53099727630615,3158.365179585957,0.0,3
0,1,1,1,1,12,1,30,270.3463020649923,12.0,2,0.1143339952978666,0.0323483947775662,0,1,0.001419616,0.9985804,2970.3463020649924,11.982964754104614,13181.261229515076,16151.607531580068,0.0,1
1,1,0,0,1,12,0,27,232.10790286303504,12.0,1,0.584701981307707,0.2865246896934401,0,1,0.06899865,0.93100137,1832.107902863035,11.172016382217407,12289.218020439148,14121.325923302184,0.0,3
0,1,0,0,1,1,0,31,109.26289429297924,1.0,0,2.5792348461086108,2.5899981630867663,0,2,0.48314434,0.51685566,609.2628942929792,0.5168556571006775,568.5412228107452,1177.8041171037244,0.0,0
1,1,1,1,1,12,0,31,261.2371480499884,12.0,1,2.3435839670057232,2.320693572281073,0,1,0.004338335,0.9956617,1861.2371480499883,11.947940111160278,13142.734122276306,15003.971270326294,0.0,1
1,1,0,1,0,1,0,25,196.62867081527045,1.0,7,2.0615127973180147,2.0811595349060936,0,3,0.008246332,0.9917537,8396.628670815271,0.9917536973953247,1090.9290671348572,9487.557737950128,0.0,2
0,1,1,1,1,1,1,26,183.07827984017644,1.0,8,0.9488150687520454,0.989221639025364,0,0,0.0012643882,0.9987356,9483.078279840176,0.9987356066703796,1098.6091673374176,10581.687447177594,0.0,1
1,1,0,0,1,6,1,29,310.14786832180783,6.0,4,3.30471380130464,3.1837252419548747,0,2,6.1880964e-05,0.99993813,5210.147868321807,5.999628782272339,6599.591660499573,11809.739528821381,0.0,0
1,1,0,1,1,1,1,26,69.57646991332932,1.0,2,1.1773886029973126,0.4474370844697098,1,0,0.99507564,0.004924357,2769.576469913329,0.004924356937408447,5.416792631149292,2774.9932625444785,0.0,3
1,1,0,0,1,1,0,24,288.16018239102266,1.0,10,0.6624186395576679,0.7082963424492902,0,0,0.0017361788,0.99826384,11788.160182391022,0.9982638359069824,1098.0902194976807,12886.250401888703,0.0,3
1,1,1,1,1,12,0,34,5.957877301761697,12.0,4,0.3324502643598215,0.3999286333886944,0,1,0.001421411,0.9985786,4905.957877301762,11.982943296432495,13181.237626075745,18087.19550337751,0.0,1
0,0,1,0,1,1,0,23,296.67022907285013,1.0,0,1.47405146701099,1.7254819028919337,1,0,0.9533535,0.046646476,796.6702290728501,0.04664647579193115,51.31112337112427,847.9813524439744,0.0,3
1,0,0,0,1,1,0,31,42.29863539194412,1.0,0,0.6751289328109128,0.6956479611228984,1,0,0.8713886,0.12861139,542.2986353919441,0.12861138582229614,141.47252440452576,683.7711597964699,0.0,3
0,0,1,0,0,1,0,30,124.55484359318903,1.0,3,1.1584537141474724,0.0,1,3,0.99688476,0.0031152368,3924.554843593189,0.003115236759185791,3.42676043510437,3927.9816040282935,0.0,2
0,1,1,0,1,1,1,27,103.81231845377226,1.0,2,0.8865480379974492,0.5233450951377545,1,0,0.92948604,0.07051396,2803.812318453772,0.07051396369934082,77.5653600692749,2881.377678523047,0.0,3
1,1,1,1,1,12,1,32,234.7402340909528,12.0,8,2.124864214950716,2.069892312242044,0,1,0.00015700242,0.999843,9534.740234090952,11.99811601638794,13197.927618026733,22732.667852117687,0.0,1
1,1,1,0,0,1,1,28,240.65648191655495,1.0,10,4.545647850981245,4.649258551805566,0,3,0.00026438074,0.9997356,11740.656481916554,0.9997355937957764,1099.709153175354,12840.365635091908,0.0,2
0,0,0,0,1,1,0,36,362.34552480864136,1.0,3,3.621083535772328,3.673441915125361,0,2,0.00019633948,0.99980366,4162.345524808641,0.9998036623001099,1099.7840285301208,5262.129553338762,0.0,0
1,1,0,0,1,12,1,34,81.29638291895674,12.0,7,3.0975199947603134,2.899263032194608,0,1,0.00020120954,0.9997988,8281.296382918958,11.99758529663086,13197.343826293945,21478.640209212903,0.0,0
0,1,1,1,1,12,1,30,108.45968208200908,9.0,1,2.478373353982685,2.4807497984845046,0,1,0.0054901494,0.9945099,1708.459682082009,8.950588881969452,9845.647770166397,11554.107452248407,3.0,1
1,1,1,1,1,6,0,31,176.28226516538703,6.0,2,3.378170791222003,3.639347253724072,0,2,0.00085445825,0.99914557,2876.282265165387,5.994873404502869,6594.3607449531555,9470.643010118543,0.0,1
0,1,1,0,1,12,0,32,365.5585139934584,11.0,3,2.7373377258343914,2.7501103404461857,0,1,0.00011451219,0.9998855,4165.558513993458,10.998740494251251,12098.614543676376,16264.173057669836,1.0,1
1,1,0,0,1,1,1,33,23.100524134753066,1.0,4,1.2286272109810308,1.1016225965558428,0,0,0.013580271,0.98641974,4923.100524134753,0.9864197373390198,1085.0617110729218,6008.162235207675,0.0,3
1,1,0,0,1,1,0,22,237.0794250204811,1.0,1,1.649045859583128,1.6420240547920972,1,0,0.91266334,0.08733666,1837.079425020481,0.08733665943145752,96.07032537460327,1933.1497503950843,0.0,3
1,1,0,0,1,6,1,27,155.80568601012595,6.0,5,2.066077828727647,2.2329186127776977,0,2,0.00041705905,0.99958295,6155.805686010126,5.9974976778030396,6597.2474455833435,12753.05313159347,0.0,0
1,1,0,0,1,1,1,29,111.77468624640908,1.0,7,3.7351851671135776,3.699560327563866,0,2,0.00024495085,0.999755,8311.774686246408,0.9997550249099731,1099.7305274009705,9411.505213647379,0.0,0
0,1,0,0,1,6,0,34,363.31889717407296,6.0,0,2.4399064863973434,2.4819149274651746,0,2,0.0066837147,0.9933163,863.318897174073,5.959897756576538,6555.887532234192,7419.206429408265,0.0,0
0,1,1,1,1,12,0,24,255.24565308331623,12.0,2,0.7313773037489228,0.5818170821132385,0,1,0.025594959,0.97440505,2955.245653083316,11.69286060333252,12862.146663665771,15817.392316749087,0.0,1
1,0,0,0,1,1,0,29,115.2125618090216,1.0,2,1.6815719140135392,1.64823984867432,0,0,0.3021531,0.6978469,2815.2125618090217,0.6978468894958496,767.6315784454346,3582.8441402544563,0.0,3
0,1,1,1,0,6,1,35,8.370904091316987,6.0,1,2.9637174786307967,2.977064441236976,0,3,0.003851022,0.996149,1608.370904091317,5.976894021034241,6574.583423137665,8182.954327228982,0.0,2
1,1,0,0,1,6,0,29,147.67471902038508,6.0,7,1.1090646430055424,1.0571001412375909,0,0,0.000772005,0.999228,8347.674719020386,5.995368003845215,6594.904804229736,14942.579523250122,0.0,3
0,0,0,0,1,1,0,29,87.26608911298666,1.0,1,0.9866715220159578,1.2017512170564708,1,0,0.87994796,0.12005204,1687.2660891129867,0.1200520396232605,132.05724358558655,1819.3233326985733,0.0,3
0,0,0,0,1,1,0,30,201.7914249864017,1.0,8,2.8658555589464143,2.8570253103008385,0,2,0.00071062567,0.9992894,9501.791424986402,0.9992893934249878,1099.2183327674866,10601.009757753889,0.0,0
0,0,0,0,1,1,1,26,159.68200907652113,1.0,6,1.052411655229352,1.2549389164318046,0,0,0.0016811186,0.9983189,7259.682009076521,0.9983189105987549,1098.1508016586304,8357.832810735152,0.0,3
1,1,0,1,1,6,1,36,261.0134978581957,6.0,3,2.6039103859149084,2.436987279693188,0,2,0.0015988734,0.9984011,4061.0134978581955,5.990406632423401,6589.447295665741,10650.460793523936,0.0,0
0,1,1,0,1,1,0,24,100.72832397271372,1.0,7,0.372101281088709,0.4377703148535868,0,0,0.006262064,0.99373794,8300.728323972713,0.9937379360198975,1093.1117296218872,9393.8400535946,0.0,3
0,1,0,0,0,1,0,32,171.0220523353429,1.0,0,1.2050052448753683,0.8308141735745809,1,3,0.8737285,0.12627149,671.0220523353429,0.12627148628234863,138.8986349105835,809.9206872459264,0.0,2
1,1,0,0,1,6,0,34,134.9377816085842,6.0,5,1.4686723929798855,1.5211482374336356,0,2,0.0020701303,0.9979299,6134.937781608584,5.9875792264938354,6586.337149143219,12721.274930751802,0.0,0
1,0,1,0,1,1,0,25,193.8166902227869,1.0,2,1.524573557455149,0.6933340486383317,1,0,0.99748117,0.0025188327,2893.8166902227867,0.0025188326835632324,2.7707159519195557,2896.5874061747063,0.0,3
1,1,1,0,1,12,1,30,158.65750092923764,9.0,7,0.9875525458282572,0.8747897213442297,0,1,0.00014467616,0.99985534,8358.657500929237,8.998698055744171,9898.567861318588,18257.225362247824,3.0,1
0,1,0,0,1,6,0,28,282.56430179063483,6.0,1,0.2996773526903256,0.1448262218277803,0,0,0.22988927,0.7701107,1882.5643017906348,4.620664358139038,5082.730793952942,6965.295095743577,0.0,3
0,1,1,0,1,1,0,27,55.88104650927875,1.0,1,3.441585090385072,3.42415728150728,0,2,0.020998577,0.9790014,1655.8810465092788,0.9790014028549194,1076.9015431404114,2732.78258964969,0.0,0
0,1,0,0,1,12,1,28,194.0276974319216,9.0,3,2.007951022876234,1.9438489674426065,0,1,0.00087099755,0.999129,3994.0276974319218,8.992160975933075,9891.377073526382,13885.404770958305,3.0,1
0,1,0,0,1,1,0,28,144.8470801998805,1.0,1,1.7928435053828895,1.6403265745627371,0,0,0.604675,0.395325,1744.8470801998806,0.3953250050544739,434.85750555992126,2179.704585759802,0.0,3
1,1,0,0,1,1,0,32,105.95784559563214,1.0,3,3.0880675078606954,3.106312948381365,0,2,0.013264141,0.9867359,3905.957845595632,0.9867358803749084,1085.4094684123993,4991.367314008032,0.0,0
0,1,0,0,1,6,1,32,294.6359713464845,6.0,5,1.8921689057862905,1.9953547610179128,0,2,0.00013829587,0.9998617,6294.635971346484,5.999170303344727,6599.087333679199,12893.723305025684,0.0,0
0,1,1,1,1,6,0,30,60.65532262598804,6.0,3,2.2407902660110595,2.3058995454608406,0,1,0.003327437,0.9966726,3860.655322625988,5.980035424232483,6578.038966655731,10438.694289281719,0.0,1
0,1,1,1,1,1,0,26,74.66544748136194,1.0,0,0.4941317440900754,0.1310488508919216,1,0,0.9981536,0.0018463731,574.665447481362,0.0018463730812072754,2.031010389328003,576.69645787069,0.0,3
0,1,1,1,1,12,0,29,357.0122473307043,12.0,1,0.5600127486203852,0.6797587772385846,0,1,0.0072919037,0.9927081,1957.0122473307042,11.91249704360962,13103.746747970581,15060.758995301285,0.0,1
0,1,1,1,1,12,0,30,229.4462393208751,12.0,1,1.3499904237311555,1.4547096225423586,0,1,0.011637765,0.98836225,1829.446239320875,11.860347032546997,13046.381735801697,14875.827975122571,0.0,1
0,1,1,0,1,1,1,27,114.66854423543867,1.0,10,2.5367845904555097,2.67371653624226,0,2,0.0010131482,0.99898684,11614.66854423544,0.9989868402481079,1098.8855242729187,12713.554068508358,0.0,0
0,1,1,0,1,1,0,31,160.40590652075176,1.0,1,1.4324098373462235,1.4577457238844889,0,0,0.26345858,0.7365414,1760.4059065207518,0.7365413904190063,810.195529460907,2570.601435981659,0.0,3
1,1,0,1,1,1,1,31,0.4108930359215179,1.0,2,0.6862524039568608,0.5568948589543106,1,0,0.7125328,0.28746718,2700.4108930359216,0.28746718168258667,316.21389985084534,3016.624792886767,0.0,3
0,0,0,0,1,6,1,24,156.19330113630468,6.0,5,2.3197179551441307,2.154909108974479,0,2,0.007902456,0.99209756,6156.193301136304,5.952585339546204,6547.843873500824,12704.037174637127,0.0,0
0,1,0,0,1,1,1,32,287.04901689201364,1.0,7,2.532945510747993,2.645681069133856,0,2,0.0004532423,0.99954677,8487.049016892013,0.9995467662811279,1099.5014429092407,9586.550459801254,0.0,0
1,1,1,0,1,1,1,29,131.87025155435384,1.0,0,1.947057699387255,1.8331497443554503,0,0,0.43449306,0.56550694,631.8702515543539,0.5655069351196289,622.0576286315918,1253.9278801859457,0.0,3
1,1,0,0,1,1,0,33,32.3413982098045,1.0,1,1.3280985295225396,1.0875745851347591,0,0,0.29416674,0.70583326,1632.3413982098045,0.7058332562446594,776.4165818691254,2408.75798007893,0.0,3
0,1,0,0,1,1,0,30,246.3263024664701,1.0,0,0.5979959292312587,0.5702183991408263,0,0,0.67310596,0.32689404,746.3263024664701,0.32689404487609863,359.5834493637085,1105.9097518301787,0.0,3
1,1,0,0,1,12,1,28,31.006722472183604,12.0,5,2.7066951827004693,2.524897983170403,0,1,0.00027171956,0.99972826,6031.006722472183,11.996739149093628,13196.41306400299,19227.419786475173,0.0,0
0,1,0,0,1,1,0,30,142.99677302200232,1.0,5,3.2431219344779616,3.2263818982613377,0,2,0.00039194987,0.99960804,6142.996773022002,0.999608039855957,1099.5688438415527,7242.565616863555,0.0,0
0,1,1,1,1,12,1,30,195.56328020719613,12.0,4,1.830851570108096,2.0167376279264526,0,1,0.00028800202,0.999712,5095.563280207196,11.996543884277344,13196.198272705078,18291.761552912274,0.0,1
1,1,0,0,1,1,0,29,124.16013788084508,1.0,2,2.40049882172738,2.3676474343397924,0,2,0.102046825,0.89795315,2824.160137880845,0.8979531526565552,987.7484679222107,3811.9086058030557,0.0,0
0,1,0,0,1,1,1,31,346.9666468873719,1.0,1,1.1431085723896943,1.1381174511749617,0,0,0.01724938,0.9827506,1946.966646887372,0.9827505946159363,1081.02565407753,3027.992300964902,0.0,3
0,0,1,0,1,1,0,25,113.0569150585943,1.0,2,0.2737477452301256,0.0,1,0,0.9836411,0.016358912,2813.0569150585943,0.016358911991119385,17.994803190231323,2831.0517182488256,0.0,3
1,1,1,1,1,1,1,33,51.44303754857184,1.0,5,0.6870232604581843,0.7500340396078597,0,0,0.0057020183,0.994298,6051.443037548572,0.994297981262207,1093.7277793884277,7145.1708169369995,0.0,1
0,1,0,0,1,6,1,24,173.2273602807216,6.0,2,4.588924729924113,4.586912878562509,0,2,0.0023743652,0.99762565,2873.2273602807218,5.985753893852234,6584.329283237457,9457.556643518179,0.0,0
1,1,1,0,1,1,0,33,51.28456656235029,1.0,14,2.882010125375952,2.665559821909312,0,2,0.0015566895,0.9984433,15951.28456656235,0.9984433054924011,1098.2876360416412,17049.57220260399,0.0,0
1,1,0,0,0,1,0,28,101.82871690698676,1.0,0,1.8003277510690745,1.8712736997529693,1,3,0.96068054,0.039319456,601.8287169069868,0.03931945562362671,43.25140118598938,645.0801180929761,0.0,2
1,1,0,0,1,6,0,25,137.1395888495034,6.0,1,2.1605405496238186,1.6263467002844088,1,0,0.9832025,0.016797483,1737.1395888495035,0.10078489780426025,110.86338758468628,1848.0029764341898,0.0,3
0,1,0,0,1,1,1,31,160.36937586054438,1.0,5,1.3664514204277942,1.295816921799645,0,0,0.0013807465,0.99861926,6160.369375860544,0.9986192584037781,1098.4811842441559,7258.8505601047,0.0,3
1,1,0,0,1,1,1,25,158.87909048734542,1.0,1,1.043586346059204,0.939373354177082,1,0,0.7940554,0.2059446,1758.8790904873454,0.20594459772109985,226.53905749320984,1985.4181479805552,0.0,3
0,1,0,0,0,12,1,28,6.993190265074809,11.0,6,1.5526353166288558,1.5714655205498125,0,3,0.0011504227,0.9988496,7106.993190265075,10.987345278263092,12086.079806089401,19193.072996354476,1.0,2
0,1,1,1,1,12,0,34,361.29622816600425,12.0,2,2.744279502527706,2.6387022117790084,0,1,0.00046099047,0.999539,3061.2962281660043,11.994468212127686,13193.915033340454,16255.211261506458,0.0,1
1,1,0,0,1,1,1,35,32.16694848761271,1.0,7,2.3179195469281177,2.337857889834853,0,2,0.0010476655,0.9989523,8232.166948487613,0.998952329158783,1098.8475620746613,9331.014510562274,0.0,0
1,1,0,0,1,1,0,33,115.32501021116953,1.0,0,2.8555257218036667,2.23333864784658,1,2,0.7930976,0.20690238,615.3250102111696,0.2069023847579956,227.59262323379517,842.9176334449647,0.0,0
0,1,1,1,1,12,1,32,123.57555168959428,12.0,1,2.378452760175456,2.0301085407577384,0,1,0.021846157,0.9781538,1723.5755516895942,11.73784589767456,12911.630487442017,14635.206039131612,0.0,1
0,1,0,0,1,6,0,25,258.4058234396275,6.0,1,1.46707729929533,0.3528751605271427,1,0,0.9976235,0.0023764968,1858.4058234396275,0.014258980751037598,15.684878826141357,1874.0907022657689,0.0,3
1,0,0,0,1,1,1,27,49.90780454179699,1.0,5,2.9453397212309267,3.1323155065536463,0,2,0.00593477,0.9940652,6049.907804541797,0.9940652251243591,1093.471747636795,7143.379552178592,0.0,0
1,1,1,1,1,12,1,33,281.8683381834851,12.0,11,0.0088238849200099,0.02586443592658,0,1,0.0001619868,0.999838,12881.868338183485,11.998055934906006,13197.861528396606,26079.72986658009,0.0,1
1,1,0,0,0,12,0,31,201.9429589966568,11.0,2,1.1855693309003654,1.1711309626950657,0,3,0.00054181146,0.9994582,2901.9429589966567,10.994040131568909,12093.4441447258,14995.387103722456,1.0,2
1,1,0,0,1,1,0,34,41.01169353384233,1.0,7,0.7055444458401798,0.6082267339020121,0,0,0.015536608,0.9844634,8241.011693533843,0.9844633936882019,1082.909733057022,9323.921426590865,0.0,3
0,1,1,1,1,1,0,30,339.56885035097173,1.0,7,0.0,0.0,0,0,0.0014218233,0.9985782,8539.568850350972,0.9985781908035278,1098.4360098838806,9638.004860234852,0.0,3
0,1,0,0,1,6,0,35,72.6233475238299,6.0,1,0.9648728369644708,0.9587060543317912,0,0,0.041425485,0.95857453,1672.6233475238298,5.7514472007751465,6326.591920852661,7999.215268376491,0.0,3
1,1,0,0,1,1,1,26,113.69594268606258,1.0,1,0.9560890916201892,0.7429828861532747,1,0,0.89563847,0.104361534,1713.6959426860626,0.10436153411865234,114.79768753051758,1828.4936302165802,0.0,3
1,1,1,1,1,6,1,32,110.83994341421322,6.0,1,2.656839025273788,2.6911756917197267,0,1,0.004758426,0.9952416,1710.8399434142132,5.971449494361877,6568.594443798065,8279.434387212279,0.0,1
0,0,0,0,0,1,0,29,141.50740588320127,1.0,1,0.0,0.0,1,3,0.9078298,0.09217018,1741.5074058832013,0.09217017889022827,101.3871967792511,1842.8946026624524,0.0,2
0,1,0,0,1,1,1,31,250.32118868398567,1.0,0,2.236675809616049,2.1107531690383263,1,2,0.1807208,0.8192792,750.3211886839856,0.8192791938781738,901.2071132659912,1651.5283019499768,0.0,0
1,1,0,0,1,1,0,35,316.0417226702501,1.0,8,3.0382332922604096,3.0198529987826395,0,2,0.0002563909,0.9997436,9616.04172267025,0.9997435808181763,1099.717938899994,10715.759661570244,0.0,0
0,1,1,0,1,1,0,26,91.19759898952351,1.0,3,0.9319233374666178,0.8892751885818962,0,0,0.3121513,0.6878487,3891.1975989895236,0.687848687171936,756.6335558891296,4647.831154878653,0.0,3
0,1,1,1,1,12,1,31,130.34791564661552,10.0,7,2.73037481812325,2.7645018567901265,0,1,7.111937e-05,0.9999289,8330.347915646615,9.99928891658783,10999.217808246613,19329.565723893225,2.0,1
1,1,0,0,1,6,0,28,112.92375123596896,6.0,2,2.794152995612709,2.7955153832578032,0,2,0.014920374,0.98507965,2812.923751235969,5.910477876663208,6501.525664329529,9314.449415565497,0.0,0
1,1,0,0,1,12,1,26,197.67022051750357,12.0,4,3.1602845707090963,3.2562584253566413,0,1,7.772325e-05,0.9999223,5097.670220517503,11.999067306518555,13198.97403717041,18296.644257687913,0.0,0
1,1,0,0,1,6,1,36,134.7506345149773,6.0,5,2.994210455366142,2.949120339459846,0,2,0.00022824669,0.9997718,6134.750634514978,5.99863064289093,6598.493707180023,12733.244341695001,0.0,0
1,1,0,0,1,1,1,32,234.08485400597365,1.0,3,3.060086054511,2.9349929260552137,0,2,0.014156526,0.9858435,4034.0848540059737,0.9858434796333313,1084.4278275966644,5118.512681602639,0.0,0
0,1,1,1,1,12,0,33,158.7568919483687,10.0,2,0.7666615055646873,0.7889203872835535,0,1,0.00061934674,0.99938065,2858.756891948369,9.99380648136139,10993.187129497528,13851.944021445897,2.0,1
1,1,1,1,1,12,1,30,351.3561734114405,12.0,5,1.700645065775254,1.7436772763816597,0,1,9.120349e-05,0.9999088,6351.356173411441,11.998905658721924,13198.796224594116,19550.152398005557,0.0,1
1,1,0,0,1,12,1,29,209.1380241203951,12.0,11,2.67149705158676,2.890702031205496,0,1,7.065995e-05,0.99992937,12809.138024120395,11.999152421951294,13199.067664146423,26008.20568826682,0.0,0
1,1,1,1,1,1,0,28,207.694332748018,1.0,0,2.334654381184206,2.0405746652433856,1,2,0.98970187,0.010298133,707.694332748018,0.01029813289642334,11.327946186065674,719.0222789340837,0.0,1
1,1,1,0,1,12,0,26,63.17050998979961,12.0,3,3.20900959682724,3.3484446249561115,0,1,0.00012558325,0.9998744,3863.1705099897995,11.998492956161499,13198.342251777649,17061.512761767448,0.0,0
0,1,0,0,1,1,0,24,118.5077668005434,1.0,1,1.24968960840371,0.5691734808709239,1,0,0.99615186,0.0038481355,1718.5077668005433,0.003848135471343994,4.2329490184783936,1722.7407158190217,0.0,3
1,1,0,0,1,12,1,35,255.2321785638156,12.0,6,1.21201353341757,1.4969779800342768,0,1,0.0001676195,0.9998324,7355.232178563816,11.9979887008667,13197.78757095337,20553.019749517185,0.0,0
0,1,1,1,1,6,1,33,11.99348778243183,6.0,1,4.2100839868812185,4.293216446552065,0,2,0.0005402144,0.9994598,1611.9934877824319,5.996758818626404,6596.434700489044,8208.428188271477,0.0,0
0,1,1,0,1,1,0,26,24.081862206046928,1.0,0,2.330229556827828,1.4405597944579336,1,0,0.9996605,0.00033950806,524.0818622060469,0.000339508056640625,0.3734588623046875,524.4553210683516,0.0,3
0,0,0,0,1,6,0,32,218.9318213308604,6.0,13,2.6140449852852248,2.687198751984821,0,2,0.00017562263,0.9998244,15018.93182133086,5.99894642829895,6598.841071128845,21617.772892459703,0.0,0
1,1,0,0,1,1,0,30,271.4860963537774,1.0,0,0.4565513256329548,0.0,1,0,0.9900455,0.009954512,771.4860963537774,0.009954512119293213,10.949963331222534,782.4360596849999,0.0,3
1,1,0,0,1,1,0,27,49.39287900705969,1.0,2,1.205260433295895,0.6945519955804805,1,0,0.99261826,0.007381737,2749.3928790070595,0.007381737232208252,8.119910955429077,2757.5127899624886,0.0,3
0,1,0,0,1,12,1,28,213.7632301179769,12.0,11,2.6664769706097613,2.6198916523063094,0,1,5.7141475e-05,0.99994284,12813.763230117976,11.999314069747925,13199.245476722717,26013.008706840694,0.0,0
0,1,0,0,1,1,0,32,45.04497771918898,1.0,2,0.90254431141853,0.8899928816241164,0,0,0.24244067,0.7575593,2745.044977719189,0.7575592994689941,833.3152294158936,3578.3602071350824,0.0,3
0,1,1,0,1,1,0,33,161.66118116055085,1.0,4,2.7128073349072768,2.4797979468321896,1,2,0.0019397887,0.9980602,5061.661181160551,0.9980602264404297,1097.8662490844727,6159.527430245023,0.0,0
0,1,0,0,1,6,0,31,46.97199025182829,4.0,2,1.2545434905046309,1.3128055864662218,1,0,0.042654883,0.9573451,2746.971990251828,3.829380512237549,4212.318563461304,6959.290553713132,2.0,3
0,1,1,1,1,12,0,31,259.26030778907244,11.0,1,0.849582346699125,0.8764143069610283,0,1,0.002065707,0.9979343,1859.2603077890724,10.977277100086212,12075.004810094833,13934.265117883906,1.0,1
1,1,0,0,1,6,0,30,126.52589320436871,6.0,5,3.6433396811302834,3.4933855433851564,0,2,0.00025886513,0.99974114,6126.525893204369,5.998446822166443,6598.291504383087,12724.817397587456,0.0,0
0,1,1,1,1,6,0,33,177.32579080327906,6.0,1,1.6514185182247647,1.741927362776722,0,1,0.0061935713,0.9938064,1777.325790803279,5.962838530540466,6559.122383594513,8336.448174397792,0.0,1
1,1,1,0,1,1,0,32,173.5833285523315,1.0,1,1.2722416700443877,0.6007550158425247,1,0,0.9253728,0.07462722,1773.5833285523315,0.07462722063064575,82.08994269371033,1855.6732712460418,0.0,3
0,0,1,0,1,1,0,35,47.746878947286966,1.0,1,1.4113716313553093,1.141037890011168,1,0,0.6743243,0.32567573,1647.7468789472869,0.32567572593688965,358.2432985305786,2005.9901774778655,0.0,3
0,0,1,0,0,1,1,26,464.0687491989788,1.0,4,3.3507512512932034,3.2593715781927948,0,3,0.00029486432,0.99970514,5364.068749198979,0.9997051358222961,1099.6756494045258,6463.744398603505,0.0,2
0,1,0,0,1,6,0,38,221.172794196716,6.0,4,2.637362102185503,2.6432708038068293,0,2,0.00065479643,0.9993452,5121.172794196716,5.996071100234985,6595.678210258484,11716.851004455199,0.0,0
1,0,1,0,1,1,0,33,144.9087805444967,1.0,5,2.204236439122884,2.097056181790607,0,2,0.0012870523,0.99871296,6144.908780544497,0.998712956905365,1098.5842525959015,7243.493033140398,0.0,0
1,0,1,0,1,1,0,32,5.722479279666629,1.0,9,2.2653313384255207,2.278672591010105,0,2,0.0020665554,0.99793345,10405.722479279666,0.9979334473609924,1097.7267920970917,11503.449271376758,0.0,0
1,1,1,0,1,12,1,33,16.493166944934934,12.0,4,1.718790466569314,1.853020418358924,0,1,0.00043925297,0.9995608,4916.493166944935,11.994729280471802,13194.202208518982,18110.695375463918,0.0,1
0,0,0,0,1,1,0,30,8.986540629612024,1.0,9,0.7344022649214996,0.0,1,0,0.9226808,0.077319205,10408.986540629612,0.0773192048072815,85.05112528800964,10494.037665917622,0.0,3
0,1,0,0,1,12,1,32,246.4703822943856,11.0,4,1.5806008854337243,1.5221662195019487,0,1,0.0004906829,0.99950933,5146.470382294386,10.994602680206299,12094.062948226929,17240.533330521313,1.0,0
1,1,0,0,1,1,0,28,66.90334130077211,1.0,5,2.5206754208666364,2.549357146080732,0,2,0.0018250698,0.9981749,6066.903341300772,0.9981749057769775,1097.9923963546753,7164.895737655447,0.0,0
1,1,1,0,0,12,0,28,368.4949689946848,11.0,9,1.5545747178328393,1.503945720003508,0,3,0.00018645443,0.99981356,10768.494968994684,10.997949123382568,12097.744035720825,22866.23900471551,1.0,2
0,0,1,0,1,12,1,28,25.61943301718059,11.0,4,2.813003669062276,2.809436334953422,0,1,0.00035050054,0.9996495,4925.61943301718,10.996144771575928,12095.75924873352,17021.3786817507,1.0,0
0,1,1,1,1,12,0,29,60.475036766282514,12.0,2,1.1838069090926815,1.3473584508934386,0,1,0.0012420169,0.99875796,2760.4750367662823,11.985095500946045,13183.60505104065,15944.080087806931,0.0,1
0,1,1,0,1,12,0,28,159.54438674955531,9.0,5,1.0638430430426946,1.107244941536728,0,1,0.00012385148,0.99987614,6159.544386749555,8.99888527393341,9898.773801326752,16058.318188076308,3.0,1
0,1,0,0,1,1,0,25,23.89402938192137,1.0,1,1.652452879366692,1.2368115598325096,1,0,0.994991,0.0050089955,1623.8940293819214,0.005008995532989502,5.509895086288452,1629.4039244682099,0.0,3
1,1,0,0,1,1,1,28,87.35241925398563,1.0,1,1.432621728361014,0.0,1,0,0.99969053,0.00030946732,1687.3524192539855,0.0003094673156738281,0.34041404724121094,1687.6928333012268,0.0,3
0,0,1,0,1,1,1,26,87.21669806482393,1.0,0,0.8586514374793546,0.8215665437930622,1,0,0.97264826,0.027351737,587.216698064824,0.027351737022399902,30.086910724639893,617.3036087894639,0.0,3
0,1,0,0,1,1,0,18,71.40408926819354,1.0,0,2.2553830251495874,1.1097293341505663,1,0,0.9998097,0.00019031763,571.4040892681935,0.00019031763076782227,0.2093493938446045,571.6134386620381,0.0,3
1,1,0,0,1,1,1,30,69.47113804619805,1.0,9,2.198064449105268,2.149540611621696,0,2,0.0010351435,0.99896485,10469.471138046198,0.9989648461341858,1098.8613307476044,11568.332468793802,0.0,0
1,1,1,1,0,12,0,32,195.72590796365824,12.0,5,1.5616750527398455,1.6202179841678743,0,3,9.5949865e-05,0.99990404,6195.725907963658,11.99884843826294,13198.733282089233,19394.45919005289,0.0,2
0,1,0,0,1,12,1,33,179.28395899904496,10.0,5,1.6853433931526631,1.69533518943785,0,1,6.5534405e-05,0.9999345,6179.283958999045,9.999344944953918,10999.27943944931,17178.563398448357,2.0,1
0,1,1,1,1,12,1,33,271.6397946173294,12.0,1,3.46600541821244,3.3411190892776226,0,1,0.000119341006,0.9998807,1871.6397946173295,11.998568058013916,13198.424863815308,15070.064658432637,0.0,1
1,1,1,1,1,6,1,31,70.61074398557135,6.0,1,0.5211562841027453,0.568742382668151,0,1,0.018797187,0.98120284,1670.6107439855714,5.887217044830322,6475.9387493133545,8146.549493298926,0.0,1
0,1,1,1,1,12,0,31,145.04029809995288,10.0,7,1.9821694187854269,2.042311257169924,0,1,0.00010393833,0.99989605,8345.040298099953,9.998960494995117,10998.856544494629,19343.896842594582,2.0,1
0,1,1,1,1,1,0,32,114.32133794592444,1.0,4,0.0818335935114742,0.1908438760747323,0,0,0.022301054,0.9776989,5014.321337945925,0.9776989221572876,1075.4688143730164,6089.790152318941,0.0,3
0,1,1,0,1,1,0,30,268.70920155123605,1.0,13,2.265575833105511,2.313351732755609,0,2,0.0008496054,0.9991504,15068.709201551235,0.9991503953933716,1099.0654349327087,16167.774636483944,0.0,0
0,0,1,0,1,1,0,21,61.50333009724754,1.0,1,0.6965846309485663,0.0,1,0,0.9990926,0.0009074211,1661.5033300972475,0.0009074211120605469,0.9981632232666016,1662.501493320514,0.0,3
0,1,1,0,1,6,0,34,148.68241588319478,6.0,2,0.0,0.0044478774945923,0,0,0.04403339,0.9559666,2848.6824158831946,5.735799551010132,6309.379506111145,9158.06192199434,0.0,3
1,1,1,0,0,1,1,27,101.45200235110045,1.0,0,2.260840010205191,0.8389879233324216,1,3,0.99972886,0.00027114153,601.4520023511004,0.00027114152908325195,0.29825568199157715,601.750258033092,0.0,2
1,1,1,1,1,1,0,31,82.58416176479749,1.0,8,2.053784181203536,1.9159621316439093,0,2,0.0033299145,0.99667007,9382.584161764797,0.9966700673103333,1096.3370740413666,10478.921235806163,0.0,1
0,1,1,0,1,12,1,29,109.3011786286408,12.0,0,2.8303898776306724,2.9862245108442496,0,1,0.06998585,0.93001413,609.3011786286409,11.16016960144043,12276.186561584473,12885.487740213113,0.0,0
0,1,0,0,1,6,0,35,166.56820423947997,6.0,3,0.7141129514789537,0.7393247649246556,0,0,0.00550247,0.99449754,3966.56820423948,5.96698522567749,6563.683748245239,10530.25195248472,0.0,3
1,0,1,1,1,1,0,30,11.871219441523971,1.0,5,2.0957350446680176,2.2415511610383314,0,2,0.006678696,0.9933213,6011.871219441524,0.9933212995529175,1092.6534295082092,7104.524648949733,0.0,1
0,1,0,0,0,1,0,38,89.755916185696,1.0,1,2.229831617815486,1.6534704207274769,1,3,0.89740884,0.10259116,1689.755916185696,0.10259115695953369,112.85027265548706,1802.606188841183,0.0,2
0,1,0,0,1,1,0,27,205.8991357645636,1.0,1,1.225120548622038,1.0176358712400422,1,0,0.8726242,0.12737578,1805.8991357645637,0.1273757815361023,140.11335968971252,1946.0124954542762,0.0,3
0,1,1,1,1,6,1,25,49.84457773808377,6.0,0,2.386860462098351,2.5132877868720107,1,1,0.7430748,0.25692523,549.8445777380838,1.5415513515472412,1695.7064867019653,2245.5510644400492,0.0,1
1,0,1,0,1,1,1,24,147.63727902465442,1.0,1,1.6716511549396655,0.564171730720641,1,0,0.99880815,0.0011918545,1747.6372790246544,0.001191854476928711,1.311039924621582,1748.948318949276,0.0,3
1,0,1,0,1,6,0,29,10.114007287014338,2.0,7,1.8153275527546773,1.8889811299974888,0,0,0.0016602245,0.9983398,8210.114007287015,1.9966795444488525,2196.347498893738,10406.461506180753,4.0,1
1,1,1,1,1,6,0,37,124.7367978807107,6.0,4,2.6173249783398336,2.663708076444263,0,1,0.0010999999,0.9989,5024.736797880711,5.993399977684021,6592.739975452423,11617.476773333134,0.0,1
1,1,1,1,1,6,0,37,229.2968682028564,6.0,3,2.392331866970627,2.6236190428873347,0,1,0.001056325,0.9989437,4029.2968682028563,5.993662118911743,6593.0283308029175,10622.325199005774,0.0,1
0,1,1,1,1,12,1,30,104.33377062295588,10.0,13,3.3207928414822963,3.3759619472478413,0,1,2.433672e-05,0.9999757,14904.333770622956,9.999756813049316,10999.732494354248,25904.066264977206,2.0,1
1,1,1,1,1,1,0,30,334.37441971490705,1.0,1,1.642802548397995,1.5255570768933504,0,0,0.09945537,0.90054464,1934.3744197149072,0.9005446434020996,990.5991077423096,2924.9735274572167,0.0,1
0,1,1,1,1,1,0,29,134.99627329963988,1.0,4,2.0615769466352125,2.091823826673312,0,2,0.012822554,0.98717743,5034.99627329964,0.9871774315834045,1085.895174741745,6120.891448041385,0.0,1
1,1,1,0,1,6,0,26,206.82408327930852,6.0,0,1.3152973210208607,0.5634160270746279,1,0,0.99820554,0.0017944574,706.8240832793085,0.010766744613647461,11.843419075012207,718.6675023543207,0.0,3
1,0,1,0,1,12,1,33,206.0613148899332,12.0,1,3.47535997653969,3.3459283230503387,0,1,0.0007403465,0.99925965,1806.061314889933,11.991115808486938,13190.227389335632,14996.288704225566,0.0,0
1,1,1,1,1,1,0,27,265.0530851562329,1.0,1,1.0068956297055318,0.0,1,0,0.9994159,0.0005841255,1865.053085156233,0.0005841255187988281,0.6425380706787109,1865.6956232269117,0.0,3
0,1,1,0,1,12,1,27,159.51678677088944,8.0,4,2.3926051616287136,2.432968300224703,0,1,0.0004074226,0.9995926,5059.51678677089,7.996740818023682,8796.41489982605,13855.93168659694,4.0,1
1,1,1,1,1,1,1,31,8.451491054816046,1.0,0,0.7897096380566991,0.2381226121202477,1,0,0.9962435,0.0037565231,508.4514910548161,0.0037565231323242188,4.132175445556641,512.5836665003727,0.0,3
0,1,0,0,1,1,1,31,167.97541919522024,1.0,0,2.5529647624690983,2.5075776291790266,0,2,0.25509134,0.7449087,667.9754191952202,0.7449086904525757,819.3995594978333,1487.3749786930534,0.0,0
1,1,0,0,1,1,1,24,347.67228960508737,1.0,2,2.687242300451524,2.6315759594597985,0,2,0.028418234,0.97158176,3047.6722896050874,0.971581757068634,1068.7399327754974,4116.412222380584,0.0,0
1,0,1,0,1,12,1,31,204.55235273420865,12.0,2,1.3169953221433133,1.3907016207149208,0,1,0.0036181684,0.9963818,2904.552352734209,11.956581830978394,13152.240014076233,16056.792366810441,0.0,1
1,1,0,0,1,1,0,28,93.15518358353972,1.0,1,1.603442961836968,1.3065889849138008,1,0,0.9177405,0.082259476,1693.1551835835398,0.08225947618484497,90.48542380332947,1783.6406073868693,0.0,3
1,0,1,0,1,1,0,29,38.91304582911368,1.0,1,0.4380969575507787,0.0,1,0,0.9958254,0.00417459,1638.9130458291136,0.004174590110778809,4.5920491218566895,1643.5050949509703,0.0,3
0,0,1,0,1,12,0,26,135.2518881980506,12.0,5,0.0,0.0,0,1,0.0031363682,0.9968636,6135.25188819805,11.962363243103027,13158.59956741333,19293.85145561138,0.0,3
0,1,0,0,1,1,0,30,25.35211056853969,1.0,6,1.789534742536026,0.8454130188373666,1,0,0.89982384,0.100176156,7125.3521105685395,0.10017615556716919,110.19377112388611,7235.545881692426,0.0,3
1,1,0,1,0,12,1,24,129.83334478773315,12.0,4,0.7250231017347564,0.7962141003758217,0,3,0.0009873747,0.99901265,5029.833344787733,11.988151788711548,13186.966967582703,18216.800312370437,0.0,2
0,0,0,0,1,1,0,27,5.06310536304926,1.0,1,2.0110365986658003,0.1542723998242934,1,0,0.9999609,3.9100647e-05,1605.0631053630493,3.910064697265625e-05,0.043010711669921875,1605.1061160747192,0.0,3
1,0,0,0,1,1,1,27,100.47890284802584,1.0,3,1.5765634942437765,1.312970857346401,1,0,0.75890815,0.24109185,3900.478902848026,0.24109184741973877,265.20103216171265,4165.679935009739,0.0,3
0,1,0,0,1,1,1,27,200.36637762785247,1.0,1,1.489931127451019,1.4165907973414484,0,0,0.56831133,0.43168867,1800.3663776278524,0.43168866634368896,474.85753297805786,2275.2239106059105,0.0,3
1,0,0,0,1,1,0,31,16.854517950254085,1.0,4,4.218271496229874,4.327700869403931,0,2,0.0014318812,0.9985681,4916.854517950254,0.9985681176185608,1098.4249293804169,6015.279447330671,0.0,0
1,1,0,0,1,1,1,30,234.7228768353965,1.0,9,1.9644696709855112,2.069929419038643,0,2,0.0005880015,0.999412,10634.722876835396,0.9994120001792908,1099.3532001972198,11734.076077032616,0.0,0
1,1,0,0,1,12,1,25,243.12811272093663,12.0,4,1.0216011813551449,0.9353245120914668,0,1,0.0009917094,0.9990083,5143.128112720937,11.988099575042725,13186.909532546997,18330.037645267934,0.0,3
0,0,0,0,1,1,0,30,80.32928832575759,1.0,6,2.5752456387404288,2.7978826328771484,0,2,0.0014237907,0.9985762,7180.329288325757,0.9985762238502502,1098.4338462352753,8278.763134561032,0.0,0
0,1,1,1,0,12,0,27,280.4896165596497,12.0,5,2.4460419480922764,2.603395576563814,0,3,0.00018441457,0.9998156,6280.489616559649,11.99778699874878,13197.565698623657,19478.05531518331,0.0,2
1,1,1,1,1,12,1,31,103.9747066196222,12.0,0,2.0718660149477195,2.0768793795481097,0,1,0.0145872515,0.9854128,603.9747066196222,11.824953317642212,13007.448649406433,13611.423356026055,0.0,1
1,1,1,1,1,1,1,31,238.4235935974492,1.0,3,1.228675822975506,1.3751773330405428,0,0,0.007526062,0.99247396,4038.4235935974493,0.9924739599227905,1091.7213559150696,5130.144949512519,0.0,1
0,1,1,0,1,6,0,27,228.2471864593847,6.0,2,2.95771676599584,2.85634199615994,0,2,0.011069571,0.9889304,2928.2471864593845,5.933582425117493,6526.940667629242,9455.187854088626,0.0,0
0,1,1,0,1,6,0,29,51.7796980551268,6.0,0,2.4423050733424145,2.4621335480803745,1,2,0.6616415,0.33835852,551.7796980551268,2.030151128768921,2233.166241645813,2784.9459397009396,0.0,0
1,1,0,0,1,12,1,30,185.11083662502048,12.0,4,1.7075869115721718,1.5265653400998025,0,1,0.0045662913,0.9954337,5085.11083662502,11.945204257965088,13139.724683761597,18224.835520386616,0.0,0
1,1,1,0,1,12,0,27,257.9986652381029,12.0,7,1.4519272556046832,1.5348931863908648,0,1,0.00022795593,0.9997721,8457.998665238103,11.997264862060547,13196.991348266602,21654.990013504706,0.0,1
1,1,0,0,1,12,0,32,221.3088236809673,9.0,7,2.3224930737477774,2.175394003021592,0,1,0.000105838226,0.99989414,8421.308823680967,8.99904727935791,9898.952007293701,18320.26083097467,3.0,0
0,1,0,0,1,6,1,30,54.6292203599181,6.0,13,1.5332563066807168,1.4247641782483305,0,2,0.0029927278,0.99700725,14854.629220359919,5.982043504714966,6580.247855186462,21434.87707554638,0.0,0
1,1,0,0,0,6,0,34,249.45797478588685,6.0,5,2.5458161439885685,2.5485988564025046,0,3,0.00040652428,0.9995935,6249.457974785887,5.997560977935791,6597.31707572937,12846.775050515258,0.0,2
0,1,1,0,1,6,1,29,325.7809389570398,6.0,2,0.1774816668625289,0.3064547776715729,0,0,0.0033351535,0.9966648,3025.78093895704,5.979988932609558,6577.987825870514,9603.768764827553,0.0,3
0,0,1,0,1,12,1,32,281.190434108026,12.0,3,2.79698825221234,2.864824477340234,0,1,0.0002848659,0.99971515,4081.1904341080262,11.996581792831421,13196.239972114563,17277.43040622259,0.0,0
1,0,1,0,1,6,0,29,37.1450463827162,6.0,5,2.4363154372482767,2.469653837704601,0,2,0.0016543342,0.9983457,6037.145046382716,5.990074038505554,6589.08144235611,12626.226488738826,0.0,0
1,1,1,1,1,1,0,27,58.747218643962185,1.0,2,1.0171205732509765,0.9756105715353138,1,0,0.870145,0.12985498,2758.7472186439622,0.1298549771308899,142.84047484397888,2901.587693487941,0.0,3
1,0,0,0,1,1,0,26,209.4848828578608,1.0,1,1.5672783020172083,1.2808399469647935,1,0,0.9102457,0.08975428,1809.4848828578608,0.08975428342819214,98.72971177101135,1908.2145946288722,0.0,3
0,1,0,0,1,6,1,22,153.16483565325044,6.0,3,2.0665844337370927,2.1167152930253192,0,0,0.02981102,0.970189,3953.1648356532505,5.821133852005005,6403.247237205505,10356.412072858755,0.0,3
0,1,1,1,1,1,0,31,350.79781890521417,1.0,2,2.172428929849969,2.2355881405283315,0,2,0.0045147277,0.99548525,3050.797818905214,0.995485246181488,1095.0337707996368,4145.831589704851,0.0,1
0,1,1,1,0,12,1,34,232.7044205182019,11.0,5,2.3786399465091725,2.637111487120662,0,3,0.00011581471,0.9998842,6232.704420518202,10.998726069927216,12098.598676919937,18331.30309743814,1.0,2
1,1,0,0,1,1,0,29,109.46831082481576,1.0,6,2.66837172880415,2.818220311714498,0,2,0.0013539386,0.9986461,7209.4683108248155,0.998646080493927,1098.5106885433197,8307.978999368135,0.0,0
1,1,1,1,1,1,0,34,153.9678076820654,1.0,1,4.016064950699229,3.846316286357459,0,2,0.0039205863,0.9960794,1753.9678076820653,0.9960793852806091,1095.68732380867,2849.6551314907356,0.0,0
0,1,1,1,1,1,0,29,124.24274051037412,1.0,4,0.9887970739011078,0.7741508177351791,0,0,0.0870183,0.9129817,5024.2427405103745,0.9129816889762878,1004.2798578739166,6028.522598384291,0.0,3
0,0,0,0,1,6,0,26,137.53325645278665,6.0,5,1.0444296292157529,1.0839241100813004,0,0,0.0022817457,0.9977183,6137.533256452787,5.98630964756012,6584.940612316132,12722.473868768919,0.0,3
0,0,0,0,1,1,0,28,180.6152930841129,1.0,1,2.6348938043265164,2.630594235650781,0,2,0.21517806,0.7848219,1780.6152930841129,0.7848219275474548,863.3041203022003,2643.919413386313,0.0,0
0,1,0,0,1,1,1,36,154.95164493947104,1.0,4,1.0387073678945664,1.092866874751345,0,0,0.0024731925,0.9975268,5054.951644939471,0.9975268244743347,1097.2795069217682,6152.23115186124,0.0,3
0,1,1,1,1,6,1,33,230.401346102602,5.0,1,1.819659306077752,1.7744579095158597,0,1,0.011765273,0.9882347,1830.401346102602,4.941173493862152,5435.290843248367,7265.69218935097,1.0,1
1,1,0,0,1,6,0,33,329.80337897166413,6.0,1,0.3348898331592158,0.3236021314101453,0,0,0.009817384,0.99018264,1929.8033789716642,5.94109582901001,6535.205411911011,8465.008790882675,0.0,3
1,1,0,0,1,1,1,27,195.21587596139184,1.0,1,2.896994986599464,2.955235656334145,0,2,0.19032106,0.8096789,1795.215875961392,0.8096789121627808,890.6468033790588,2685.862679340451,0.0,0
0,1,0,0,1,1,0,31,34.69161624542308,1.0,5,0.6226837735623285,0.5241980495753478,0,0,0.013314895,0.9866851,6034.691616245423,0.9866850972175598,1085.3536069393158,7120.0452231847385,0.0,3
1,1,1,0,1,6,1,34,275.425982501504,6.0,1,1.916781950771849,1.9462852965463096,0,1,0.0034501543,0.99654984,1875.425982501504,5.979299068450928,6577.2289752960205,8452.654957797524,0.0,0
1,1,0,0,1,1,0,29,223.6423094711912,1.0,7,2.91721181494394,2.9383370854129174,0,2,0.00091671234,0.9990833,8423.642309471192,0.9990832805633545,1098.99160861969,9522.633918090882,0.0,0
0,1,1,1,1,12,1,30,102.7008072359821,12.0,9,0.0,0.0067906227103982,0,1,0.00069731404,0.9993027,10502.700807235982,11.991632223129272,13190.7954454422,23693.496252678182,0.0,1
1,1,0,1,1,12,0,35,105.32290199314808,12.0,2,3.196830959751129,3.1386523386449308,0,1,8.778013e-05,0.9999122,2805.322901993148,11.99894642829895,13198.841071128845,16004.163973121993,0.0,0
1,1,0,0,1,1,1,35,373.9160065171904,1.0,0,1.0428812964162508,1.1419615874080804,0,0,0.014267496,0.9857325,873.9160065171905,0.9857324957847595,1084.3057453632355,1958.221751880426,0.0,3
0,1,1,1,0,6,1,29,138.0179644638296,6.0,2,0.0,0.0,0,3,0.031822916,0.9681771,2838.0179644638297,5.809062480926514,6389.968729019165,9227.986693482995,0.0,2
0,1,1,1,1,6,0,30,257.1629899232398,6.0,2,3.27603509773708,3.2951691280286086,0,1,0.00094531954,0.9990547,2957.16298992324,5.994328022003174,6593.760824203491,9550.92381412673,0.0,1
0,0,0,0,1,1,0,29,11.57367528072838,1.0,1,1.5525545769827225,0.8316568422774107,1,0,0.98920035,0.010799646,1611.5736752807284,0.010799646377563477,11.879611015319824,1623.4532862960482,0.0,3
1,1,1,0,0,6,0,29,192.6375047181771,6.0,4,1.3606495415621835,1.2658362677871258,0,3,0.0047462494,0.99525374,5092.637504718177,5.9715224504470825,6568.674695491791,11661.312200209968,0.0,2
0,0,1,0,1,6,0,28,173.6093595490136,6.0,1,0.7200974638663806,0.0615915036117126,1,0,0.9180662,0.0819338,1773.6093595490136,0.4916027784347534,540.7630562782288,2314.3724158272425,0.0,3
1,0,0,0,1,1,0,23,52.4402248776491,1.0,1,0.3210211735442185,0.0,1,0,0.9950718,0.0049281716,1652.4402248776491,0.004928171634674072,5.4209887981414795,1657.8612136757906,0.0,3
0,1,1,1,1,12,0,32,48.13170838768296,12.0,3,2.999601274699576,2.8801709774354416,0,1,0.0001622471,0.99983776,3848.131708387683,11.998053073883057,13197.858381271362,17045.990089659044,0.0,1
0,1,1,0,1,6,0,33,431.0616358566786,6.0,5,4.0052870531746265,4.119854924774223,0,2,6.194774e-05,0.9999381,6431.061635856679,5.99962842464447,6599.591267108917,13030.652902965596,0.0,0
1,1,0,0,1,1,1,32,250.28125390642955,1.0,5,2.805795990050925,2.6114374921282426,0,2,0.0025995255,0.99740046,6250.28125390643,0.9974004626274109,1097.140508890152,7347.421762796582,0.0,0
1,1,1,1,0,12,1,31,286.66697288143405,11.0,9,2.2254508362631737,2.0816977934402763,0,3,0.00029821112,0.9997018,10686.666972881434,10.996719777584076,12096.391755342484,22783.058728223918,1.0,2
1,1,1,0,1,1,1,34,170.2636937510836,1.0,4,3.7830560046903066,3.746069270377358,0,2,0.00047382675,0.9995262,5070.263693751083,0.9995262026786804,1099.4788229465485,6169.742516697632,0.0,0
0,1,1,0,1,12,0,32,488.7081749435304,12.0,2,1.073820590612076,1.0658854220697092,0,1,0.0014187625,0.99858123,3188.7081749435306,11.982974767684937,13181.27224445343,16369.980419396961,0.0,1
0,1,1,0,1,6,1,25,89.20827799246409,6.0,10,1.4301228748249455,1.5148360022393754,0,1,0.004377236,0.99562275,11589.208277992464,5.973736524581909,6571.1101770401,18160.318455032564,0.0,1
1,0,1,0,0,12,0,29,295.60378766339363,12.0,7,2.4310661944086904,2.5657402526983177,0,3,0.00013135356,0.99986863,8495.603787663393,11.99842357635498,13198.265933990479,21693.86972165387,0.0,2
0,1,1,1,1,6,0,30,302.1540280224865,4.0,1,2.5391062368903574,2.5657254097335698,0,1,0.004235797,0.9957642,1902.1540280224865,3.9830567836761475,4381.362462043762,6283.5164900662485,2.0,1
0,1,0,0,1,1,0,29,7.103332593320445,1.0,2,2.346186537695021,2.4272517368491022,0,2,0.049977716,0.9500223,2707.1033325933204,0.950022280216217,1045.0245082378387,3752.127840831159,0.0,0
1,1,0,0,1,1,0,38,248.9485082542008,1.0,7,2.680702216546289,2.5387908415367515,0,2,0.0010619861,0.998938,8448.948508254201,0.9989380240440369,1098.8318264484406,9547.780334702642,0.0,0
0,1,1,1,1,12,0,31,319.2921180656057,11.0,1,2.0741709812124767,2.0387089717048004,0,1,0.0015983104,0.9984017,1919.2921180656058,10.982418715953827,12080.66058754921,13999.952705614814,1.0,1
0,1,0,0,1,1,0,26,179.04945436441864,1.0,2,1.9983390039991256,1.5058147537486208,1,0,0.9552089,0.044791102,2879.0494543644186,0.04479110240936279,49.27021265029907,2928.3196670147177,0.0,3
0,1,0,0,1,1,0,25,96.34172922756298,1.0,4,1.2627581856870105,0.8224682181057131,1,0,0.8477563,0.15224367,4996.341729227563,0.15224367380142212,167.46804118156433,5163.809770409127,0.0,3
0,1,1,0,1,6,0,28,289.8127998634638,6.0,3,3.032752182835732,3.146944105383516,0,2,0.0042923554,0.99570763,4089.8127998634636,5.97424578666687,6571.670365333557,10661.48316519702,0.0,0
1,0,0,0,1,1,0,30,1.1049240231521438,1.0,3,1.995830136876389,1.8991316390666049,0,0,0.091934286,0.90806574,3801.1049240231523,0.9080657362937927,998.872309923172,4799.977233946324,0.0,3
1,1,1,1,1,6,1,28,31.32771462637393,6.0,4,3.9162401984700175,4.002908736949912,0,2,0.00061894784,0.99938107,4931.327714626374,5.996286392211914,6595.9150314331055,11527.242746059479,0.0,1
0,1,1,0,1,1,1,25,70.92976572872263,1.0,1,1.3354207466363408,0.0645658511975184,1,0,0.9993901,0.0006098747,1670.9297657287227,0.0006098747253417969,0.6708621978759766,1671.6006279265987,0.0,3
1,1,0,0,1,1,0,27,307.4093453841249,1.0,1,0.776799910266328,0.9467254717551752,1,0,0.7939219,0.20607811,1907.409345384125,0.20607811212539673,226.6859233379364,2134.0952687220615,0.0,3
1,0,1,0,1,1,0,30,178.78232599904794,1.0,4,2.1787419224613847,2.125642812771538,0,2,0.007027889,0.99297214,5078.782325999048,0.9929721355438232,1092.2693490982056,6171.051675097254,0.0,3
1,1,0,0,1,1,1,29,94.82542641645796,1.0,1,2.2514064588407146,2.341763356645451,0,2,0.2969299,0.7030701,1694.825426416458,0.7030701041221619,773.377114534378,2468.202540950836,0.0,0
1,1,1,1,1,12,0,29,223.87910772488615,11.0,5,2.726861828208775,2.781323154412995,0,1,0.00012979125,0.9998702,6223.879107724886,10.998571991920471,12098.429191112518,18322.308298837404,1.0,1
0,1,1,1,1,1,1,29,180.5372192757769,1.0,12,1.1485568078539004,1.2246061201122251,0,0,0.0002851825,0.9997148,13880.537219275777,0.9997147917747498,1099.6862709522247,14980.223490228002,0.0,1
0,0,0,0,1,1,0,32,93.01420598572456,1.0,4,1.2490326892237495,1.0000305519446169,0,0,0.082939476,0.9170605,4993.014205985724,0.9170604944229126,1008.7665438652039,6001.780749850928,0.0,3
0,0,1,0,1,1,0,24,26.70998808886806,1.0,0,1.7092100872787628,1.478772881116264,1,0,0.9983998,0.0016002059,526.709988088868,0.0016002058982849121,1.7602264881134033,528.4702145769814,0.0,3
1,1,0,0,1,6,1,29,228.68594044026,6.0,0,1.5591629704321377,1.60190952789039,0,0,0.16060312,0.8393969,728.68594044026,5.036381363868713,5540.019500255585,6268.705440695845,0.0,3
1,1,0,0,1,1,0,29,98.67198623526612,1.0,15,1.2420049184743465,1.1860022888760249,0,0,0.0036533407,0.99634665,17098.671986235266,0.996346652507782,1095.9813177585602,18194.653303993826,0.0,3
1,1,1,0,1,12,0,27,236.63233924104577,12.0,0,2.9656816490228315,2.9715322859413886,0,1,0.089697875,0.9103021,736.6323392410458,10.923625230789185,12015.987753868103,12752.620093109148,0.0,0
1,1,0,0,0,1,0,27,57.485910225070846,1.0,1,1.6041311906429283,1.0334012853501946,1,3,0.9942163,0.005783677,1657.485910225071,0.005783677101135254,6.362044811248779,1663.8479550363197,0.0,2
1,1,1,1,1,12,0,24,311.3521954849955,11.0,13,3.018005793526477,2.9347054417581733,0,1,0.00015456148,0.99984545,15111.352195484995,10.998299896717072,12098.129886388779,27209.48208187377,1.0,1
0,0,0,0,1,12,0,26,208.131792308634,12.0,2,0.6258522454791888,0.0872781945500406,1,0,0.016176715,0.9838233,2908.131792308634,11.805879592895508,12986.467552185059,15894.599344493692,0.0,3
0,1,0,0,1,1,1,32,124.3176105978982,1.0,2,1.6092122188899802,1.4681456349959432,0,0,0.07967682,0.9203232,2824.3176105978982,0.9203231930732727,1012.3555123806,3836.673122978498,0.0,3
1,1,1,0,1,1,0,33,267.0834261514069,1.0,4,1.930005169123865,2.0442780416324533,0,2,0.0024609647,0.99753904,5167.0834261514065,0.9975390434265137,1097.292947769165,6264.3763739205715,0.0,0
0,0,0,0,0,1,0,24,199.4616137320715,1.0,0,0.0,0.0,1,3,0.9740685,0.025931478,699.4616137320716,0.025931477546691895,28.524625301361084,727.9862390334326,0.0,2
1,1,0,0,1,1,1,33,29.741681326631262,1.0,1,2.40785985692727,1.575433318878048,1,2,0.9884417,0.011558294,1629.7416813266314,0.011558294296264648,12.714123725891113,1642.4558050525225,0.0,0
0,1,0,0,1,1,0,22,64.13694399723272,1.0,0,1.33951312243907,1.1166726789970132,1,0,0.9942312,0.005768776,564.1369439972327,0.005768775939941406,6.345653533935547,570.4825975311683,0.0,3
1,1,1,1,0,1,1,33,235.5635937032917,1.0,8,2.7821525577172608,2.7031861130291444,0,3,0.001437004,0.998563,9535.563593703291,0.9985629916191101,1098.4192907810211,10633.982884484312,0.0,2
0,1,0,0,0,12,1,35,131.79627904766463,8.0,11,4.79377998005503,4.729706079023747,0,3,4.6435103e-05,0.99995357,12731.796279047665,7.99962854385376,8799.591398239136,21531.387677286803,4.0,0
1,1,1,0,1,1,0,32,101.18797198883078,1.0,5,1.837829907580752,1.8043719718197009,0,2,0.004057655,0.99594235,6101.187971988831,0.9959423542022705,1095.5365896224976,7196.724561611329,0.0,3
0,1,0,0,1,1,0,29,110.69864985346842,1.0,11,2.8015373951351124,2.6541362171195737,0,2,0.0028712023,0.9971288,12710.698649853468,0.9971287846565247,1096.8416631221771,13807.540312975645,0.0,0
1,1,1,0,1,12,0,27,230.0708812621233,10.0,3,0.1447331206082611,0.0533547632423859,0,1,0.0038036592,0.9961963,4030.0708812621233,9.961963295936584,10958.159625530243,14988.230506792366,2.0,3
1,1,0,0,1,6,0,30,118.78244080895892,6.0,0,1.9319680852698176,2.085986801576813,0,2,0.117357776,0.8826422,618.7824408089589,5.29585325717926,5825.438582897186,6444.221023706145,0.0,3
1,1,0,0,1,1,0,30,26.24817233015464,1.0,0,2.1354837829691395,1.8445647852104272,1,0,0.8547526,0.1452474,526.2481723301546,0.14524739980697632,159.77213978767395,686.0203121178286,0.0,3
1,1,0,0,1,1,0,27,35.229832876578804,1.0,1,2.8539735293779915,2.821569672180911,0,2,0.31161055,0.6883894,1635.2298328765787,0.6883894205093384,757.2283625602722,2392.458195436851,0.0,0
0,1,1,1,1,1,0,32,248.84289215549708,1.0,3,3.1577909845105423,3.163908941582774,0,2,0.0021360484,0.99786395,4048.842892155497,0.9978639483451843,1097.6503431797028,5146.4932353352,0.0,1
0,1,1,1,0,12,0,31,378.6187926752971,10.0,5,3.0939984571527948,3.1686399303905137,0,3,7.253656e-05,0.99992746,6378.618792675297,9.999274611473083,10999.202072620392,17377.82086529569,2.0,2
1,1,0,0,1,1,0,32,213.3224561475745,1.0,12,1.8342102800354083,1.7758646688090178,0,2,0.0026553872,0.9973446,13913.322456147574,0.9973446130752563,1097.079074382782,15010.401530530356,0.0,0
0,1,0,0,1,1,0,34,58.40813616814825,1.0,4,2.3154284089836805,2.2142839133050933,0,2,0.0033400182,0.99666,4958.408136168148,0.9966599941253662,1096.3259935379028,6054.734129706051,0.0,0
1,1,0,0,1,1,0,24,101.94383794052952,1.0,2,0.2927043199092649,0.0,1,0,0.9798436,0.020156384,2801.9438379405296,0.020156383514404297,22.172021865844727,2824.1158598063744,0.0,3
1,1,0,0,1,1,0,24,92.828875225227,1.0,1,1.5960615834113727,1.7980165484302613,1,0,0.9256883,0.07431167,1692.828875225227,0.07431167364120483,81.74284100532532,1774.5717162305523,0.0,3
0,0,1,1,1,1,0,31,224.45691131368503,1.0,1,0.8870090757002529,0.7479674309620685,0,0,0.22024591,0.7797541,1824.456911313685,0.779754102230072,857.7295124530792,2682.186423766764,0.0,3
1,1,0,0,1,6,0,28,22.1976115650466,6.0,2,1.2114290491831108,1.6600909446645886,1,0,0.64291865,0.35708135,2722.197611565047,2.142488121986389,2356.736934185028,5078.934545750075,0.0,3
1,1,1,0,1,1,0,27,162.813871297363,1.0,2,1.040658011283356,0.736265158509497,1,0,0.9190654,0.080934584,2862.813871297363,0.08093458414077759,89.02804255485535,2951.8419138522186,0.0,3
1,1,0,1,1,1,1,29,21.339687705005915,1.0,2,1.8189706622749409,1.3836628923401482,1,0,0.82436955,0.17563045,2721.339687705006,0.17563045024871826,193.1934952735901,2914.533182978596,0.0,3
0,1,0,0,1,12,1,35,165.99660787343774,11.0,6,2.4680441010027807,2.422942865337538,0,1,6.225284e-05,0.9999378,7265.996607873438,10.9993155002594,12099.24705028534,19365.243658158775,1.0,0
0,1,0,0,1,1,0,27,50.04491032947175,1.0,0,2.73857909351254,2.7720051136689663,0,2,0.45060188,0.5493981,550.0449103294718,0.5493981242179871,604.3379366397858,1154.3828469692576,0.0,0
1,1,1,1,1,12,1,26,72.54980035210987,12.0,9,1.6829171717958418,1.6396549635472413,0,1,0.00015114942,0.99984884,10472.54980035211,11.998186111450195,13198.004722595215,23670.554522947325,0.0,1
1,1,1,1,1,12,1,31,8.266698903426388,12.0,1,3.13932639068536,3.023193675113093,0,1,0.015351035,0.98464894,1608.2666989034265,11.815787315368652,12997.366046905518,14605.632745808944,0.0,1
1,0,0,0,1,1,0,29,125.67847456488693,1.0,1,1.4997785138952826,1.1982086551720117,1,0,0.9204484,0.07955158,1725.678474564887,0.0795515775680542,87.50673532485962,1813.1852098897466,0.0,3
0,1,1,1,1,6,1,31,69.00141998143971,6.0,3,2.2048593528768823,2.2059074792820152,0,1,0.0019585926,0.9980414,3869.0014199814395,5.988248348236084,6587.073183059692,10456.074603041132,0.0,1
1,1,0,0,1,1,0,32,55.95104603388661,1.0,3,0.8832474953933412,0.2153024047924675,1,0,0.9525033,0.047496676,3855.9510460338865,0.047496676445007324,52.24634408950806,3908.1973901233946,0.0,3
0,1,0,0,1,1,0,26,58.21169995052708,1.0,0,0.0,0.4045514491730148,1,0,0.9740496,0.025950372,558.2116999505271,0.025950372219085693,28.545409440994263,586.7571093915213,0.0,3
0,1,0,0,1,1,1,27,142.55073391255368,1.0,12,1.1639287079570262,1.2666478881028431,0,0,0.0015349004,0.9984651,13842.550733912554,0.9984651207923889,1098.3116328716278,14940.862366784182,0.0,3
0,1,1,1,1,1,0,27,215.15298316867413,1.0,1,3.410351242685861,3.418540443404144,0,2,0.012025233,0.98797476,1815.1529831686742,0.9879747629165649,1086.7722392082214,2901.9252223768954,0.0,0
0,1,0,0,0,1,1,27,119.98887046029851,1.0,0,1.8721816478565425,1.9071964706189624,1,3,0.91415817,0.085841835,619.9888704602985,0.0858418345451355,94.42601799964905,714.4148884599475,0.0,2
0,1,1,0,1,1,1,28,47.45405074759345,1.0,2,0.7526287475394029,0.6604808089616234,1,0,0.6820822,0.31791782,2747.4540507475936,0.3179178237915039,349.7096061706543,3097.163656918248,0.0,3
1,1,0,0,0,12,1,27,91.841060010592,12.0,1,2.162513055701025,2.1770300314335964,0,3,0.050145965,0.949854,1691.841060010592,11.398248195648193,12538.073015213013,14229.914075223605,0.0,2
0,0,1,0,0,1,0,29,20.34780049025437,1.0,6,1.8249217643576647,1.8313606746092823,0,3,0.0151278,0.9848722,7120.3478004902545,0.9848722219467163,1083.359444141388,8203.707244631642,0.0,2
0,0,1,0,1,1,0,18,28.7346928564267,1.0,2,0.7232026365243692,0.0,1,0,0.9988387,0.0011612773,2728.7346928564266,0.0011612772941589355,1.277405023574829,2730.0120978800014,0.0,3
1,1,1,1,1,12,1,33,274.32697343979663,11.0,3,1.5971095122924703,1.5283354232787354,0,1,0.00063383905,0.99936616,4074.326973439797,10.993027806282043,12092.330586910248,16166.657560350044,1.0,1
0,1,1,1,1,6,1,31,255.1175433309209,6.0,3,2.6875752930879453,2.6381828414609143,0,1,0.003605194,0.9963948,4055.117543330921,5.978368878364563,6576.205766201019,10631.323309531941,0.0,1
1,1,1,0,1,1,0,29,4.256390294472851,1.0,1,1.7378203727591648,0.316507104974594,1,0,0.99982387,0.00017613173,1604.2563902944728,0.0001761317253112793,0.19374489784240723,1604.4501351923152,0.0,3
1,1,0,0,1,1,1,32,405.8441405796576,1.0,1,3.1782838929007053,3.2220571662814708,0,2,0.0013956027,0.9986044,2005.8441405796575,0.998604416847229,1098.464858531952,3104.3089991116094,0.0,0
1,1,1,0,0,1,0,30,105.18979344423644,1.0,3,1.7083030030814474,1.7409064631213425,0,3,0.081202336,0.9187977,3905.1897934442363,0.9187976717948914,1010.6774389743805,4915.867232418617,0.0,2
1,1,0,0,0,1,0,25,62.3064447312261,1.0,0,2.1315318202990845,2.10923635025396,1,3,0.98948,0.010519981,562.3064447312261,0.010519981384277344,11.571979522705078,573.8784242539311,0.0,2
1,1,1,1,1,12,0,32,160.8226506598379,12.0,6,0.6618638278027431,0.6005272397726666,0,1,0.00010405405,0.99989593,7260.822650659838,11.998751163482666,13198.626279830933,20459.44893049077,0.0,1
0,1,1,1,1,12,1,33,213.21370162175808,12.0,11,1.912690416496751,1.6929233194536824,0,1,0.0007084568,0.99929154,12813.213701621758,11.991498470306396,13190.648317337036,26003.862018958796,0.0,1
1,0,0,0,1,1,0,28,165.688580075584,1.0,3,2.166936373843324,1.6488681102042793,1,0,0.67346114,0.32653886,3965.688580075584,0.3265388607978821,359.1927468776703,4324.881326953255,0.0,3
1,1,0,0,1,6,1,29,83.6579608158755,6.0,7,0.890786190468422,1.007506411583048,0,0,0.0030574957,0.9969425,8283.657960815875,5.981655120849609,6579.82063293457,14863.478593750446,0.0,3
1,1,0,0,1,1,1,29,98.0728031121458,1.0,1,1.1863641789077524,0.5391427822963605,1,0,0.99131495,0.008685052,1698.0728031121457,0.008685052394866943,9.553557634353638,1707.6263607464994,0.0,3
1,1,1,0,1,6,1,27,262.7623568881395,2.0,5,1.711690312808836,1.7363388071066563,0,2,0.001748275,0.99825174,6262.762356888139,1.996503472328186,2196.1538195610046,8458.916176449144,4.0,1
1,1,0,0,1,12,1,26,251.69534165157268,12.0,2,3.0320798911304867,3.01695127549859,0,1,0.0016012372,0.9983988,2951.6953416515726,11.980785369873047,13178.863906860352,16130.559248511923,0.0,0
1,1,0,1,1,1,1,25,50.19541144228302,1.0,1,1.8114820869482573,0.9106553197926224,1,0,0.99786735,0.0021326542,1650.195411442283,0.0021326541900634766,2.345919609069824,1652.541331051353,0.0,3
0,1,0,0,1,1,0,30,320.4764546324312,1.0,5,1.7021857848817514,1.6570738758153565,0,2,0.0006985511,0.99930143,6320.476454632431,0.9993014335632324,1099.2315769195557,7419.708031551987,0.0,3
1,1,1,1,1,1,1,27,147.75864871399506,1.0,0,1.973240754387164,1.3864689647952604,1,0,0.9945334,0.0054665804,647.7586487139951,0.005466580390930176,6.013238430023193,653.7718871440183,0.0,1
1,1,1,0,1,12,0,30,332.77645030996075,12.0,1,0.9153574366827985,0.8532823848631869,0,1,0.009252579,0.9907474,1932.7764503099606,11.888968706130981,13077.86557674408,15010.64202705404,0.0,1
1,1,1,0,1,1,0,28,351.60657255163767,1.0,5,0.6653238713473502,0.7819915095661535,0,0,0.00085822324,0.99914175,6351.606572551637,0.9991417527198792,1099.055927991867,7450.662500543504,0.0,3
1,1,0,0,1,1,1,27,203.1344079344667,1.0,5,2.587600329584273,2.641097503184392,0,2,0.0031916045,0.9968084,6203.134407934467,0.9968084096908569,1096.4892506599426,7299.62365859441,0.0,0
1,1,0,1,1,1,0,31,123.63491565645748,1.0,4,2.538651837425068,2.689607505909977,0,2,0.0052392217,0.99476075,5023.634915656457,0.9947607517242432,1094.2368268966675,6117.871742553125,0.0,0
1,1,1,1,1,1,0,28,47.12814625534495,1.0,1,1.718573381648401,1.4632068077604037,1,0,0.91565776,0.08434224,1647.128146255345,0.08434224128723145,92.77646541595459,1739.9046116712996,0.0,1
1,1,1,0,1,12,1,31,68.75684461024284,8.0,4,0.6615838477958784,0.5473950577661568,0,1,0.0036927494,0.99630725,4968.756844610243,7.970458030700684,8767.503833770752,13736.260678380995,4.0,1
1,1,1,0,1,6,1,28,25.22721716371293,4.0,10,1.903706146838536,1.7256752290183766,0,2,0.0042648735,0.9957351,11525.227217163712,3.982940435409546,4381.2344789505005,15906.461696114213,2.0,1
1,0,1,0,1,1,1,30,168.61869638019078,1.0,1,0.8229654375545029,1.2724834562311482,1,0,0.7158077,0.28419232,1768.6186963801908,0.2841923236846924,312.6115560531616,2081.2302524333527,0.0,3
1,1,1,0,0,6,0,28,91.70317447452562,6.0,0,2.545585455155357,2.162581766912956,1,3,0.9826888,0.017311215,591.7031744745257,0.1038672924041748,114.25402164459229,705.957196119118,0.0,2
1,1,1,1,1,12,0,32,242.04098701994232,11.0,0,3.1425185876015176,3.05746517729486,0,1,0.026270159,0.97372985,742.0409870199423,10.711028337478638,11782.131171226501,12524.172158246443,1.0,1
0,1,1,0,1,12,0,32,265.5147660688039,12.0,8,2.9722694873698514,2.9815899375844066,0,1,6.8893554e-05,0.9999311,9565.514766068804,11.999173164367676,13199.090480804443,22764.605246873245,0.0,0
1,1,0,0,1,1,0,26,103.7244127518117,1.0,1,0.6840733621343973,0.0,1,0,0.9989084,0.0010915995,1703.7244127518118,0.001091599464416504,1.2007594108581543,1704.92517216267,0.0,3
1,1,1,1,1,6,0,35,105.05721562274056,6.0,7,1.6680724599216847,1.6650727470438391,0,1,0.00075291545,0.9992471,8305.05721562274,5.995482444763184,6595.030689239502,14900.087904862243,0.0,1
0,1,0,0,0,1,0,27,10.78233283767714,1.0,0,2.0839846581792303,2.0781894848910434,0,3,0.9757759,0.024224102,510.78233283767713,0.02422410249710083,26.646512746810913,537.428845584488,0.0,2
0,1,0,0,1,1,1,31,16.314205335654542,1.0,1,1.2881711586806182,1.0875966282689942,0,0,0.38527378,0.6147262,1616.3142053356546,0.614726185798645,676.1988043785095,2292.513009714164,0.0,3
1,1,1,0,1,6,1,29,94.68663209511934,5.0,2,2.8162235713290382,2.705200011730342,0,2,0.009908537,0.99009144,2794.6866320951194,4.950457215309143,5445.502936840057,8240.189568935177,1.0,0
1,0,1,0,1,1,0,26,75.80322779393867,1.0,1,1.45738990381119,1.5402689381573382,1,0,0.8722485,0.12775153,1675.8032277939387,0.12775152921676636,140.526682138443,1816.3299099323817,0.0,3
0,1,0,0,0,1,1,33,50.26914188288075,1.0,1,1.1289120529026722,0.9997327886228244,0,3,0.15098557,0.8490144,1650.2691418828808,0.849014401435852,933.9158415794373,2584.184983462318,0.0,2
0,1,0,0,0,1,0,31,107.43784539966823,1.0,1,4.0311922323814615,3.950288905240032,0,3,0.013455015,0.98654497,1707.4378453996683,0.9865449666976929,1085.1994633674622,2792.6373087671304,0.0,2
1,1,1,1,1,1,0,30,116.43402516871735,1.0,8,4.261914503806166,4.40213272989334,0,2,0.00064509694,0.9993549,9416.434025168717,0.999354898929596,1099.2903888225555,10515.724413991273,0.0,0
0,1,0,0,1,1,0,30,192.6911041431129,1.0,2,0.6930152179383011,0.8165011713692303,0,0,0.19532782,0.8046722,2892.691104143113,0.8046721816062927,885.139399766922,3777.830503910035,0.0,3
0,0,0,0,1,6,0,26,105.7916373034906,3.0,6,1.8915934961559016,2.013243810312465,0,0,0.0030463517,0.99695367,7205.7916373034905,2.9908609986305237,3289.947098493576,10495.738735797066,3.0,3
1,1,1,0,1,6,0,32,256.5522985282072,6.0,4,1.0924840559289388,1.1052167823144228,0,1,0.0022511135,0.9977489,5156.552298528207,5.986493468284607,6585.142815113068,11741.695113641275,0.0,3
1,1,1,0,1,1,1,30,106.69223346670636,1.0,1,1.6568648866615563,1.7141556222219705,0,0,0.23711556,0.76288444,1706.6922334667063,0.7628844380378723,839.1728818416595,2545.8651153083656,0.0,3
1,1,1,0,1,1,0,28,96.3704202230693,1.0,2,0.0780588715610042,0.0,1,0,0.9645422,0.03545779,2796.3704202230692,0.0354577898979187,39.00356888771057,2835.37398911078,0.0,3
0,1,1,1,1,1,0,24,92.96148987100658,1.0,0,1.7237312901323645,0.5146101188146686,1,0,0.99990606,9.393692e-05,592.9614898710066,9.393692016601562e-05,0.10333061218261719,593.0648204831892,0.0,3
0,1,0,0,0,1,0,25,5.076974492930519,1.0,0,1.4988993668738249,1.4812449815765942,1,3,0.9967384,0.0032616258,505.0769744929305,0.0032616257667541504,3.5877883434295654,508.66476283636007,0.0,2
1,1,0,0,1,1,0,30,69.47434640294854,1.0,2,0.4492687701214628,0.3735096266089256,0,0,0.13755636,0.8624436,2769.4743464029484,0.8624436259269714,948.6879885196686,3718.162334922617,0.0,3
0,1,0,0,1,1,1,28,203.7103787173457,1.0,0,1.476274360410963,1.48300023316845,1,0,0.8923003,0.10769969,703.7103787173457,0.1076996922492981,118.4696614742279,822.1800401915737,0.0,3
1,1,0,1,0,12,1,36,117.4459820275226,12.0,2,2.4398962994948548,2.3239583992673287,0,3,0.0002722932,0.9997277,2817.4459820275224,11.996732711791992,13196.405982971191,16013.851964998714,0.0,2
1,0,1,0,1,1,0,29,31.69075005421304,1.0,3,2.7323762837124064,2.618269415594835,0,2,0.0814013,0.9185987,3831.690750054213,0.9185987114906311,1010.4585826396942,4842.149332693907,0.0,0
1,1,0,0,0,1,1,32,76.83875499653651,1.0,0,1.750247887736792,1.3613347368668611,1,3,0.8830964,0.1169036,576.8387549965365,0.11690360307693481,128.5939633846283,705.4327183811648,0.0,2
1,1,0,0,1,1,1,35,177.9937141380842,1.0,1,2.0629546699892223,1.9828843694172549,0,2,0.038902774,0.96109724,1777.9937141380842,0.961097240447998,1057.2069644927979,2835.200678630882,0.0,0
0,1,0,0,1,1,0,25,102.44735205826244,1.0,0,2.22580530965525,1.2689175007705018,1,0,0.9996623,0.00033771992,602.4473520582625,0.0003377199172973633,0.3714919090270996,602.8188439672896,0.0,3
1,1,1,1,1,12,0,25,9.054828242223692,9.0,3,1.0600144242876604,1.0048360357612391,0,1,0.02064849,0.9793515,3809.0548282422237,8.81416368484497,9695.580053329468,13504.634881571692,3.0,1
0,1,1,1,1,6,1,29,113.6285804383454,6.0,2,6.02366847599591,6.146782880452392,0,2,0.00032704725,0.99967295,2813.6285804383456,5.998037695884705,6597.841465473175,9411.470045911521,0.0,0
1,1,0,0,1,1,0,25,126.82386105896065,1.0,0,1.133005985396777,0.4324778064382148,1,0,0.9985102,0.0014898181,626.8238610589607,0.0014898180961608887,1.6387999057769775,628.4626609647377,0.0,3
1,1,1,1,1,1,1,29,342.0612264991587,1.0,8,2.6183628382512456,2.505065472365221,0,2,0.00045134977,0.9995487,9642.061226499158,0.9995486736297607,1099.5035409927368,10741.564767491895,0.0,1
1,0,1,0,1,6,0,29,369.0595748295572,6.0,3,1.6810793257533827,1.6882940022820083,0,0,0.0020938772,0.99790615,4169.059574829557,5.987436890602112,6586.180579662323,10755.24015449188,0.0,3
1,1,1,0,1,6,0,29,231.4883615146809,5.0,5,1.6449605421355131,1.7752734316978918,0,1,0.0014384427,0.99856156,6231.488361514681,4.9928078055381775,5492.088586091995,11723.576947606676,1.0,1
1,1,1,1,1,6,1,27,0.1482047884566242,6.0,0,0.2602008278592247,0.0,1,0,0.9868428,0.013157189,500.1482047884566,0.07894313335418701,86.83744668960571,586.9856514780623,0.0,3
0,1,0,0,1,1,1,30,82.487277219383,1.0,9,2.788254603076231,3.0049955493127034,0,2,0.00049745454,0.99950254,10482.487277219383,0.9995025396347046,1099.452793598175,11581.940070817558,0.0,0
0,1,0,0,1,1,1,31,279.19318226962145,1.0,3,0.9403437660383548,0.8384499403967942,0,0,0.044163752,0.95583624,4079.1931822696215,0.9558362364768982,1051.419860124588,5130.6130423942095,0.0,3
1,1,1,1,1,6,0,29,161.44137270782485,6.0,0,0.6633718962055752,0.4465427243734493,0,0,0.33326414,0.6667359,661.4413727078248,4.000415325164795,4400.456857681274,5061.898230389099,0.0,1
1,1,1,0,1,1,0,31,217.5776574811929,1.0,3,1.141421164245605,1.0829924094582828,0,0,0.049207,0.950793,4017.577657481193,0.9507930278778076,1045.8723306655884,5063.449988146782,0.0,3
0,1,1,1,1,6,1,29,301.9074849970716,6.0,5,1.0250293339483851,1.1100483254963032,0,1,0.0011439697,0.998856,6301.907484997071,5.993136048316956,6592.449653148651,12894.357138145722,0.0,1
1,1,0,0,0,12,1,35,214.4502620575753,12.0,13,0.5693924956327407,0.5747016895513426,0,3,0.000109084605,0.9998909,15014.450262057575,11.998691082000732,13198.560190200806,28213.01045225838,0.0,2
1,1,1,1,1,1,0,28,61.93894213192839,1.0,4,0.7084832021293583,0.0605090453089752,1,0,0.925539,0.07446098,4961.938942131928,0.07446098327636719,81.9070816040039,5043.846023735932,0.0,3
1,1,0,0,1,1,1,20,155.59750612067876,1.0,0,2.150481316524738,1.864234974678805,1,0,0.98207504,0.017924964,655.5975061206788,0.017924964427947998,19.717460870742798,675.3149669914216,0.0,3
0,1,1,0,1,12,1,33,147.134116653729,12.0,7,0.9316603978334628,0.8160073955555031,0,1,0.00017433643,0.99982566,8347.13411665373,11.997907876968384,13197.698664665222,21544.832781318953,0.0,1
0,1,0,0,1,6,0,30,372.46011736602617,5.0,7,2.058566095066207,2.240843422795246,0,2,8.833307e-05,0.99991167,8572.460117366027,4.999558329582214,5499.514162540436,14071.974279906462,1.0,0
1,1,0,0,1,12,0,34,244.0637353105674,8.0,3,2.5582206309965843,2.4648632787454985,0,1,0.00082594465,0.99917406,4044.0637353105676,7.993392467498779,8792.731714248657,12836.795449559224,4.0,0
1,1,0,0,1,1,1,34,302.7173195878199,1.0,5,0.8100370610583821,0.7624665910407968,0,0,0.0025275382,0.99747247,6302.7173195878195,0.9974724650382996,1097.2197115421295,7399.937031129949,0.0,3
0,0,0,0,1,1,0,36,58.63401423119765,1.0,2,1.974636615637201,2.043980764994937,0,2,0.029538933,0.9704611,2758.634014231198,0.9704610705375671,1067.5071775913239,3826.1411918225217,0.0,3
0,1,1,0,0,1,0,23,20.958724942870475,1.0,5,0.4945080889695563,0.2215673652124829,1,3,0.5578802,0.44211978,6020.9587249428705,0.4421197772026062,486.3317549228668,6507.290479865737,0.0,2
0,0,0,0,1,1,0,29,190.73462529858227,1.0,3,1.1868923864148029,1.185675839750598,0,0,0.033800244,0.96619976,3990.734625298582,0.9661997556686401,1062.8197312355042,5053.554356534087,0.0,3
0,1,1,1,1,1,0,28,86.64991796017773,1.0,1,2.027720990607293,1.3969897313577382,1,0,0.986334,0.013665974,1686.6499179601778,0.013665974140167236,15.03257155418396,1701.6824895143618,0.0,1
0,1,1,0,0,12,1,29,138.9886525171069,12.0,1,1.7019689160391396,1.7039183289512432,1,3,0.33635104,0.66364896,1738.9886525171069,7.96378755569458,8760.166311264038,10499.154963781144,0.0,2
1,1,0,0,0,1,0,30,185.06434569265872,1.0,2,1.984152215070796,1.8785742163641352,0,3,0.10629169,0.8937083,2885.0643456926587,0.8937082886695862,983.0791175365448,3868.1434632292035,0.0,2
0,1,0,0,1,6,0,30,440.6534898539696,6.0,3,1.1918344426504042,1.2029614332411065,0,0,0.0017500194,0.99825,4240.653489853969,5.989500045776367,6588.450050354004,10829.103540207972,0.0,3
1,1,1,1,0,1,0,26,122.18072738411362,1.0,8,1.8421814398490288,2.0159054222167407,0,3,0.007841508,0.9921585,9422.180727384113,0.9921584725379944,1091.3743197917938,10513.555047175907,0.0,2
0,1,0,0,1,6,0,28,245.70844176962208,6.0,3,2.575718495572067,2.525402708108139,0,2,0.009607977,0.990392,4045.708441769622,5.9423521757125854,6536.587393283844,10582.295835053466,0.0,0
1,1,1,1,1,6,0,29,66.48828540170206,6.0,2,0.0,0.0,0,0,0.07898466,0.9210153,2766.488285401702,5.526091933250427,6078.70112657547,8845.189411977171,0.0,3
0,1,1,1,1,12,0,28,146.35732457091146,7.0,5,2.453571636927433,2.4020010964376457,0,1,0.0007973368,0.99920267,6146.357324570911,6.994418680667877,7693.860548734665,13840.217873305577,5.0,1
1,0,0,0,1,1,0,30,210.89903682435408,1.0,5,3.7203605116319967,3.6693221308590953,0,2,0.00042527483,0.9995747,6210.899036824354,0.9995747208595276,1099.5321929454803,7310.431229769834,0.0,0
0,1,1,1,1,12,1,31,82.88604280586168,11.0,10,2.95326014904751,3.11779961888063,0,1,5.6358134e-05,0.9999436,11582.886042805862,10.999379754066467,12099.317729473114,23682.203772278976,1.0,1
1,1,0,0,0,1,0,30,32.34499359541026,1.0,0,1.4279582047570156,1.0228328383171874,1,3,0.9765959,0.023404121,532.3449935954103,0.02340412139892578,25.74453353881836,558.0895271342287,0.0,2
0,1,1,1,1,1,1,33,21.03115772969608,1.0,3,4.005793199207384,4.0471064114306845,0,2,0.0007104517,0.9992896,3821.031157729696,0.9992895722389221,1099.2185294628143,4920.2496871925105,0.0,0
0,1,0,0,1,6,0,27,264.7106939495053,6.0,5,1.8108787824175028,1.8940115162862785,0,2,0.0008920783,0.9991079,6264.710693949505,5.99464738368988,6594.112122058868,12858.822816008375,0.0,0
1,0,1,0,1,1,1,31,62.73571962833188,1.0,0,2.116186601150988,0.6167009772312961,1,0,0.9998449,0.00015509129,562.7357196283319,0.0001550912857055664,0.17060041427612305,562.9063200426081,0.0,3
0,1,1,0,1,12,0,29,69.7507555190577,11.0,2,1.0919182233365603,1.0510779540525514,0,1,0.0066997777,0.9933002,2769.7507555190577,10.926302194595337,12018.93241405487,14788.683169573927,1.0,1
1,1,0,0,1,6,1,27,167.55786118285133,6.0,1,4.082422664142303,4.156916164761683,0,2,0.010830018,0.98916996,1767.5578611828514,5.9350197315216064,6528.521704673767,8296.079565856619,0.0,0
1,1,0,0,1,1,1,31,54.42850296110564,1.0,4,3.754112520144485,3.83482808616895,0,2,0.001174796,0.9988252,4954.428502961106,0.998825192451477,1098.7077116966248,6053.13621465773,0.0,0
0,1,0,0,1,1,0,30,177.75935275720082,1.0,2,1.994393125292218,1.5973286041353756,1,0,0.7672707,0.23272932,2877.7593527572008,0.23272931575775146,256.0022473335266,3133.7616000907274,0.0,3
0,1,0,0,1,1,1,24,31.941973792593245,1.0,3,1.6204183452344498,0.9304841412929992,1,0,0.98785895,0.012141049,3831.941973792593,0.012141048908233643,13.355153799057007,3845.29712759165,0.0,3
0,1,0,0,0,12,1,33,145.54998538793023,12.0,7,2.2011414777175093,2.190851470021204,0,3,8.239841e-05,0.9999176,8345.54998538793,11.999011516571045,13198.91266822815,21544.46265361608,0.0,2
1,1,0,0,0,6,1,24,160.51620266408364,6.0,1,2.8722759350221656,2.998211161480333,0,3,0.27831706,0.7216829,1760.5162026640837,4.330097436904907,4763.107180595398,6523.623383259482,0.0,2
0,0,0,0,1,6,0,27,374.08906569435584,5.0,1,1.475159283640191,0.5718451928595425,1,0,0.97675556,0.02324444,1974.089065694356,0.11622220277786255,127.8444230556488,2101.9334887500045,1.0,3
1,1,1,1,1,12,1,31,93.414233529603,10.0,3,0.7611205802072745,0.8013192304047614,0,1,0.0023846703,0.99761534,3893.414233529603,9.976153373718262,10973.768711090088,14867.18294461969,2.0,1
1,1,1,1,1,12,0,29,59.041552313092296,12.0,3,2.4825983855827296,2.4522088953730146,0,1,0.0013671995,0.9986328,3859.0415523130923,11.983593463897705,13181.952810287476,17040.99436260057,0.0,1
0,1,0,0,1,1,1,33,323.5337154770976,1.0,5,2.9198935160745734,2.906842289142616,0,2,0.00011999782,0.99988,6323.533715477098,0.9998800158500671,1099.8680174350739,7423.401732912172,0.0,0
1,1,1,0,1,12,1,30,7.994521114316613,12.0,15,1.4809925111976718,1.4180657000434622,0,1,0.0009720747,0.9990279,17007.994521114317,11.988334894180298,13187.168383598328,30195.162904712644,0.0,1
0,1,0,0,1,12,1,33,54.60054529476375,11.0,1,0.2131859029902065,0.099014798682708,0,1,0.005843306,0.9941567,1654.6005452947638,10.935723900794983,12029.296290874481,13683.896836169246,1.0,3
1,1,1,0,1,6,0,27,180.6767883563328,5.0,2,0.478517379707509,0.3352798872997794,0,0,0.07631165,0.92368835,2880.676788356333,4.6184417605400085,5080.285936594009,7960.962724950343,1.0,3
0,1,1,1,1,12,0,34,347.400806934985,12.0,5,2.923285204834804,2.8517544814776383,0,1,4.0697254e-05,0.9999593,6347.400806934985,11.999511480331421,13199.462628364563,19546.863435299547,0.0,1
1,1,0,0,1,6,1,30,121.52969134707294,6.0,4,3.1889360036605843,3.204417700761357,0,2,0.00042722642,0.99957275,5021.529691347073,5.9974365234375,6597.18017578125,11618.709867128324,0.0,0
1,0,1,0,1,6,0,28,103.87728375523098,6.0,2,1.7044447835423664,1.6703064291373633,0,0,0.11170467,0.88829535,2803.877283755231,5.329772114753723,5862.7493262290955,8666.626609984327,0.0,3
0,1,1,1,1,12,1,29,260.5074585068129,12.0,2,2.3481674580491805,2.3234546736896604,0,1,0.0023901649,0.99760985,2960.507458506813,11.971318244934082,13168.45006942749,16128.957527934303,0.0,1
1,1,1,1,1,12,1,28,106.45740341679766,12.0,4,3.631744078981241,3.788843395482121,0,1,6.532825e-05,0.9999347,5006.457403416798,11.999216079711914,13199.137687683105,18205.5950910999,0.0,1
1,1,1,1,1,12,1,25,209.29430435946665,12.0,4,1.4451475193481005,1.5820033869381085,0,1,0.00036179987,0.9996382,5109.294304359467,11.99565839767456,13195.224237442017,18304.518541801484,0.0,1
1,1,0,0,1,1,0,31,211.728969646523,1.0,3,1.5852253258650293,1.5399951241261205,0,0,0.053904444,0.9460956,4011.728969646523,0.9460955858230591,1040.705144405365,5052.434114051888,0.0,3
0,1,1,1,0,6,0,25,45.73740307258264,6.0,1,2.4875240719999137,2.3095878299948542,0,3,0.5378635,0.4621365,1645.7374030725825,2.7728190422058105,3050.1009464263916,4695.838349498974,0.0,2
0,1,1,1,1,1,0,31,105.80815181542928,1.0,1,1.7779085689264047,1.3318184722194542,1,0,0.7667699,0.23323011,1705.8081518154293,0.2332301139831543,256.5531253814697,1962.361277196899,0.0,1
1,1,0,0,1,6,1,34,121.35533494024828,6.0,6,2.8504764197310086,3.036212557515785,0,2,0.00022061077,0.9997794,7221.355334940248,5.998676419258118,6598.544061183929,13819.899396124178,0.0,0
0,1,1,1,1,12,1,26,245.34198649233485,12.0,5,3.342234209792254,3.302304160294593,0,1,3.940518e-05,0.9999606,6245.341986492334,11.999527215957642,13199.479937553406,19444.82192404574,0.0,1
1,1,0,0,1,12,0,28,168.84318157011558,9.0,2,2.9824759358524666,2.8584777698249666,0,1,0.0010446277,0.99895537,2868.8431815701156,8.990598320960999,9889.658153057098,12758.501334627214,3.0,0
0,1,1,1,0,12,1,33,363.0661185294892,12.0,10,2.1747669820786784,2.08371538578488,0,3,0.000118221265,0.9998818,11863.066118529488,11.998581647872925,13198.439812660217,25061.505931189706,0.0,2
0,1,0,0,0,1,0,25,123.66191598221953,1.0,5,1.912127923698311,2.028011326138176,0,3,0.03261171,0.9673883,6123.661915982219,0.9673882722854614,1064.1270995140076,7187.789015496227,0.0,2
1,0,0,0,1,1,0,27,129.6907383642004,1.0,1,2.4219288629145708,1.8962307500012323,1,0,0.98122567,0.01877433,1729.6907383642003,0.018774330615997314,20.651763677597046,1750.3425020417974,0.0,3
0,1,1,1,1,6,0,29,239.7453019170008,5.0,6,0.6450785523511959,0.5299716493452348,0,1,0.0015568259,0.9984432,7339.745301917001,4.992215931415558,5491.437524557114,12831.182826474114,1.0,1
1,1,0,1,1,1,0,31,221.9995044432532,1.0,4,1.7986043352653247,1.9073774704022235,0,2,0.003941065,0.99605894,5121.9995044432535,0.9960589408874512,1095.6648349761963,6217.66433941945,0.0,0
1,0,1,1,1,6,0,35,284.7735524528685,6.0,10,3.7510050622575535,3.65941384354394,0,2,0.00022682354,0.9997732,11784.773552452869,5.998639225959778,6598.503148555756,18383.276701008625,0.0,0
0,0,0,0,1,1,0,25,134.76675368812678,1.0,1,1.3813696006334133,1.302034707711144,1,0,0.92313987,0.07686013,1734.7667536881268,0.07686012983322144,84.54614281654358,1819.3128965046703,0.0,3
0,0,0,0,1,1,0,25,126.94365736941688,1.0,1,1.4403424954966426,0.8073168613164665,1,0,0.9958281,0.004171908,1726.943657369417,0.004171907901763916,4.589098691940308,1731.5327560613573,0.0,3
0,0,0,0,1,1,1,29,106.84640816465652,1.0,2,1.949131647851547,2.066672629757321,0,0,0.15019616,0.8498038,2806.8464081646566,0.8498038053512573,934.784185886383,3741.6305940510397,0.0,3
0,1,0,0,1,6,0,33,374.407447340241,4.0,5,5.4218977080804205,5.4582946563023285,0,2,5.702857e-05,0.99994296,6374.407447340241,3.9997718334198,4399.74901676178,10774.15646410202,2.0,0
1,1,0,1,1,1,0,28,81.32659285972805,1.0,5,2.626057464365389,2.646600086354012,0,2,0.0050113276,0.9949887,6081.326592859728,0.9949886798858643,1094.4875478744507,7175.814140734179,0.0,0
0,1,1,1,1,12,1,28,142.68216428149182,12.0,6,1.016788513605989,0.9284467027790844,0,1,0.00026376866,0.99973625,7242.682164281492,11.996834993362427,13196.51849269867,20439.20065698016,0.0,1
1,0,1,0,1,12,1,30,67.95028384439402,11.0,4,2.752367570418788,2.7779435496724143,0,1,0.0002906426,0.99970937,4967.950283844394,10.996803045272827,12096.48334980011,17064.433633644505,1.0,0
1,1,0,0,1,6,1,32,119.26316211418158,6.0,1,1.2811281544803288,1.5353464132516352,0,0,0.009600199,0.9903998,1719.2631621141816,5.94239866733551,6536.638534069061,8255.901696183242,0.0,3
0,1,1,1,0,12,1,30,364.45684641979767,11.0,5,3.5768395467561365,3.613823188068766,0,3,4.715287e-05,0.99995285,6364.456846419797,10.99948137998581,12099.42951798439,18463.88636440419,1.0,2
0,1,0,0,1,1,1,30,147.60307940060216,1.0,4,2.0603537248403407,1.9320192438890629,0,2,0.013416011,0.986584,5047.603079400602,0.9865840077400208,1085.2424085140228,6132.845487914625,0.0,0
1,1,0,1,1,6,1,30,119.87912014377684,6.0,2,1.0721259534172431,1.1171436187531387,0,1,0.0025613045,0.99743867,2819.879120143777,5.9846320152282715,6583.095216751099,9402.974336894877,0.0,1
0,1,0,0,1,6,1,28,142.90547871376933,6.0,18,0.5551935795543501,0.8964207455027551,0,1,0.0005596589,0.9994403,20442.90547871377,5.9966418743133545,6596.30606174469,27039.21154045846,0.0,3
1,1,1,1,1,12,0,30,66.93638444791411,7.0,7,0.6673556282216262,0.6626425976773948,0,1,0.0018624238,0.9981376,8266.936384447914,6.986963152885437,7685.659468173981,15952.595852621895,5.0,1
0,1,1,1,1,12,1,31,132.18815741737754,12.0,9,3.007830165045843,3.1062156205664104,0,1,8.53688e-05,0.99991465,10532.188157417377,11.99897575378418,13198.873329162598,23731.061486579973,0.0,1
0,1,0,0,1,6,1,32,277.4613229794776,6.0,6,1.523175501634136,1.6401265833515084,0,2,0.00050355896,0.99949646,7377.461322979478,5.996978759765625,6596.6766357421875,13974.137958721665,0.0,0
0,0,1,0,1,1,0,23,324.45277540025984,1.0,3,3.432550435280139,3.3591596374806945,0,2,0.0038071554,0.9961929,4124.45277540026,0.9961928725242615,1095.8121597766876,5220.264935176948,0.0,0
1,1,1,1,1,12,1,32,265.40728973692063,12.0,5,1.469406130704777,1.5375547013929955,0,1,0.00016676531,0.9998332,6265.407289736921,11.997998714447021,13197.798585891724,19463.205875628642,0.0,1
0,1,1,1,1,1,1,25,304.4531774658175,1.0,8,2.565371054210268,2.5914232356235294,0,2,0.0009877072,0.9990123,9604.453177465817,0.999012291431427,1098.9135205745697,10703.366698040387,0.0,1
0,1,0,0,1,1,0,29,136.8843512289118,1.0,3,1.0353993212652517,0.3283673048066917,1,0,0.99250823,0.0074917674,3936.884351228912,0.007491767406463623,8.240944147109985,3945.1252953760218,0.0,3
0,1,1,0,1,1,0,29,58.35847889588528,1.0,0,0.0,0.0,1,0,0.88403547,0.11596453,558.3584788958852,0.11596453189849854,127.56098508834839,685.9194639842336,0.0,3
1,1,1,0,1,1,0,29,273.76351945985,1.0,13,2.487606777051348,2.6222170126878988,0,2,0.0009642867,0.9990357,15073.76351945985,0.9990357160568237,1098.939287662506,16172.702807122356,0.0,0
1,1,1,0,1,12,1,32,280.2610651567815,11.0,4,1.8300562333560664,1.7613581184942633,0,1,0.000983657,0.99901634,5180.261065156781,10.989179790019989,12088.097769021988,17268.35883417877,1.0,1
1,1,1,0,1,12,0,25,449.0337204131831,12.0,7,0.0147099999751787,0.0379948301323616,0,1,0.0001535561,0.99984646,8649.033720413183,11.998157501220703,13197.973251342773,21847.006971755956,0.0,3
1,0,0,0,1,1,0,24,204.4445266602356,1.0,1,0.4962393509387981,0.0,1,0,0.99632,0.0036799908,1804.4445266602356,0.003679990768432617,4.047989845275879,1808.4925165055115,0.0,3
0,1,1,1,1,12,0,32,22.94699672855137,12.0,1,2.024992266592596,2.0601206997511223,0,1,0.005048927,0.99495107,1622.9469967285513,11.939412832260132,13133.354115486145,14756.301112214696,0.0,1
1,1,0,0,1,6,0,33,20.979360045511484,6.0,18,1.8210890825230617,1.8549366854021576,0,2,0.0020393352,0.9979607,20320.979360045512,5.987764120101929,6586.540532112122,26907.519892157634,0.0,0
1,1,1,1,1,1,1,26,156.9330595507916,1.0,4,1.0199277868244792,0.9124065584154208,0,0,0.020722827,0.9792772,5056.933059550792,0.9792771935462952,1077.2049129009247,6134.137972451716,0.0,1
1,1,1,0,1,12,0,25,92.04709091794916,12.0,2,0.264835190348238,0.3628632588014079,0,1,0.014546928,0.98545307,2792.0470909179494,11.82543683052063,13007.980513572693,15800.027604490642,0.0,3
0,0,1,1,1,6,0,29,219.76091800688545,6.0,1,1.85813138731892,1.953873440084708,0,1,0.041684005,0.95831597,1819.7609180068855,5.749895811080933,6324.885392189026,8144.646310195912,0.0,1
0,1,1,1,1,6,1,26,203.5493329578112,6.0,6,4.77789677663503,4.714157780992903,0,2,0.00021450821,0.9997855,7303.549332957811,5.99871289730072,6598.584187030792,13902.133519988603,0.0,0
1,1,0,0,1,1,1,32,5.406180569254531,1.0,0,0.88035005470123,0.0,1,0,0.9904975,0.0095024705,505.4061805692545,0.00950247049331665,10.452717542648315,515.8588981119028,0.0,3
0,1,1,0,1,12,0,29,424.3530558598373,12.0,8,3.6533273634898,3.539171260808088,0,1,3.5796107e-05,0.9999642,9724.353055859838,11.99957013130188,13199.527144432068,22923.880200291904,0.0,0
0,1,1,0,1,12,0,29,141.80584523448138,12.0,3,3.233590545308424,3.282858742163371,0,1,0.00016770647,0.9998323,3941.8058452344812,11.997987270355225,13197.785997390747,17139.59184262523,0.0,0
0,0,0,0,0,1,0,31,278.50699454322734,1.0,4,1.6001440563811191,1.5540083211679998,0,3,0.025702534,0.97429746,5178.506994543227,0.9742974638938904,1071.7272102832794,6250.234204826506,0.0,2
1,1,0,0,1,1,1,32,240.52713036453343,1.0,2,2.231345010183689,2.267857736643984,0,2,0.016188854,0.98381114,2940.5271303645336,0.9838111400604248,1082.1922540664673,4022.719384431001,0.0,0
1,1,0,0,1,1,0,29,153.50816808676635,1.0,2,2.6722109841789305,2.5924396937378487,0,2,0.08476986,0.91523015,2853.5081680867665,0.9152301549911499,1006.7531704902649,3860.2613385770314,0.0,0
1,1,1,0,1,1,0,31,204.588644463828,1.0,2,1.565315070564777,1.5049967152972832,0,0,0.14664929,0.8533507,2904.588644463828,0.8533506989479065,938.6857688426971,3843.2744133065253,0.0,3
0,1,0,0,1,1,1,30,42.25437246148199,1.0,2,1.639539273579957,1.7692226648456817,0,0,0.18282856,0.81717145,2742.254372461482,0.8171714544296265,898.8885998725891,3641.142972334071,0.0,3
1,1,0,0,1,12,1,37,242.3556849433538,11.0,2,1.5204261296401522,1.4110459508203117,0,1,0.0010597995,0.9989402,2942.355684943354,10.988342523574829,12087.176775932312,15029.532460875665,1.0,0
0,1,1,0,1,12,0,32,432.0703548070003,11.0,4,0.7845706889463031,0.7584080205112212,0,1,0.00033278824,0.9996672,5332.0703548070005,10.996339499950409,12095.97344994545,17428.04380475245,1.0,1
1,1,0,0,1,1,0,24,99.41448252766834,1.0,2,1.3403120982709489,0.5707506088427259,1,0,0.99602807,0.0039719343,2799.4144825276685,0.0039719343185424805,4.3691277503967285,2803.783610278065,0.0,3
1,1,0,0,1,6,0,31,35.0451923272218,5.0,3,2.8235354481665182,2.796609274968707,0,2,0.012910297,0.9870897,3835.0451923272217,4.935448467731476,5428.993314504623,9264.038506831845,1.0,0
1,1,0,0,1,1,1,30,150.22203685612638,1.0,2,1.1886369604758575,1.2196893237399349,0,0,0.052630518,0.94736946,2850.2220368561266,0.9473694562911987,1042.1064019203186,3892.328438776445,0.0,3
0,1,0,0,1,6,1,30,41.64680053446854,5.0,2,1.9366673782395896,0.5581106102649069,1,0,0.9575724,0.0424276,2741.6468005344686,0.21213799715042114,233.35179686546326,2974.998597399932,1.0,3
1,1,1,1,1,1,0,24,167.06597610290362,1.0,1,0.7299946371075423,0.6513531910667038,1,0,0.8380016,0.16199839,1767.0659761029037,0.16199839115142822,178.19823026657104,1945.2642063694748,0.0,3
1,1,1,0,1,6,0,29,357.73880278242723,6.0,3,2.7871263461710005,2.809694687875516,0,2,0.0006975324,0.99930245,4157.738802782427,5.995814681053162,6595.396149158478,10753.134951940905,0.0,0
1,1,1,1,0,12,1,33,172.11034804210288,11.0,2,2.018338433076561,2.12049680356916,0,3,0.00021036091,0.99978966,2872.110348042103,10.997686207294464,12097.45482802391,14969.565176066013,1.0,2
0,1,0,0,1,12,1,35,137.05158052055813,12.0,1,2.6499247270730244,2.4019705500746404,0,1,0.0072840108,0.992716,1737.0515805205582,11.91259217262268,13103.851389884949,14840.902970405506,0.0,0
1,1,0,0,0,6,1,37,172.2209599892664,6.0,3,2.0835602624735827,2.3006035122722377,0,3,0.0008458585,0.99915415,3972.2209599892662,5.994924902915955,6594.41739320755,10566.638353196817,0.0,2
0,0,0,0,1,1,0,33,204.3207074444132,1.0,1,1.76887581994461,1.1889811146745726,1,0,0.828767,0.171233,1804.320707444413,0.17123299837112427,188.3562982082367,1992.6770056526498,0.0,3
1,1,0,1,1,12,0,30,346.43272524838585,12.0,5,0.7493287093903747,0.7563593118118961,0,1,8.0216334e-05,0.9999198,6346.432725248385,11.999037265777588,13198.940992355347,19545.373717603732,0.0,1
0,1,0,0,1,1,1,29,98.34150224252453,1.0,1,2.8510584599227538,2.8437326779424765,0,2,0.054999884,0.9450001,1698.3415022425245,0.9450001120567322,1039.5001232624054,2737.8416255049297,0.0,0
0,1,1,0,1,1,0,28,149.2184533415032,1.0,3,1.6280114619214,1.7495253972780365,0,0,0.03483165,0.96516836,3949.2184533415034,0.9651683568954468,1061.6851925849915,5010.903645926495,0.0,3
0,1,0,0,1,1,1,25,281.29663755530675,1.0,6,1.9005682404881536,1.9772074175601608,0,2,0.0032511267,0.99674886,7381.296637555307,0.9967488646507263,1096.423751115799,8477.720388671107,0.0,0
1,1,0,0,1,6,1,27,152.59682254537788,6.0,4,1.028343687143304,0.968246226106625,0,0,0.0025841075,0.9974159,5052.596822545378,5.984495401382446,6582.944941520691,11635.541764066069,0.0,3
1,1,1,1,1,1,1,26,50.394566055059386,1.0,4,1.178913654589364,1.0813418390616734,0,0,0.054818034,0.94518197,4950.39456605506,0.9451819658279419,1039.700162410736,5990.094728465796,0.0,1
0,0,0,0,1,1,1,27,314.9495089872364,1.0,7,2.0927248885707623,2.1692770112666584,0,2,0.00028792568,0.99971205,8514.949508987236,0.9997120499610901,1099.683254957199,9614.632763944435,0.0,0
1,1,0,0,1,1,1,27,133.4049762315199,1.0,1,2.7240688133329467,2.786146312528704,0,2,0.28969076,0.71030927,1733.4049762315199,0.7103092670440674,781.3401937484741,2514.745169979994,0.0,0
1,0,0,0,1,1,0,30,257.4325776977206,1.0,1,2.1537655417121018,1.5136330852235196,1,0,0.97084314,0.029156864,1857.4325776977207,0.029156863689422607,32.07255005836487,1889.5051277560856,0.0,3
1,0,1,0,1,12,0,31,55.09299271380669,9.0,2,3.4040923278106474,3.4947763027132823,0,1,0.00034871727,0.99965125,2755.092992713807,8.996861279010773,9896.54740691185,12651.640399625656,3.0,0
0,1,0,1,1,6,1,28,119.20182414353596,6.0,1,1.7394254353915377,1.6337403177777752,0,1,0.10639152,0.89360845,1719.201824143536,5.361650705337524,5897.815775871277,7617.017600014813,0.0,1
1,0,1,0,1,12,0,28,57.23835630942688,12.0,4,2.392317473010648,2.4636181043579763,0,1,0.0007026413,0.9992974,4957.238356309427,11.991568565368652,13190.725421905518,18147.963778214944,0.0,0
0,1,1,1,1,12,1,27,93.69977464125384,12.0,3,1.0363534152275804,0.9516060258683854,0,1,0.0064142914,0.9935857,3893.699774641254,11.923028469085693,13115.331315994263,17009.031090635515,0.0,1
1,1,0,0,1,1,0,21,124.82185421919164,1.0,1,1.6817786874712697,1.1958850538250454,1,0,0.9924453,0.00755471,1724.8218542191917,0.0075547099113464355,8.310180902481079,1733.1320351216727,0.0,3
1,1,0,0,1,6,1,31,64.86068682974536,6.0,4,1.6558197786193414,1.6724775622154548,0,2,0.0024516247,0.9975484,4964.860686829746,5.9852904081344604,6583.8194489479065,11548.680135777653,0.0,0
1,0,0,0,1,1,0,26,55.95896229874315,1.0,5,1.6274488384787162,1.7524003690326826,0,0,0.023478832,0.9765212,6055.958962298743,0.9765211939811707,1074.1733133792877,7130.132275678031,0.0,3
0,1,0,0,1,1,0,29,20.07629923959284,1.0,0,1.632646555901161,1.9886898484691995,1,0,0.9028539,0.097146094,520.0762992395928,0.09714609384536743,106.86070322990417,626.937002469497,0.0,3
0,1,0,0,1,1,1,27,119.59960378658218,1.0,2,1.1313923669529595,1.1122760273159886,0,0,0.27063742,0.7293626,2819.599603786582,0.7293626070022583,802.2988677024841,3621.898471489066,0.0,3
0,1,0,0,1,12,1,30,466.0276398041492,10.0,1,3.5197164705847745,3.5489163042164584,0,1,0.00020602821,0.99979395,2066.027639804149,9.997939467430115,10997.733414173126,13063.761053977276,2.0,0
0,1,0,0,1,1,0,20,58.360607217218686,1.0,1,2.098279527989651,2.355221406724572,1,0,0.9677028,0.032297194,1658.3606072172188,0.03229719400405884,35.52691340446472,1693.8875206216835,0.0,3
1,1,1,1,0,6,1,30,101.52248116844336,3.0,3,1.7801676311169046,1.5532697607224,0,3,0.025931207,0.9740688,3901.5224811684434,2.922206461429596,3214.4271075725555,7115.949588740999,3.0,2
1,1,0,0,1,1,0,31,132.06838275326817,1.0,8,2.8407955978874524,2.6832492580862004,0,2,0.0019925486,0.9980075,9432.068382753268,0.9980074763298035,1097.8082239627838,10529.876606716052,0.0,0
0,0,1,0,0,1,0,23,12.120455362055182,1.0,0,0.6734753705128015,0.6095998486054017,1,3,0.99721354,0.0027864575,512.1204553620552,0.0027864575386047363,3.06510329246521,515.1855586545204,0.0,2
0,1,0,0,1,1,1,28,106.87614357369942,1.0,1,0.5224080775499583,0.0,1,0,0.9910403,0.008959711,1706.8761435736994,0.008959710597991943,9.855681657791138,1716.7318252314906,0.0,3
1,0,1,0,0,12,0,31,323.4359895962682,10.0,1,1.9639220151036472,2.0929510999238228,0,3,0.0022711873,0.9977288,1923.4359895962682,9.977288246154785,10975.017070770264,12898.453060366532,2.0,2
1,1,0,0,1,6,1,34,1.1849406914541731,6.0,5,3.4210987394676966,3.3654698428407537,0,2,0.000177219,0.9998228,6001.184940691454,5.998936772346497,6598.830449581146,12600.015390272602,0.0,0
1,1,0,1,0,12,1,31,8.643677292019579,12.0,2,2.357873102659552,2.4476355201367426,0,3,0.0011349742,0.998865,2708.6436772920197,11.986380100250244,13185.018110275269,15893.66178756729,0.0,2
1,1,0,0,1,1,0,30,117.65141473156852,1.0,7,3.815563957005084,3.8539707315709695,0,2,0.0003061409,0.9996939,8317.651414731568,0.9996938705444336,1099.663257598877,9417.314672330445,0.0,0
0,0,1,0,1,1,0,27,213.32877288331744,1.0,1,2.6299383678940003,2.5537110041009816,0,2,0.2604698,0.7395302,1813.3287728833175,0.7395302057266235,813.4832262992859,2626.8119991826034,0.0,0
0,1,0,0,1,1,1,28,144.16861114694694,1.0,1,1.8861275568575728,1.0627131073916891,1,0,0.9947783,0.0052217245,1744.168611146947,0.005221724510192871,5.743896961212158,1749.912508108159,0.0,3
1,1,1,1,0,6,1,28,93.19541516821371,6.0,1,1.3676934674486831,0.1107117426095272,1,3,0.9971378,0.002862215,1693.1954151682137,0.017173290252685547,18.8906192779541,1712.0860344461678,0.0,2
1,0,0,0,1,1,0,28,36.82672507130644,1.0,1,1.161804644932482,0.8460935693141598,1,0,0.9733984,0.026601613,1636.8267250713066,0.02660161256790161,29.261773824691772,1666.0884988959983,0.0,3
1,1,0,0,1,1,1,28,0.7965952030563983,1.0,5,1.2469497503662392,1.2454049715888376,0,0,0.012335543,0.98766446,6000.796595203056,0.9876644611358643,1086.4309072494507,7087.227502452507,0.0,3
1,1,0,0,1,12,1,31,132.8585077031733,12.0,3,0.6089382586132706,0.6219081108485115,0,1,0.0012710255,0.998729,3932.8585077031735,11.984747886657715,13183.222675323486,17116.08118302666,0.0,3
0,1,1,1,1,6,0,33,223.68510784190624,6.0,4,1.1551559836995366,1.2074647085167405,0,1,0.00089648773,0.9991035,5123.685107841906,5.9946209192276,6594.08301115036,11717.768118992266,0.0,1
0,1,0,0,1,1,1,26,62.41295556801904,1.0,2,3.5128152379517066,3.3120151929882176,0,2,0.010263554,0.98973644,2762.4129555680192,0.9897364377975464,1088.710081577301,3851.1230371453203,0.0,0
1,1,0,0,1,12,1,32,214.9450996095024,11.0,5,0.6997485810029433,0.6866204870695771,0,1,0.00019554397,0.99980444,6214.945099609502,10.997848808765411,12097.633689641953,18312.578789251456,1.0,3
0,1,1,1,1,1,1,30,205.960549680206,1.0,4,1.0039181181549126,1.085472971622322,0,0,0.006301793,0.9936982,5105.960549680206,0.9936981797218323,1093.0679976940155,6199.0285473742215,0.0,1
1,1,1,1,1,1,1,33,143.232451790641,1.0,2,3.6110216442325633,3.5781444319821345,0,2,0.0014198526,0.99858016,2843.232451790641,0.9985801577568054,1098.438173532486,3941.670625323127,0.0,0
1,1,1,1,1,1,1,33,369.2343207761203,1.0,3,1.6748719502736362,1.593046781558149,0,2,0.00203833,0.99796164,4169.2343207761205,0.9979616403579712,1097.7578043937683,5266.992125169889,0.0,1
0,1,1,1,1,12,1,24,151.26465097780047,12.0,6,3.0076957722279145,2.9681973766757586,0,1,0.00023677948,0.9997632,7251.264650977801,11.997158288955688,13196.874117851257,20448.138768829056,0.0,1
0,0,1,0,1,6,0,32,327.20363369324286,6.0,1,1.3576472564486144,1.35183392109694,0,0,0.0042954176,0.9957046,1927.2036336932429,5.974227547645569,6571.650302410126,8498.853936103369,0.0,3
0,1,0,0,1,1,0,29,142.92619557969357,1.0,6,1.9952549277786948,1.7343396330036307,0,2,0.01638112,0.98361886,7242.926195579694,0.9836188554763794,1081.9807410240173,8324.906936603711,0.0,3
1,0,1,1,1,1,0,30,25.62840601013123,1.0,4,1.7633585962532767,1.7727544551163767,0,0,0.043863975,0.95613605,4925.628406010132,0.9561360478401184,1051.7496526241302,5977.378058634262,0.0,3
0,1,0,0,1,1,0,25,193.38991274436935,1.0,0,1.5873152178466103,1.604880770662739,1,0,0.9810245,0.018975496,693.3899127443693,0.018975496292114258,20.873045921325684,714.262958665695,0.0,3
0,1,1,1,1,1,0,29,39.04936013185943,1.0,5,1.0765830192775154,0.9679597183336288,0,0,0.08816551,0.9118345,6039.049360131859,0.9118344783782959,1003.0179262161255,7042.067286347985,0.0,1
1,0,1,0,1,1,1,33,8.42870120146074,1.0,4,0.4085812083443148,0.2716640749581687,0,0,0.01424605,0.98575395,4908.428701201461,0.9857539534568787,1084.3293488025665,5992.758050004028,0.0,3
1,1,0,0,1,1,1,32,442.97635544956887,1.0,1,1.8846850020767243,1.9692095350694496,0,2,0.0030019616,0.996998,2042.976355449569,0.9969980120658875,1096.6978132724762,3139.674168722045,0.0,0
0,1,0,1,1,1,1,25,265.08021146369634,1.0,8,1.6396664983958291,1.5415323926463222,0,0,0.0064882264,0.9935118,9565.080211463697,0.9935117959976196,1092.8629755973816,10657.943187061079,0.0,1
1,1,1,1,1,12,0,30,221.2161905257676,12.0,9,0.0,0.0468699914533376,0,1,7.144333e-05,0.99992853,10621.216190525767,11.999142408370972,13199.056649208069,23820.272839733836,0.0,1
0,1,0,0,1,6,1,29,230.591940947735,6.0,9,0.7507788789813128,0.7237109915521286,0,0,0.0006044607,0.99939555,10630.591940947736,5.996373295783997,6596.010625362396,17226.60256631013,0.0,3
0,1,0,0,1,1,1,33,73.66193879677195,1.0,2,1.018481210097514,1.1369360546260674,0,0,0.109876044,0.89012396,2773.661938796772,0.8901239633560181,979.1363596916199,3752.798298488392,0.0,3
1,0,1,0,1,6,0,25,224.6000164880552,3.0,2,1.7290020615749906,1.2039871889009115,1,0,0.9458089,0.054191113,2924.600016488055,0.16257333755493164,178.8306713104248,3103.43068779848,3.0,3
0,0,1,1,1,6,0,29,58.62395169196739,6.0,2,1.9729861269267253,1.938463937550111,0,1,0.02094444,0.9790556,2758.6239516919672,5.874333500862122,6461.766850948334,9220.3908026403,0.0,1
0,1,0,0,1,1,0,30,106.42966754220916,1.0,3,2.4272552352745285,1.909613227207779,1,2,0.8037963,0.19620371,3906.4296675422092,0.19620370864868164,215.8240795135498,4122.253747055759,0.0,0
1,1,0,1,1,1,0,32,13.45485959850933,1.0,1,1.8996615564564328,1.9642966177177936,0,0,0.090028144,0.90997183,1613.4548595985093,0.9099718332290649,1000.9690165519714,2614.4238761504807,0.0,3
0,1,0,0,1,1,0,33,7.142134855871774,1.0,8,0.6532717768290248,0.7560807735487152,0,0,0.009032047,0.9909679,9307.142134855872,0.9909679293632507,1090.0647222995758,10397.206857155448,0.0,3
0,1,1,1,1,1,0,22,169.22259163210754,1.0,1,2.3149668841186086,1.4205762804713291,1,0,0.99902475,0.0009752512,1769.2225916321077,0.0009752511978149414,1.0727763175964355,1770.295367949704,0.0,1
1,1,0,0,1,1,0,26,113.06750354726616,1.0,12,1.1123148474819256,1.1514940378861709,0,0,0.0061851535,0.9938148,13813.067503547267,0.9938148260116577,1093.1963086128235,14906.26381216009,0.0,3
1,0,0,0,1,1,0,20,304.53564862950003,1.0,1,2.4841113992502826,2.573158715148882,0,0,0.24847125,0.75152874,1904.5356486295,0.7515287399291992,826.6816139221191,2731.217262551619,0.0,3
0,1,0,0,1,1,0,30,40.55941737577624,1.0,26,1.6630335970742496,1.7503012803414824,0,2,0.004520245,0.99547976,29140.559417375775,0.9954797625541687,1095.0277388095856,30235.58715618536,0.0,0
0,1,0,0,1,1,0,28,96.7324967856962,1.0,1,2.168936074466965,2.2343834775824885,0,2,0.64578015,0.35421985,1696.7324967856962,0.35421985387802124,389.64183926582336,2086.3743360515195,0.0,3
0,1,1,1,0,12,1,25,226.3035456150317,12.0,2,2.052248208156814,2.033183112007376,0,3,0.0021503987,0.9978496,2926.303545615032,11.974195003509521,13171.614503860474,16097.918049475506,0.0,2
1,1,0,0,1,1,0,29,235.0321455341833,1.0,6,0.6184988711869441,0.7145955377138504,0,0,0.0011631758,0.9988368,7335.032145534184,0.9988368153572083,1098.720496892929,8433.752642427113,0.0,3
1,0,1,0,1,1,1,27,123.77147845977082,1.0,1,0.3722011547988908,0.413586047284734,0,0,0.3570078,0.6429922,1723.7714784597708,0.6429921984672546,707.2914183139801,2431.062896773751,0.0,3
1,1,0,0,1,1,0,29,87.13120561136442,1.0,0,0.0,0.0,1,0,0.9564606,0.043539405,587.1312056113644,0.04353940486907959,47.89334535598755,635.024550967352,0.0,3
0,0,0,1,1,1,0,29,217.3584485145724,1.0,2,1.5974880421825777,1.6140123756160472,0,0,0.07917,0.92083,2917.3584485145725,0.9208300113677979,1012.9130125045776,3930.27146101915,0.0,3
0,1,1,1,0,1,0,28,180.2498283970189,1.0,5,2.7229914421909043,2.7164327380348907,0,3,0.002141878,0.9978581,6180.249828397019,0.9978581070899963,1097.643917798996,7277.893746196015,0.0,2
1,1,0,0,1,1,1,27,139.89310667228642,1.0,0,2.3221324554094744,1.8384355814978333,1,2,0.98961174,0.010388255,639.8931066722864,0.01038825511932373,11.427080631256104,651.3201873035425,0.0,3
0,1,0,0,1,1,0,29,311.18718681096647,1.0,1,1.9914064058362888,1.9840922221990407,0,2,0.041606445,0.9583936,1911.1871868109665,0.9583935737609863,1054.232931137085,2965.4201179480515,0.0,3
1,1,1,1,1,1,0,29,178.94153027261623,1.0,0,1.4307648829785773,0.3312512763671123,1,0,0.99977547,0.0002245307,678.9415302726162,0.00022453069686889648,0.24698376655578613,679.188514039172,0.0,3
1,1,1,0,1,1,0,31,192.0207867783857,1.0,6,1.2854267713450829,1.3388441144466376,0,0,0.0020646693,0.99793535,7292.020786778386,0.9979353547096252,1097.7288901805878,8389.749676958974,0.0,3
1,0,1,0,1,1,1,27,155.9748511285859,1.0,1,1.5487839183328125,1.622759210728364,0,0,0.32217744,0.6778226,1755.974851128586,0.6778225898742676,745.6048488616943,2501.5796999902805,0.0,3
1,1,0,0,1,1,0,28,167.1402101114066,1.0,4,3.0466629807015084,3.0248399558863617,0,2,0.0048345737,0.9951654,5067.140210111406,0.9951654076576233,1094.6819484233856,6161.822158534792,0.0,0
1,1,1,1,0,6,0,27,274.0847632435824,6.0,8,1.895460755614688,1.7220147147728198,0,3,0.00385128,0.9961487,9574.084763243582,5.9768922328948975,6574.581456184387,16148.666219427969,0.0,2
0,1,0,0,1,6,1,34,44.793117931280285,6.0,4,1.1789816017168009,1.3244398771371195,0,0,0.0013833835,0.99861664,4944.79311793128,5.991699814796448,6590.8697962760925,11535.662914207373,0.0,3
1,1,1,0,1,1,1,36,131.39313537431556,1.0,15,2.269303979553256,2.3556209177259664,0,2,0.0007042308,0.9992958,17131.393135374317,0.9992957711219788,1099.2253482341766,18230.618483608494,0.0,0
0,0,0,0,1,1,0,29,214.657805276616,1.0,1,0.0,0.0,1,0,0.72078973,0.27921027,1814.657805276616,0.27921026945114136,307.1312963962555,2121.7891016728718,0.0,3
1,1,1,1,1,12,0,38,242.58524502451976,12.0,4,2.2884933206508635,2.41539771904735,0,1,6.855545e-05,0.99993145,5142.58524502452,11.9991774559021,13199.09520149231,18341.68044651683,0.0,1
0,1,1,1,1,12,0,32,248.4249204680892,11.0,0,1.889913099340716,2.025784911199337,0,1,0.003803654,0.9961963,748.4249204680892,10.958159625530243,12053.975588083267,12802.400508551356,1.0,1
1,1,1,1,1,1,1,34,396.3994509419098,1.0,1,2.237812407357339,2.157834969155669,0,2,0.0014587506,0.99854124,1996.39945094191,0.9985412359237671,1098.3953595161438,3094.7948104580537,0.0,1
0,1,1,1,1,1,1,34,112.0859319091725,1.0,5,2.6695489515726187,2.717661872478008,0,2,0.0006361421,0.99936384,6112.085931909172,0.9993638396263123,1099.3002235889435,7211.386155498116,0.0,1
0,1,1,1,1,1,0,26,205.3853117608396,1.0,2,1.498636242673125,0.9747190455664247,1,0,0.9497289,0.050271094,2905.3853117608396,0.05027109384536743,55.298203229904175,2960.683514990744,0.0,3
0,1,1,0,1,1,0,29,87.39621230185787,1.0,0,2.243814412671019,1.7921199685276663,1,0,0.93867373,0.061326265,587.3962123018579,0.06132626533508301,67.45889186859131,654.8551041704492,0.0,3
1,1,0,0,1,1,0,34,83.89979198324994,1.0,2,3.9094205665299366,3.829655833474553,0,2,0.0020163667,0.99798363,2783.89979198325,0.9979836344718933,1097.7819979190826,3881.6817899023326,0.0,0
0,0,1,0,1,6,1,31,101.70673729717278,6.0,2,4.333893901846313,4.418045832637008,0,2,0.0006812188,0.9993188,2801.706737297173,5.995912671089172,6595.50393819809,9397.210675495262,0.0,0
0,1,1,1,1,1,0,23,77.02751560590595,1.0,0,3.1885021018530595,2.6448402432891167,1,2,0.9391249,0.060875118,577.0275156059059,0.060875117778778076,66.96262955665588,643.9901451625618,0.0,1
0,1,1,0,1,1,0,21,228.461171796184,1.0,0,1.2589217759452391,0.3140977349641405,1,0,0.9998863,0.00011372566,728.461171796184,0.00011372566223144531,0.12509822845458984,728.5862700246386,0.0,3
1,1,0,0,1,1,0,30,21.72879062721633,1.0,1,3.243459112804976,3.351649629086127,0,2,0.015124278,0.98487574,1621.7287906272163,0.9848757386207581,1083.3633124828339,2705.09210311005,0.0,0
0,1,0,0,1,1,1,33,69.20122993247116,1.0,3,0.9470354640926376,0.9800076644609188,0,0,0.03698866,0.9630113,3869.201229932471,0.9630113244056702,1059.3124568462372,4928.513686778708,0.0,3
0,1,1,0,0,6,0,24,119.86606702293284,6.0,3,1.8793797227498183,1.8899837384269949,0,3,0.08893851,0.91106147,3919.866067022933,5.466368794441223,6013.0056738853455,9932.871740908278,0.0,2
1,1,0,0,1,1,0,28,101.03736842838022,1.0,1,2.656633669177034,2.8655425579805853,0,2,0.15364444,0.84635556,1701.0373684283802,0.8463555574417114,930.9911131858826,2632.028481614263,0.0,0
1,1,1,1,1,6,0,32,160.3990954661268,6.0,6,3.0311522664470063,2.9972869152417863,0,1,0.0005229431,0.999477,7260.399095466127,5.996862173080444,6596.548390388489,13856.947485854616,0.0,1
1,1,0,1,1,12,1,31,208.84627668209603,12.0,10,2.276956145316541,2.127820852922232,0,1,0.0002751322,0.99972486,11708.846276682096,11.996698379516602,13196.368217468262,24905.214494150357,0.0,1
1,1,0,0,1,1,1,32,217.86321780617925,1.0,2,1.5098400769541906,1.6168448145049104,0,2,0.029274551,0.9707255,2917.8632178061794,0.9707254767417908,1067.7980244159698,3985.661242222149,0.0,3
1,1,1,0,1,6,0,32,312.7413785615853,4.0,0,0.7691391393416229,0.7805777667454257,0,0,0.07862094,0.9213791,812.7413785615853,3.685516357421875,4054.0679931640625,4866.809371725648,2.0,3
0,1,0,0,1,1,1,28,112.22574598102614,1.0,3,2.3100619181275945,2.265327799279411,0,2,0.046437893,0.9535621,3912.225745981026,0.9535620808601379,1048.9182889461517,4961.144034927178,0.0,0
0,1,0,1,1,1,1,31,181.1590905800317,1.0,0,2.07940950608012,1.7644813311075715,1,2,0.47184157,0.5281584,681.1590905800317,0.52815842628479,580.974268913269,1262.1333594933008,0.0,1
1,1,0,0,0,12,0,31,137.11579612674203,12.0,1,2.377820952346689,2.4376951333382184,0,3,0.027308851,0.9726912,1737.115796126742,11.67229413986206,12839.523553848267,14576.639349975008,0.0,2
0,0,0,0,1,6,1,32,515.392605727715,6.0,4,0.0,0.0,0,0,0.0008487032,0.9991513,5415.392605727715,5.994907736778259,6594.398510456085,12009.7911161838,0.0,3
0,1,0,0,1,12,1,31,355.6267156345108,12.0,3,0.4035695190497093,0.3450606199296179,0,1,0.00033859574,0.9996614,4155.626715634511,11.995936632156372,13195.53029537201,17351.157011006522,0.0,3
0,1,1,1,1,12,0,32,315.1766363848413,10.0,10,2.0108637170020742,2.182067964786261,0,1,3.3945445e-05,0.999966,11815.176636384842,9.99966025352478,10999.626278877258,22814.802915262102,2.0,1
1,0,1,0,1,1,0,29,74.52692755035756,1.0,2,2.444695186103208,2.415605364838678,0,2,0.052289866,0.94771016,2774.5269275503574,0.9477101564407349,1042.4811720848083,3817.0080996351658,0.0,3
1,1,1,1,1,1,0,31,100.32815217438844,1.0,8,2.619506000081385,2.6689913363883067,0,2,0.0016136419,0.9983864,9400.328152174388,0.9983863830566406,1098.2250213623047,10498.553173536693,0.0,1
0,0,1,0,1,6,1,25,11.709011293631477,6.0,1,4.445953982980912,4.447589728960009,0,2,0.02651311,0.9734869,1611.7090112936314,5.840921401977539,6425.013542175293,8036.722553468924,0.0,0
0,1,0,0,0,6,0,29,70.89557498009673,6.0,15,1.7104361851449603,1.6893980785780187,0,3,0.002424093,0.9975759,17070.895574980095,5.985455274581909,6584.0008020401,23654.896377020195,0.0,2
0,1,0,0,1,1,1,35,230.34167640380275,1.0,1,1.9779957022128245,1.8767006518336984,1,2,0.37125832,0.6287417,1830.3416764038027,0.6287416815757751,691.6158497333527,2521.9575261371556,0.0,0
1,1,1,0,0,12,1,32,15.708069790310423,12.0,18,1.426304569509186,1.2677013655319822,0,3,0.0028758761,0.99712414,20315.70806979031,11.965489625930786,13162.038588523865,33477.74665831418,0.0,2
1,0,1,0,1,12,1,31,5.428028898494363,12.0,4,2.911785628189885,2.7833316821433245,0,1,0.00029904957,0.99970096,4905.428028898495,11.996411561965942,13196.052718162537,18101.480747061032,0.0,0
1,1,0,0,1,1,0,31,207.9432170074668,1.0,2,1.2865539296203663,1.1204772477453988,0,0,0.13552327,0.86447674,2907.943217007467,0.86447674036026,950.924414396286,3858.867631403753,0.0,3
0,1,0,0,1,6,1,23,38.69528622292885,6.0,0,1.1146065065654898,0.5053215559749344,1,0,0.9957657,0.004234314,538.6952862229289,0.0254058837890625,27.94647216796875,566.6417583908976,0.0,3
0,1,1,1,1,6,0,31,241.9564406612141,6.0,13,0.1531390896610569,0.2258798841725367,0,1,0.00052271836,0.99947727,15041.956440661213,5.996863603591919,6596.549963951111,21638.506404612323,0.0,1
0,1,1,0,1,1,0,29,290.07498455432966,1.0,0,0.3489092964129055,0.0,1,0,0.9893702,0.010629773,790.0749845543296,0.010629773139953613,11.692750453948975,801.7677350082786,0.0,3
0,1,0,0,1,1,0,33,24.99111352392777,1.0,2,1.0838587399398252,1.1468189028553295,0,0,0.15798993,0.8420101,2724.9911135239277,0.8420100808143616,926.2110888957977,3651.2022024197254,0.0,3
1,1,1,0,1,1,1,29,134.6233461885722,1.0,3,1.8729521932062168,1.877287962847488,0,2,0.05242362,0.9475764,3934.623346188572,0.9475764036178589,1042.3340439796448,4976.957390168217,0.0,3
1,1,1,1,1,12,1,37,331.6593794802281,12.0,2,2.2627428060462025,2.2029696502324883,0,1,0.00013202171,0.999868,3031.659379480228,11.99841570854187,13198.257279396057,16229.916658876286,0.0,1
0,1,0,0,1,1,0,23,110.55511871656336,1.0,1,1.5918305178938348,1.3812790652682607,1,0,0.9788303,0.021169722,1710.5551187165634,0.021169722080230713,23.286694288253784,1733.8418130048171,0.0,3
1,1,1,1,1,1,1,37,2.5549672168390387,1.0,2,2.009047329217581,1.9415131754944928,0,2,0.011356408,0.9886436,2702.554967216839,0.9886435866355896,1087.5079452991486,3790.0629125159876,0.0,1
0,1,0,0,0,1,1,25,177.79633928480644,1.0,10,1.823102066658525,1.6722512996618015,0,3,0.0068197455,0.9931803,11677.796339284807,0.9931802749633789,1092.4983024597168,12770.294641744524,0.0,2
0,1,0,0,0,12,1,28,84.8133157636626,9.0,19,2.352768790285612,2.336942237472915,0,3,0.0001262312,0.99987376,21484.813315763662,8.998863816261292,9898.75019788742,31383.563513651083,3.0,2
1,1,0,0,0,1,0,28,5.299371787801134,1.0,3,3.3107259514616314,3.3192165652891235,0,3,0.0030101044,0.9969899,3805.299371787801,0.996989905834198,1096.6888964176178,4901.988268205419,0.0,2
1,1,1,1,1,6,0,28,27.31787383327097,6.0,4,2.446000612151832,2.4630016702679858,0,1,0.008085205,0.9919148,4927.317873833271,5.9514888525009155,6546.637737751007,11473.955611584279,0.0,1
1,1,0,0,1,6,1,30,203.4054001670788,6.0,1,2.3135253886835816,2.3250360148898666,0,2,0.07402122,0.9259788,1803.4054001670788,5.555872678756714,6111.459946632385,7914.8653467994645,0.0,0
0,1,1,0,1,12,0,27,260.3803118088839,12.0,1,1.4475220818902603,1.6760923273649122,0,1,0.100966804,0.8990332,1860.380311808884,10.788398265838623,11867.238092422485,13727.618404231369,0.0,1
1,1,0,1,1,1,1,23,11.86112483289223,1.0,0,0.0,0.0,1,0,0.9761327,0.02386731,511.86112483289224,0.023867309093475342,26.254040002822876,538.1151648357152,0.0,3
0,1,1,0,1,1,0,32,146.88954406375964,1.0,3,3.3296561488519383,3.3265660806398625,0,2,0.0011718833,0.9988281,3946.88954406376,0.998828113079071,1098.7109243869781,5045.600468450738,0.0,0
0,1,0,0,1,6,1,32,69.46089341690289,6.0,4,0.8934094568035096,0.7523537773883522,0,0,0.006315822,0.9936842,4969.460893416903,5.96210503578186,6558.315539360046,11527.77643277695,0.0,3
1,0,1,0,0,1,0,36,241.48672664248053,1.0,1,0.8402223142701335,0.568063056407286,0,3,0.38530725,0.61469275,1841.4867266424806,0.614692747592926,676.1620223522186,2517.6487489946994,0.0,2
1,1,1,1,1,6,0,31,75.48730754249237,6.0,11,2.51454555211078,2.5547178164073245,0,1,0.00044692523,0.9995531,12675.487307542493,5.997318506240845,6597.050356864929,19272.53766440742,0.0,1
1,1,0,0,1,1,0,29,355.33730361574584,1.0,6,2.7641812848647698,2.6817386592108376,0,2,0.00033058264,0.99966943,7455.337303615745,0.9996694326400757,1099.6363759040833,8554.97367951983,0.0,0
0,1,0,0,1,1,1,31,146.47100083447745,1.0,5,3.3360334395307603,3.36243932318288,0,2,0.000324628,0.9996754,6146.471000834477,0.9996753931045532,1099.6429324150085,7246.113933249486,0.0,0
1,1,0,0,1,12,0,32,57.52396605957156,12.0,2,2.020413493568216,2.0516001147998466,0,1,0.0023147638,0.99768525,2757.5239660595716,11.972223043441772,13169.44534778595,15926.969313845522,0.0,0
0,1,1,1,1,12,1,28,108.2271129661975,10.0,6,3.018430528474921,3.0645509467044296,0,1,8.725045e-05,0.99991274,7208.227112966198,9.999127388000488,10999.040126800537,18207.267239766734,2.0,1
0,1,1,1,1,1,1,32,138.37891487490606,1.0,7,0.0,0.0617865004304534,0,0,0.0013728616,0.9986271,8338.378914874906,0.9986271262168884,1098.4898388385773,9436.868753713483,0.0,1
0,1,1,0,1,12,1,34,163.48228517502702,12.0,6,3.2662459950514338,3.2075370754328167,0,1,3.076832e-05,0.99996924,7263.482285175027,11.99963092803955,13199.594020843506,20463.076306018535,0.0,0
1,1,0,0,1,1,1,34,99.29390382165892,1.0,3,2.870320259067685,2.9230646475121893,0,2,0.0029718927,0.9970281,3899.293903821659,0.997028112411499,1096.730923652649,4996.024827474308,0.0,0
0,0,0,0,1,1,0,30,119.94335712107292,1.0,2,0.0,0.0,1,0,0.7360016,0.2639984,2819.943357121073,0.2639983892440796,290.39822816848755,3110.3415852895605,0.0,3
0,1,1,0,0,1,0,27,145.2766580276161,1.0,0,1.0169897073944023,0.7596884125808576,1,3,0.9920299,0.007970095,645.2766580276161,0.007970094680786133,8.767104148864746,654.0437621764809,0.0,2
0,0,1,1,1,12,1,25,52.62374805362929,11.0,1,2.5721863863420658,1.3264878726530678,1,1,0.97315466,0.026845336,1652.6237480536292,0.29529869556427,324.828565120697,1977.4523131743263,1.0,1
1,1,0,0,1,1,1,28,154.1628620751259,1.0,1,2.1528670980120967,1.7396069789887094,1,2,0.9120612,0.087938786,1754.162862075126,0.08793878555297852,96.73266410827637,1850.8955261834024,0.0,3
1,1,1,1,1,1,0,27,8.900123835732902,1.0,10,2.10905667483338,2.1203975587837607,0,2,0.006793579,0.99320644,11508.900123835732,0.9932064414024353,1092.5270855426788,12601.427209378411,0.0,1
1,1,0,0,1,1,0,29,208.75064645478545,1.0,5,0.751450087780051,0.812234965369667,0,0,0.0027884329,0.9972116,6208.750646454785,0.9972115755081177,1096.9327330589294,7305.6833795137145,0.0,3
1,1,1,0,1,1,0,32,8.039850363747064,1.0,0,1.1831599043899843,0.0881250228465468,1,0,0.9969349,0.0030651093,508.03985036374706,0.0030651092529296875,3.3716201782226562,511.4114705419697,0.0,3
1,1,0,0,1,1,1,29,148.02893499613717,1.0,3,0.390803845609806,0.3838922804590099,0,0,0.010776552,0.9892234,3948.028934996137,0.9892234206199646,1088.145762681961,5036.174697678098,0.0,3
1,1,1,0,1,1,0,28,3.124420547844493,1.0,2,2.3418299439122245,1.8364509859656897,1,0,0.91062874,0.089371264,2703.1244205478447,0.08937126398086548,98.30839037895203,2801.4328109267967,0.0,3
1,1,1,1,1,12,0,26,100.8707269457018,11.0,1,1.7635210044381748,0.9722874406227502,1,1,0.83140314,0.16859686,1700.8707269457018,1.8545655012130737,2040.022051334381,3740.892778280083,1.0,1
1,1,0,0,1,1,1,31,159.9978718698846,1.0,2,1.0457249523692238,1.167138282480571,0,0,0.030584432,0.96941555,2859.9978718698844,0.969415545463562,1066.3571000099182,3926.3549718798026,0.0,3
1,1,0,0,1,12,0,27,232.65837638374623,6.0,2,0.9360818645750508,0.9939559985887207,0,0,0.09976845,0.90023154,2932.658376383746,5.401389241218567,5941.528165340424,8874.18654172417,6.0,1
0,1,1,0,1,6,1,34,349.3616285887374,6.0,11,2.420768488192795,2.2344099488024503,0,1,0.0011390266,0.99886096,12949.361628588736,5.993165731430054,6592.482304573059,19541.843933161796,0.0,0
0,1,1,0,1,12,1,34,293.74145805886195,11.0,2,3.3813086519673456,3.2219311138003563,0,1,9.680816e-05,0.9999032,2993.741458058862,10.998935222625732,12098.828744888306,15092.570202947169,1.0,0
0,1,1,0,1,1,0,31,51.68598807470203,1.0,4,3.582057212326806,3.391811402551886,0,2,0.0020846932,0.9979153,4951.685988074702,0.9979153275489807,1097.7068603038788,6049.392848378581,0.0,0
0,0,0,0,1,6,0,32,32.78245910897215,4.0,4,2.2268815105549664,2.2571864471273866,0,2,0.0011813168,0.9988187,4932.782459108972,3.995274782180786,4394.802260398865,9327.584719507837,2.0,0
0,1,1,0,1,1,1,29,165.48535492698997,1.0,1,0.7054675104189911,0.3871040130917129,1,0,0.6173138,0.3826862,1765.4853549269899,0.38268619775772095,420.95481753349304,2186.440172460483,0.0,3
0,0,0,0,1,12,1,28,106.11009671508906,10.0,3,2.558573365962989,2.520852499161683,0,1,0.0007918522,0.99920815,3906.110096715089,9.99208152294159,10991.289675235748,14897.399771950837,2.0,0
0,1,0,0,1,1,1,24,8.393485751206569,1.0,0,0.7695123447429214,0.0,1,0,0.9994677,0.0005323291,508.3934857512066,0.0005323290824890137,0.585561990737915,508.9790477419445,0.0,3
0,1,0,0,1,1,0,27,128.4703008087325,1.0,2,1.308423329677963,0.6471284060466764,1,0,0.9874467,0.012553275,2828.4703008087326,0.012553274631500244,13.808602094650269,2842.278902903383,0.0,3
1,1,0,0,1,6,0,24,85.4482243452192,6.0,1,1.272569770090738,0.6864815921183905,1,0,0.9939084,0.0060915947,1685.4482243452192,0.03654956817626953,40.204524993896484,1725.6527493391156,0.0,3
0,1,0,0,1,1,1,25,19.578447813450524,1.0,3,0.4565235340875121,0.0,1,0,0.9154415,0.08455849,3819.5784478134506,0.08455848693847656,93.01433563232422,3912.592783445775,0.0,3
1,1,1,0,1,12,0,24,225.72323283523232,12.0,2,2.078897501971153,2.0918845221145577,0,1,0.020249411,0.9797506,2925.7232328352325,11.757006883621216,12932.707571983337,15858.43080481857,0.0,1
0,1,0,0,1,1,1,31,2.769940565708368,1.0,1,1.2551046849886685,1.87931096874142,1,0,0.7910074,0.2089926,1602.7699405657083,0.208992600440979,229.8918604850769,1832.6618010507852,0.0,3
1,1,1,1,1,12,1,30,241.42415501846864,12.0,12,3.1985974540585214,3.161645073170284,0,1,4.5917433e-05,0.9999541,13941.424155018469,11.999449253082275,13199.394178390503,27140.81833340897,0.0,1
1,1,0,0,1,1,0,25,4.395133813231396,1.0,2,0.9185248380898764,0.3256714518037325,1,0,0.99819535,0.0018046498,2704.3951338132315,0.001804649829864502,1.9851148128509521,2706.3802486260824,0.0,3
1,1,1,0,1,1,1,30,94.70146973990644,1.0,0,1.8837771033369075,1.2041432240819052,1,0,0.99490887,0.0050911307,594.7014697399064,0.00509113073348999,5.600243806838989,600.3017135467454,0.0,3
0,1,1,0,1,1,0,34,59.79748282151309,1.0,5,2.9706148948085844,2.9491541151582013,0,2,0.00080653967,0.9991935,6059.797482821513,0.9991934895515442,1099.1128385066986,7158.9103213282115,0.0,0
1,1,1,0,1,6,0,31,104.60419790404032,4.0,1,3.008667578102642,3.0157975444028766,0,2,0.13978188,0.8602181,1704.6041979040403,3.4408724308013916,3784.9596738815308,5489.563871785571,2.0,0
1,1,0,0,1,12,0,27,20.541996653457844,12.0,7,3.154637460362252,3.1131800049430605,0,1,0.0002691777,0.9997308,8220.541996653457,11.996769905090332,13196.446895599365,21416.988892252823,0.0,0
0,1,0,0,1,1,0,28,138.16400402591978,1.0,0,1.210868093004872,0.6058479526101321,1,0,0.9986473,0.0013527274,638.1640040259198,0.0013527274131774902,1.4880001544952393,639.652004180415,0.0,3
1,0,1,0,1,1,0,32,84.28256099823827,1.0,5,2.0367428442860533,2.2496591632462204,0,2,0.0016085199,0.9983915,6084.282560998238,0.9983915090560913,1098.2306599617004,7182.513220959939,0.0,0
0,1,1,1,1,12,0,26,22.57702960057564,11.0,3,3.091988460311585,3.0834796230069856,0,1,0.0022637814,0.9977362,3822.5770296005758,10.975098371505737,12072.608208656311,15895.185238256887,1.0,1
0,1,1,1,1,1,1,28,315.1752672055362,1.0,15,2.624156861161451,2.4974966205629983,0,2,0.0004343271,0.99956566,17315.175267205537,0.9995656609535217,1099.522227048874,18414.69749425441,0.0,1
0,1,1,1,1,12,1,28,5.932281946404352,11.0,4,1.1637260182583584,0.9715894547676742,0,1,0.0028441995,0.9971558,4905.932281946404,10.968713641166687,12065.585005283356,16971.51728722976,1.0,1
1,1,0,0,1,1,0,29,259.1072156999059,1.0,14,2.273820239675892,2.349721272021672,0,2,0.00094911497,0.99905086,16159.107215699905,0.9990508556365967,1098.9559412002563,17258.063156900163,0.0,0
0,1,0,0,1,1,0,29,165.91884044819486,1.0,1,2.47040869050412,2.495465482431805,0,2,0.17353909,0.8264609,1765.918840448195,0.8264608979225159,909.1069877147675,2675.025828162962,0.0,0
1,1,1,0,1,1,0,26,187.5348257256672,1.0,1,2.050436828669105,2.0021187400145184,1,0,0.7524158,0.24758422,1787.5348257256671,0.24758422374725342,272.34264612197876,2059.877471847646,0.0,3
1,1,1,1,1,6,1,30,296.98248103004687,5.0,2,3.1055200987695275,3.2034853077998964,0,1,0.0006610145,0.999339,2996.982481030047,4.996694922447205,5496.364414691925,8493.346895721972,1.0,1
0,1,0,0,0,12,1,33,122.33744410227776,9.0,0,2.783490878974208,2.806008817562486,0,3,0.004137232,0.9958628,622.3374441022778,8.962765038013458,9859.041541814804,10481.378985917081,3.0,2
1,1,1,0,1,12,0,26,281.2992536735902,12.0,0,1.7469014699182002,1.0759021609012729,1,1,0.9610903,0.038909674,781.2992536735902,0.4669160842895508,513.6076927185059,1294.906946392096,0.0,3
1,1,1,0,1,12,0,33,76.9414589861043,9.0,0,2.313957632721181,1.8503077041381208,1,1,0.8970074,0.102992594,576.9414589861043,0.9269333481788635,1019.6266829967499,1596.5681419828543,3.0,1
0,1,0,0,1,6,0,25,34.16938286487617,6.0,1,1.7431857517591025,1.1598394884773469,1,0,0.9930072,0.006992817,1634.169382864876,0.04195690155029297,46.152591705322266,1680.3219745701983,0.0,3
1,1,0,0,1,1,0,29,55.894549939531686,1.0,1,1.6051781324425043,0.6653339121933829,1,0,0.9981402,0.0018597841,1655.8945499395318,0.0018597841262817383,2.045762538909912,1657.9403124784417,0.0,3
0,1,1,1,1,12,1,35,145.19523644843426,11.0,3,2.7721715317820905,2.9194129052203945,0,1,7.128987e-05,0.9999287,3945.195236448434,10.999215841293335,12099.137425422668,16044.332661871103,1.0,1
0,1,1,1,1,6,1,32,243.62234478063576,6.0,6,2.5060529681724413,2.5320395912975715,0,1,0.0003582607,0.9996417,7343.622344780636,5.997850298881531,6597.635328769684,13941.25767355032,0.0,1
1,1,0,0,0,1,1,25,233.76229445660144,1.0,0,0.8312252072502079,0.6865251731843901,1,3,0.9805494,0.019450605,733.7622944566015,0.019450604915618896,21.395665407180786,755.1579598637823,0.0,2
1,1,1,0,0,6,1,28,109.40660713575646,4.0,12,1.6569968589082995,1.5977662738498175,0,3,0.0017585391,0.9982415,13809.406607135756,3.9929659366607666,4392.262530326843,18201.6691374626,2.0,2
0,1,1,0,1,1,0,27,148.12507855738804,1.0,0,1.7811199823429058,1.4935434619628545,1,0,0.98191833,0.018081665,648.1250785573881,0.0180816650390625,19.88983154296875,668.0149101003568,0.0,3
0,1,0,0,1,1,1,29,105.22628816365238,1.0,1,1.6165685232818778,1.7377727952211417,0,0,0.3063128,0.6936872,1705.2262881636525,0.6936872005462646,763.0559206008911,2468.2822087645436,0.0,3
0,1,1,0,1,12,0,26,86.0070080710672,12.0,3,2.4681910117701125,2.6474953173257787,0,1,0.0009442964,0.9990557,3886.007008071067,11.988668203353882,13187.53502368927,17073.54203176034,0.0,1
1,1,0,0,1,1,1,29,242.3549173333029,1.0,1,2.5914212289885312,2.624385893439791,0,2,0.17507386,0.82492614,1842.3549173333029,0.8249261379241943,907.4187517166138,2749.773669049917,0.0,0
0,1,1,1,1,6,0,38,41.2876296389984,6.0,9,3.354540559457196,3.2076088521640966,0,1,0.00029889992,0.9997011,10441.287629638999,5.9982064962387085,6598.027145862579,17039.314775501578,0.0,1
0,1,1,0,1,12,0,27,24.45936878591516,12.0,2,2.6633206166163275,2.6168078795251533,0,1,0.0071757883,0.9928242,2724.459368785915,11.913890361785889,13105.279397964478,15829.738766750394,0.0,0
0,1,1,1,1,1,0,32,266.4375257406123,1.0,0,2.5388240059208176,2.5392677637344865,0,2,0.03943057,0.96056944,766.4375257406123,0.960569441318512,1056.6263854503632,1823.0639111909754,0.0,1
0,1,1,1,0,12,0,31,129.52119214752747,12.0,3,0.6117425555069929,0.5526378991699259,0,3,0.0009305333,0.99906945,3929.5211921475275,11.9888334274292,13187.71677017212,17117.237962319647,0.0,2
1,1,0,0,1,1,0,28,50.23124659100566,1.0,1,3.021558074856105,3.241357273069468,1,2,0.62052923,0.37947077,1650.2312465910056,0.3794707655906677,417.4178421497345,2067.64908874074,0.0,0
1,1,0,1,1,1,0,28,12.815002652885212,1.0,2,1.2227625552730954,0.6127626581461825,1,0,0.9904907,0.009509325,2712.815002652885,0.00950932502746582,10.460257530212402,2723.2752601830975,0.0,3
1,1,1,1,1,12,1,26,199.5012360164297,12.0,5,0.0,0.0,0,1,0.00042035876,0.99957967,6199.50123601643,11.994956016540527,13194.45161819458,19393.95285421101,0.0,1
0,0,1,0,1,6,0,32,372.19697361610224,4.0,2,0.8341561644152471,0.9012052840620208,0,0,0.009789948,0.99021006,3072.1969736161022,3.9608402252197266,4356.924247741699,7429.121221357802,2.0,3
0,1,0,0,1,1,0,33,339.39610325583686,1.0,7,1.957221588380751,2.0864960723806942,0,2,0.00019603755,0.99980396,8539.396103255836,0.9998039603233337,1099.7843563556671,9639.180459611503,0.0,0
0,1,0,0,1,1,0,27,20.95011283532236,1.0,2,0.5231167862848418,0.6162717254343959,0,0,0.46083495,0.539165,2720.950112835322,0.5391650199890137,593.081521987915,3314.0316348232373,0.0,3
0,1,1,0,1,12,0,29,69.40725016502259,10.0,9,3.5298871881617586,3.5469058672573626,0,1,2.7374565e-05,0.99997264,10469.407250165023,9.999726414680481,10999.699056148529,21469.10630631355,2.0,0
0,1,1,1,1,1,0,27,106.46947543075945,1.0,2,1.8532964554815468,1.271541177872776,1,0,0.9768528,0.023147225,2806.4694754307593,0.023147225379943848,25.461947917938232,2831.9314233486975,0.0,1
1,1,0,0,1,1,1,27,115.6596518435546,1.0,1,0.5162010474100025,0.0,1,0,0.99131197,0.008688033,1715.6596518435547,0.008688032627105713,9.556835889816284,1725.216487733371,0.0,3
1,1,0,0,0,1,1,32,11.533209503348804,1.0,20,2.2721227929114045,2.487435953402974,0,3,0.0007634585,0.9992365,22511.53320950335,0.999236524105072,1099.1601765155792,23610.693386018927,0.0,2
0,1,0,0,1,1,0,27,79.58589030535262,1.0,8,2.8803168694610286,3.2572362439582654,0,2,0.0021735323,0.99782646,9379.585890305352,0.9978264570236206,1097.6091027259827,10477.194993031335,0.0,0
1,1,0,0,1,1,1,30,46.50796860327898,1.0,9,2.806037606824572,2.9446098837473054,0,2,0.00053103844,0.999469,10446.507968603279,0.999468982219696,1099.4158804416656,11545.923849044944,0.0,0
0,1,1,1,1,12,1,32,321.0391665322337,12.0,8,1.1727371864288254,1.1192968929917098,0,1,0.00016180093,0.9998382,9621.039166532233,11.998058080673218,13197.86388874054,22818.90305527277,0.0,1
1,1,1,1,1,1,1,25,224.78657481389345,1.0,15,2.852073611615561,2.87888296664441,0,2,0.0027894687,0.9972105,17224.786574813894,0.9972105026245117,1096.931552886963,18321.718127700857,0.0,1
0,0,0,0,1,1,0,33,182.96051423116643,1.0,2,3.0335317621065867,3.249252966856845,0,2,0.013857255,0.98614275,2882.9605142311666,0.9861427545547485,1084.7570300102234,3967.71754424139,0.0,0
0,1,1,0,1,6,1,27,211.2575494668856,6.0,3,2.984066566588792,2.9718474721917034,0,2,0.0035049235,0.99649507,4011.2575494668854,5.978970408439636,6576.8674492836,10588.124998750485,0.0,0
0,1,1,0,1,1,0,34,133.27351774221847,1.0,1,1.674653471332782,1.4594552529893714,1,0,0.6018718,0.3981282,1733.2735177422185,0.3981282114982605,437.94103264808655,2171.214550390305,0.0,3
1,1,0,0,1,6,1,36,198.18937702749903,5.0,3,3.6974406775896727,3.8802651640543937,0,2,0.00025917235,0.99974084,3998.189377027499,4.998704195022583,5498.574614524841,9496.76399155234,1.0,0
0,1,0,0,1,1,0,31,192.32386288876413,1.0,0,1.9039035847669243,1.2858704774835434,1,0,0.9835157,0.01648432,692.3238628887641,0.016484320163726807,18.132752180099487,710.4566150688636,0.0,3
0,1,1,1,1,1,1,30,179.3404988837607,1.0,0,2.570381550716452,2.5766883454354708,0,2,0.118215874,0.88178414,679.3404988837607,0.8817841410636902,969.9625551700592,1649.3030540538198,0.0,1
0,1,1,0,1,12,1,28,0.9932401239909652,12.0,2,0.5446315107332715,0.5325431536423598,0,1,0.009474094,0.9905259,2700.9932401239907,11.886310815811157,13074.941897392273,15775.935137516264,0.0,3
0,1,0,0,1,12,1,28,258.2415155487877,11.0,6,2.853807625198692,2.7501763204178733,0,1,4.3096206e-05,0.9999569,7358.241515548788,10.999525964260101,12099.478560686111,19457.7200762349,1.0,0
1,1,1,1,1,12,1,30,181.0028959878132,12.0,7,0.5610166253780329,0.565700506744143,0,1,5.4602813e-05,0.9999454,8381.002895987813,11.999344825744629,13199.279308319092,21580.282204306903,0.0,1
1,1,1,1,1,6,1,33,60.30236761650484,6.0,1,2.3813207201130115,2.5221891034388007,0,1,0.007308906,0.9926911,1660.3023676165049,5.956146597862244,6551.761257648468,8212.063625264973,0.0,1
1,1,0,1,1,1,1,26,210.4587478358126,1.0,5,2.4218357030784974,2.3364395309648884,0,2,0.0039238837,0.9960761,6210.458747835813,0.9960761070251465,1095.6837177276611,7306.142465563474,0.0,0
1,0,0,0,1,1,1,27,140.8167179017984,1.0,0,0.1587093511685948,0.0,1,0,0.99059707,0.009402931,640.8167179017984,0.009402930736541748,10.343223810195923,651.1599417119943,0.0,3
0,1,1,1,1,12,1,26,96.17802383494914,12.0,6,0.6393106201800414,0.5778588160475251,0,1,0.00053148536,0.9994685,7196.178023834949,11.993622064590454,13192.9842710495,20389.16229488445,0.0,1
1,0,0,0,1,1,0,25,120.89646493389186,1.0,0,0.5940693129532343,0.130168691592218,1,0,0.99895954,0.0010404587,620.8964649338918,0.0010404586791992188,1.1445045471191406,622.040969481011,0.0,3
1,1,1,0,1,1,0,33,296.04087220523564,1.0,4,3.0845683045948595,3.261775210131752,0,2,0.00055645604,0.99944353,5196.040872205235,0.999443531036377,1099.3878841400146,6295.42875634525,0.0,0
0,1,0,0,1,1,0,27,69.23184480197112,1.0,4,1.5021470839538913,1.3611539648712807,0,0,0.32033613,0.6796639,4969.231844801971,0.679663896560669,747.6302862167358,5716.862131018707,0.0,3
1,1,0,0,1,1,0,31,152.79447566083138,1.0,2,0.6050933831932901,0.3042651775212127,1,0,0.8194656,0.18053442,2852.7944756608313,0.18053442239761353,198.58786463737488,3051.382340298206,0.0,3
1,1,0,0,1,12,0,34,67.57984992052961,12.0,3,0.9602677830923754,1.054448217992811,0,1,0.002599423,0.9974006,3867.57984992053,11.968806982040405,13165.687680244446,17033.267530164976,0.0,3
0,1,1,0,1,1,0,27,148.95699151605342,1.0,2,0.4453329587082928,0.2336664486338364,1,0,0.7288326,0.2711674,2848.956991516053,0.2711673974990845,298.2841372489929,3147.241128765046,0.0,3
1,1,1,0,1,12,0,30,248.18591051225587,12.0,5,1.8721415859686168,1.8341133123347435,0,1,0.00025814518,0.99974185,6248.185910512256,11.996902227401733,13196.592450141907,19444.778360654163,0.0,1
0,1,1,1,1,12,1,30,377.0938276782949,6.0,5,0.2216884297624735,0.3627424457141967,0,1,0.00014505548,0.9998549,6377.0938276782945,5.9991295337677,6599.04248714447,12976.136314822765,6.0,1
1,1,0,0,1,1,1,21,42.72150190839385,1.0,1,2.5076539063128984,2.8125033483305955,1,2,0.7696153,0.23038471,1642.7215019083937,0.2303847074508667,253.42317819595337,1896.1446801043471,0.0,0
1,1,0,0,1,6,1,33,156.47625016851896,6.0,3,2.8158724443765424,2.790480515738328,0,2,0.0008560895,0.9991439,3956.476250168519,5.994863390922546,6594.349730014801,10550.82598018332,0.0,0
0,1,1,1,1,1,0,31,35.14518806279321,1.0,7,0.4356712092020223,0.4246464401759717,0,0,0.0093289,0.9906711,8235.145188062794,0.9906710982322693,1089.7382080554962,9324.88339611829,0.0,3
1,1,1,0,0,12,1,28,188.4038652705076,11.0,1,2.1932326135481857,1.3809423726367671,1,3,0.625185,0.374815,1788.4038652705076,4.122964859008789,4535.261344909668,6323.665210180176,1.0,2
0,0,0,0,1,1,0,29,59.20225945287297,1.0,1,2.0315369288933485,1.082313457928722,1,0,0.9942794,0.0057206154,1659.202259452873,0.005720615386962891,6.29267692565918,1665.4949363785322,0.0,3
0,0,1,0,1,12,0,25,213.6840244097123,12.0,2,0.6333229952253094,0.5416915426072071,0,1,0.008605718,0.9913943,2913.6840244097125,11.89673137664795,13086.404514312744,16000.088538722457,0.0,3
0,1,0,0,1,1,0,34,124.72820415611332,1.0,14,1.9610999531145707,2.013307652224265,0,2,0.0016062411,0.9983938,16024.728204156114,0.9983937740325928,1098.233151435852,17122.961355591964,0.0,0
1,1,1,1,1,6,1,28,118.55952183035204,6.0,4,2.771893859067281,2.8557885018746973,0,1,0.0010973488,0.9989027,5018.559521830352,5.99341607093811,6592.757678031921,11611.317199862275,0.0,1
0,1,0,1,1,1,0,24,84.03725036498153,1.0,3,1.8924676174969133,1.9353552194528687,0,0,0.24301468,0.7569853,3884.0372503649814,0.7569853067398071,832.6838374137878,4716.721087778769,0.0,3
1,1,1,0,1,6,0,32,217.37716862983777,6.0,5,1.3426445529957962,1.1197872573905914,0,1,0.0042390586,0.9957609,6217.377168629838,5.974565505981445,6572.02205657959,12789.399225209429,0.0,3
1,1,1,1,1,6,0,28,3.7009482570771297,6.0,2,2.3121649424439568,2.2793855734268345,0,1,0.034047373,0.96595263,2703.700948257077,5.795715808868408,6375.287389755249,9078.988338012326,0.0,1
0,1,0,0,1,1,0,30,89.54119747824184,1.0,1,1.8559659385824911,0.3024842794329681,1,0,0.9998568,0.00014317036,1689.5411974782419,0.00014317035675048828,0.1574873924255371,1689.6986848706674,0.0,3
0,1,1,0,1,1,0,26,170.53815392821326,1.0,1,1.5823087131825968,0.7038208530043021,1,0,0.9979334,0.0020666122,1770.5381539282132,0.0020666122436523438,2.273273468017578,1772.8114273962308,0.0,3
0,1,0,0,1,1,0,33,142.2185242654759,1.0,4,0.5905032262057002,0.8207392167011291,0,0,0.014707531,0.9852925,5042.218524265476,0.9852924942970276,1083.8217437267303,6126.040267992206,0.0,3
0,1,1,0,1,12,0,27,98.68598584847004,12.0,8,0.5168929591086047,0.6149812911193042,0,1,0.00038294392,0.99961704,9398.68598584847,11.995404481887817,13194.9449300766,22593.630915925067,0.0,3
0,1,0,0,1,1,0,33,253.24270362689185,1.0,3,1.3067421385500493,1.4474074413771247,0,0,0.013577002,0.986423,4053.242703626892,0.9864230155944824,1085.0653171539307,5138.3080207808225,0.0,3
1,1,0,0,1,1,1,28,20.49079384127424,1.0,1,2.737433338421468,2.1108609104613034,1,2,0.9160361,0.08396387,1620.4907938412744,0.08396387100219727,92.36025810241699,1712.8510519436913,0.0,0
1,1,1,0,0,12,0,28,6.100359409215372,11.0,1,0.0,0.0,0,3,0.14749256,0.8525075,1606.1003594092153,9.37758219242096,10315.340411663055,11921.44077107227,1.0,2
1,0,0,0,1,6,0,29,217.1662182200959,6.0,8,1.236885657032644,1.1329794328648437,0,0,0.0023097731,0.9976902,9517.166218220096,5.986141204833984,6584.755325317383,16101.921543537479,0.0,3
0,1,1,1,1,6,0,29,389.265458919842,5.0,5,1.6641545101217394,1.6563407245396995,0,1,0.00037408114,0.9996259,6389.265458919842,4.998129606246948,5497.942566871643,11887.208025791486,1.0,1
1,1,1,1,1,12,1,29,279.6858686683978,10.0,4,1.7890425354239992,1.7644842140815655,0,1,0.0011183514,0.99888164,5179.685868668398,9.988816380500793,10987.698018550873,16167.383887219272,2.0,1
1,1,0,1,1,1,1,32,28.98466900301688,1.0,0,1.0614892167110832,0.3277025070086424,1,0,0.99578685,0.0042131543,528.9846690030168,0.004213154315948486,4.634469747543335,533.6191387505602,0.0,3
0,0,1,0,1,1,0,28,178.84582664927854,1.0,5,1.8163835731766167,1.912492146857262,0,0,0.0015308318,0.9984692,6178.845826649279,0.9984691739082336,1098.316091299057,7277.161917948336,0.0,3
1,1,1,1,1,12,1,29,77.38762569669329,11.0,3,2.96409709431036,3.040982138507768,0,1,0.0006144459,0.99938554,3877.3876256966932,10.993240892887115,12092.564982175827,15969.952607872521,1.0,1
1,1,1,0,1,12,0,29,157.72784296761373,11.0,16,2.0260863105342826,2.1207617367081006,0,1,0.000115628005,0.99988437,18257.727842967615,10.998728036880493,12098.600840568542,30356.328683536158,1.0,1
0,1,0,0,1,1,0,25,372.0599138682042,1.0,0,1.7776633209004231,1.117607470332343,1,0,0.98677677,0.013223231,872.0599138682041,0.013223230838775635,14.545553922653198,886.6054677908573,0.0,3
0,1,1,1,1,1,0,24,158.20895122566412,1.0,3,1.4994834188140012,1.3019226068468344,1,0,0.7654623,0.23453772,3958.2089512256644,0.23453772068023682,257.9914927482605,4216.200443973925,0.0,3
0,0,1,0,1,1,0,31,78.79411914470398,1.0,2,2.505449106146983,2.5103759324687087,0,2,0.036823556,0.9631764,2778.794119144704,0.963176429271698,1059.4940721988678,3838.2881913435717,0.0,0
0,1,0,0,1,1,0,32,326.5204608218621,1.0,5,0.5626409734850883,0.6323261046147313,0,0,0.0011065729,0.99889344,6326.520460821862,0.9988934397697449,1098.7827837467194,7425.303244568581,0.0,3
0,1,0,0,1,1,0,27,62.75503679447015,1.0,3,1.31094807227483,0.4460568063737522,1,0,0.9821478,0.017852187,3862.75503679447,0.017852187156677246,19.63740587234497,3882.392442666815,0.0,3
1,1,1,1,1,12,0,28,257.17638986147944,7.0,14,3.2831309094324945,3.210570790162089,0,1,0.0002340336,0.999766,16157.176389861479,6.998361945152283,7698.198139667511,23855.374529528992,5.0,1
1,0,1,0,1,6,0,39,113.54725354679036,6.0,7,3.685728246099584,3.886263022830317,0,2,0.0001462736,0.99985373,8313.54725354679,5.999122381210327,6599.03461933136,14912.58187287815,0.0,0
0,1,0,0,0,1,0,29,54.507029938959725,1.0,3,1.832083153271096,1.2365771732635835,1,3,0.95505184,0.04494816,3854.50702993896,0.04494816064834595,49.44297671318054,3903.9500066521405,0.0,2
0,1,0,0,1,1,0,29,289.06548717511725,1.0,3,2.9723807756128737,2.868042772432936,0,2,0.004544757,0.99545527,4089.065487175117,0.995455265045166,1095.0007915496826,5184.0662787248,0.0,0
0,1,0,0,0,6,1,35,70.98492632767153,2.0,1,2.673766860166121,2.750781289323585,0,3,0.00601656,0.99398345,1670.9849263276715,1.9879668951034546,2186.7635846138,3857.7485109414715,4.0,2
1,0,1,1,1,12,0,32,139.5405244493288,12.0,6,2.836168235923628,2.973266940904832,0,1,8.535895e-05,0.99991465,7239.540524449329,11.99897575378418,13198.873329162598,20438.413853611928,0.0,1
1,1,0,0,1,12,1,25,48.15528210964485,10.0,0,1.689700066029594,1.6456443160225795,0,1,0.17114973,0.82885027,548.1552821096449,8.28850269317627,9117.352962493896,9665.508244603541,2.0,3
1,0,1,0,1,6,1,23,58.50810039542412,6.0,1,2.2588138836270266,2.3468809753782454,0,0,0.5803343,0.4196657,1658.5081003954242,2.5179941654205322,2769.7935819625854,4428.301682358009,0.0,3
0,1,0,0,1,6,0,29,164.5550334294613,6.0,2,1.04738076530445,1.0536591869396104,0,0,0.03163874,0.96836126,2864.555033429461,5.810167551040649,6391.184306144714,9255.739339574175,0.0,3
1,1,0,0,1,6,1,23,7.218641618811588,6.0,0,2.5881364232459703,2.340501795994716,1,2,0.94114065,0.05885935,507.2186416188116,0.35315608978271484,388.4716987609863,895.6903403797979,0.0,0
0,1,1,1,1,12,1,30,149.5027911942818,12.0,1,1.9562818253309449,2.1108444648442632,0,1,0.0046979,0.9953021,1749.5027911942818,11.94362497329712,13137.987470626831,14887.490261821113,0.0,1
0,1,1,0,1,1,0,30,149.78420846913696,1.0,4,1.931587643239236,1.730921512336502,0,0,0.041900974,0.958099,5049.7842084691365,0.9580990076065063,1053.908908367157,6103.6931168362935,0.0,3
0,1,0,0,1,12,0,31,241.9689116367653,12.0,4,1.9680986329717969,1.7568197034771091,0,1,0.0010164004,0.9989836,5141.968911636765,11.98780345916748,13186.583805084229,18328.552716720995,0.0,0
0,1,1,1,1,6,0,35,196.44036068570875,6.0,3,0.6247043584771257,0.6496831911722812,0,1,0.0022788611,0.99772114,3996.4403606857086,5.986326813697815,6584.959495067596,10581.399855753305,0.0,1
1,1,1,0,0,6,0,30,141.7583605448954,4.0,3,1.8932572924996205,1.8692797198747184,0,3,0.021149952,0.97885007,3941.7583605448954,3.915400266647339,4306.940293312073,8248.698653856969,2.0,2
1,0,1,0,1,12,1,28,338.4193944823344,10.0,7,1.6367048232551458,1.6306011238950158,0,1,6.9575755e-05,0.99993044,8538.419394482335,9.999304413795471,10999.234855175018,19537.654249657353,2.0,1
1,1,0,0,1,1,1,25,148.69051723231868,1.0,1,2.810619134733252,2.9118150695594136,0,2,0.25257626,0.74742377,1748.6905172323186,0.7474237680435181,822.1661448478699,2570.8566620801885,0.0,0
0,1,1,1,1,6,0,34,93.00243911739013,6.0,4,2.9219220350370136,2.9452736889957367,0,1,0.0005155209,0.9994845,4993.00243911739,5.996906876564026,6596.5975642204285,11589.600003337819,0.0,1
0,1,1,1,0,1,0,32,357.3479755233605,1.0,10,0.2655978253277239,0.3378590368743586,0,3,0.001377152,0.99862283,11857.34797552336,0.9986228346824646,1098.485118150711,12955.833093674071,0.0,2
1,1,0,0,1,1,1,30,137.8353142916146,1.0,13,1.7877068726346428,1.8562817909497,0,2,0.0014736378,0.99852633,14937.835314291615,0.9985263347625732,1098.3789682388306,16036.214282530445,0.0,0
1,1,0,1,0,1,1,32,88.80894656248208,1.0,15,2.9670293699036963,3.066051825927328,0,3,0.00072552136,0.9992745,17088.808946562483,0.999274492263794,1099.2019414901733,18188.010888052657,0.0,2
0,1,0,0,1,1,0,28,71.12360581122692,1.0,1,1.4617068709553205,0.0812102065805597,1,0,0.9997842,0.00021582842,1671.123605811227,0.00021582841873168945,0.2374112606048584,1671.3610170718318,0.0,3
0,1,1,0,1,12,1,35,1.66205764062245,11.0,6,1.0414759624250007,0.9818013941826074,0,1,0.0022158204,0.9977842,7101.662057640622,10.975626170635223,12073.188787698746,19174.850845339366,1.0,1
0,1,0,0,1,1,1,26,277.8824879257915,1.0,3,2.3803287204206227,2.5436716912810526,0,2,0.033815816,0.9661842,4077.8824879257913,0.9661841988563538,1062.8026187419891,5140.685106667781,0.0,0
0,1,1,1,1,1,1,25,4.597707235604858,1.0,2,1.545907750965588,0.7955673417742353,1,0,0.99512273,0.0048772693,2704.597707235605,0.004877269268035889,5.3649961948394775,2709.9627034304444,0.0,1
0,0,0,0,1,1,0,26,117.85040173966614,1.0,1,1.5344962422573964,1.4746303212268663,0,0,0.8449693,0.15503073,1717.850401739666,0.1550307273864746,170.53380012512207,1888.384201864788,0.0,3
1,1,1,0,1,12,0,28,3.97779462752672,11.0,2,1.528125712194075,1.4345869795693136,0,1,0.01896922,0.98103076,2703.9777946275267,10.791338384151459,11870.472222566605,14574.45001719413,1.0,1
0,1,1,1,1,1,1,35,161.8729406297085,1.0,3,1.8966865203320653,1.7837558495300234,0,2,0.015757835,0.98424214,3961.8729406297084,0.9842421412467957,1082.6663553714752,5044.539296001183,0.0,1
1,1,1,1,1,1,0,30,123.29279270131656,1.0,9,3.2961836924925487,3.4317964899078226,0,2,0.00062943425,0.9993706,10523.292792701317,0.9993705749511719,1099.307632446289,11622.600425147606,0.0,0
0,1,1,1,1,1,0,29,91.7206794362429,1.0,1,2.686537161361162,2.8021726436055507,0,2,0.081875704,0.9181243,1691.7206794362428,0.9181243181228638,1009.9367499351501,2701.657429371393,0.0,1
0,1,0,0,1,1,0,23,19.92174778614195,1.0,0,0.2849619971703978,0.033128608595573,1,0,0.9953099,0.0046901107,519.921747786142,0.004690110683441162,5.159121751785278,525.0808695379272,0.0,3
0,1,1,0,1,1,1,33,204.66780241890407,1.0,1,0.3876353173572311,0.4770120811605811,0,0,0.022850573,0.9771494,1804.667802418904,0.9771494269371033,1074.8643696308136,2879.5321720497177,0.0,3
1,1,1,1,1,6,1,28,117.22439003104677,6.0,9,2.5933524474849947,2.6422207738713253,0,1,0.0005599628,0.99944,10517.224390031046,5.996640086174011,6596.304094791412,17113.52848482246,0.0,1
1,1,1,0,1,12,0,36,85.13967923949508,11.0,3,2.2358379541773514,2.11385066191204,0,1,0.00030578242,0.9996942,3885.1396792394953,10.996636509895325,12096.300160884857,15981.439840124352,1.0,1
1,1,1,0,1,6,0,29,181.0796461235801,5.0,2,1.7962517825768114,1.6851709475933552,0,0,0.03181693,0.96818304,2881.07964612358,4.840915203094482,5325.006723403931,8206.086369527511,1.0,1
0,1,1,0,1,12,0,31,249.7079933540165,11.0,4,3.351569213010152,3.2293184184014283,0,1,7.9154124e-05,0.99992085,5149.707993354016,10.999129295349121,12099.042224884033,17248.75021823805,1.0,0
0,1,0,0,1,1,0,33,131.7147704107877,1.0,4,1.3791971447432405,1.3570183363950292,0,0,0.008393786,0.99160624,5031.714770410787,0.9916062355041504,1090.7668590545654,6122.481629465353,0.0,3
0,1,1,1,1,12,1,34,264.99028831330315,12.0,5,2.759221374869382,2.8084848403765363,0,1,5.6112844e-05,0.9999439,6264.990288313304,11.999326944351196,13199.259638786316,19464.24992709962,0.0,1
0,1,1,0,1,12,1,32,306.9244776190667,9.0,5,2.1270837709939268,2.065861075117763,0,1,0.00013229466,0.9998677,6306.924477619066,8.998809099197388,9898.690009117126,16205.614486736193,3.0,1
0,0,0,0,1,1,0,26,136.56712942810822,1.0,0,1.3482322036077874,0.7104000309649621,1,0,0.9988464,0.0011535883,636.5671294281083,0.0011535882949829102,1.2689471244812012,637.8360765525895,0.0,3
1,0,1,1,1,6,1,25,135.4998502483,5.0,2,0.8568999932235337,1.0339394023380677,0,0,0.031159459,0.96884054,2835.4998502483,4.844202697277069,5328.622967004776,8164.1228172530755,1.0,1
0,1,0,0,1,12,0,32,113.71406901112162,9.0,8,2.964730763755429,2.911843065215052,0,1,3.8413258e-05,0.9999616,9413.714069011121,8.999654531478882,9899.61998462677,19313.33405363789,3.0,0
1,1,0,0,1,1,0,31,128.55666203765492,1.0,11,2.4909604343851988,2.3556226682079706,0,2,0.0015731999,0.9984268,12728.556662037656,0.9984267950057983,1098.2694745063782,13826.826136544034,0.0,0
1,1,0,1,1,12,1,24,114.3182356721258,12.0,6,1.2142128590842458,1.297126150345825,0,1,0.0002944076,0.9997056,7214.318235672125,11.996467351913452,13196.114087104797,20410.432322776924,0.0,1
1,1,1,1,1,1,1,25,135.39317576088317,1.0,1,1.4966562663706595,0.9923152655592384,1,0,0.9813069,0.01869309,1735.3931757608832,0.018693089485168457,20.562398433685303,1755.9555741945685,0.0,1
0,1,0,0,1,1,1,37,90.7907504820519,1.0,4,3.5478347291478936,3.576007676886675,0,2,0.0002623006,0.9997377,4990.790750482052,0.9997376799583435,1099.7114479541779,6090.50219843623,0.0,0
0,1,1,0,1,1,0,31,15.356372115950306,1.0,1,1.5436895950951626,1.544273134967151,0,0,0.5775549,0.42244512,1615.3563721159503,0.4224451184272766,464.6896302700043,2080.0460023859546,0.0,3
0,1,1,1,1,1,1,29,27.60340452938485,1.0,0,2.1324989096134503,2.3454723441124146,0,2,0.26743847,0.7325615,527.6034045293849,0.7325615286827087,805.8176815509796,1333.4210860803646,0.0,1
0,1,1,0,1,6,1,29,0.5563518929473474,4.0,6,3.650142094875704,3.63342603358528,0,2,0.00018949939,0.9998105,7100.5563518929475,3.999242067337036,4399.16627407074,11499.722625963688,2.0,0
0,1,0,0,1,1,0,28,80.89394773696569,1.0,2,0.5470463353446405,0.3182899026448061,1,0,0.9688608,0.031139195,2780.893947736966,0.03113919496536255,34.253114461898804,2815.1470621988647,0.0,3
1,1,0,0,1,1,1,31,329.2944207267402,1.0,8,2.5603865598948383,2.406633235279746,0,2,0.00017576366,0.9998242,9629.294420726741,0.9998242259025574,1099.806648492813,10729.101069219554,0.0,0
0,0,0,0,1,1,0,29,30.55209068937352,1.0,1,1.6676182055107758,1.8229881211337424,0,0,0.6266883,0.3733117,1630.5520906893735,0.37331169843673706,410.64286828041077,2041.1949589697842,0.0,3
0,0,1,0,1,1,0,33,11.437718334185805,1.0,1,2.0081293202606942,2.0324869101680942,0,0,0.10503777,0.89496225,1611.4377183341858,0.8949622511863708,984.4584763050079,2595.8961946391937,0.0,3
1,0,0,0,1,1,0,31,290.5944729755333,1.0,1,3.078770876774521,3.1513233129011486,0,2,0.02751393,0.9724861,1890.5944729755333,0.9724860787391663,1069.7346866130829,2960.329159588616,0.0,0
1,1,1,1,1,1,1,31,221.5578743317332,1.0,5,2.0989042604827177,2.0520605890349253,0,2,0.002856951,0.99714303,6221.557874331733,0.997143030166626,1096.8573331832886,7318.415207515021,0.0,1
1,1,0,0,1,1,1,28,7.614527692670634,1.0,2,1.9208193784292835,1.7372266619148518,1,0,0.631477,0.368523,2707.6145276926704,0.3685230016708374,405.37530183792114,3112.9898295305916,0.0,3
0,1,0,0,1,6,0,31,89.61179662687452,4.0,10,1.3549289786364325,1.3442484409388942,0,0,0.0029838246,0.9970162,11589.611796626874,3.988064765930176,4386.871242523193,15976.483039150067,2.0,3
1,1,0,0,1,1,0,32,20.323578042329626,1.0,0,2.243069509206527,2.1723606812731227,0,2,0.2597984,0.7402016,520.3235780423296,0.7402015924453735,814.2217516899109,1334.5453297322406,0.0,0
0,1,1,0,1,6,0,26,7.9757579370968035,6.0,2,2.4678609718726365,2.4783020117172567,0,2,0.068766356,0.93123364,2707.9757579370967,5.587401866912842,6146.142053604126,8854.117811541222,0.0,0
0,1,0,0,1,1,0,27,191.5141190094729,1.0,2,2.1714747952715725,1.796149428063054,1,0,0.82646155,0.17353845,2891.514119009473,0.1735384464263916,190.89229106903076,3082.4064100785035,0.0,3
1,1,0,0,0,6,1,33,134.02239198408793,6.0,10,2.0771991664420653,1.9976198172061084,0,3,0.0007558693,0.99924415,11634.022391984088,5.99546492099762,6595.011413097382,18229.033805081468,0.0,2
0,1,1,1,1,12,0,29,9.729374773487317,7.0,3,2.8639274174997804,2.976063046025542,0,1,0.0022434134,0.9977566,3809.7293747734875,6.984296202659607,7682.725822925568,11492.455197699055,5.0,1
0,1,1,1,1,1,0,23,334.1403552836297,1.0,2,1.9049120673498487,1.859883301593376,1,0,0.71332407,0.28667593,3034.1403552836296,0.28667593002319336,315.3435230255127,3349.4838783091423,0.0,1
0,1,1,1,1,12,1,34,117.76351989578929,10.0,1,3.265158373867611,3.2634837996877883,0,1,0.00024964445,0.9997504,1717.7635198957894,9.997503757476807,10997.254133224487,12715.017653120276,2.0,1
1,1,0,0,0,1,0,26,275.9489648075156,1.0,0,2.153834280427512,1.847636166035695,1,3,0.9357294,0.064270616,775.9489648075156,0.06427061557769775,70.69767713546753,846.6466419429831,0.0,2
1,1,0,0,1,1,1,19,248.6871815066128,1.0,0,0.9985046890393392,0.8369918668976692,0,0,0.5599729,0.44002712,748.6871815066128,0.440027117729187,484.0298295021057,1232.7170110087186,0.0,3
1,1,0,0,1,1,1,21,38.2828250929991,1.0,3,3.4172558501992603,3.429057951995418,0,2,0.016617822,0.98338217,3838.2828250929992,0.9833821654319763,1081.720381975174,4920.003207068174,0.0,0
0,1,0,0,1,1,0,26,240.9808673396965,1.0,3,1.3179523934352946,1.3607883927495583,0,0,0.092046484,0.9079535,4040.9808673396965,0.9079535007476807,998.7488508224487,5039.729718162145,0.0,3
0,1,1,0,1,1,0,24,93.01588489934367,1.0,0,1.768273989655074,1.2578659606346765,1,0,0.9989644,0.0010355711,593.0158848993436,0.0010355710983276367,1.1391282081604004,594.155013107504,0.0,3
1,1,1,0,1,6,1,27,258.0670737280116,6.0,4,2.492840642073462,2.5562673023930254,0,2,0.0021754205,0.99782455,5158.067073728012,5.986947298049927,6585.642027854919,11743.709101582932,0.0,0
0,1,0,0,1,12,0,34,71.73921724864654,12.0,4,2.8856345219904,2.8980311018216733,0,1,4.8972626e-05,0.999951,4971.739217248646,11.999412059783936,13199.35326576233,18171.092483010976,0.0,0
1,1,0,1,1,1,1,35,116.27690669125472,1.0,0,3.66276324151672,3.7633807871987073,0,2,0.0076745194,0.9923255,616.2769066912547,0.992325484752655,1091.5580332279205,1707.8349399191752,0.0,0
1,1,1,0,0,12,0,35,229.6935202661616,11.0,2,0.5550920616883737,0.3432381213285066,0,3,0.0013833974,0.9986166,2929.6935202661616,10.984782338142395,12083.260571956635,15012.954092222797,1.0,2
0,1,0,1,1,1,1,32,235.9099331162276,1.0,19,0.7645157300510685,0.8438262317157283,0,2,0.0010029791,0.99899703,21635.90993311623,0.9989970326423645,1098.896735906601,22734.80666902283,0.0,1
0,1,0,0,1,1,1,26,107.58965540196073,1.0,3,2.8590568878435665,2.9375897560229824,0,2,0.022406146,0.97759384,3907.589655401961,0.9775938391685486,1075.3532230854034,4982.942878487364,0.0,0
1,1,1,1,0,6,1,34,13.41430393330576,5.0,8,3.896427326183949,3.939824442627673,0,3,0.00027185093,0.99972814,9313.414303933307,4.998640716075897,5498.504787683487,14811.919091616794,1.0,2
0,0,0,0,1,6,1,28,224.97525103701943,6.0,1,3.0773027305741967,3.125543588115009,0,2,0.110264495,0.8897355,1824.9752510370195,5.338413119316101,5872.254431247711,7697.229682284731,0.0,0
1,1,0,0,1,12,1,29,223.1080855739229,12.0,1,1.2402606476350269,1.1470846502069976,1,1,0.41408375,0.5859163,1823.1080855739228,7.0309953689575195,7734.0949058532715,9557.202991427195,0.0,3
0,1,1,1,1,12,0,24,187.2240741304019,12.0,1,0.1351781197579269,0.1499791383632368,0,1,0.019319538,0.98068047,1787.224074130402,11.768165588378906,12944.982147216797,14732.206221347198,0.0,1
0,1,1,1,1,12,0,29,395.79624496462935,12.0,6,1.4473083398554911,1.4748532819594276,0,1,0.00036672744,0.99963325,7495.796244964629,11.995599031448364,13195.1589345932,20690.95517955783,0.0,1
0,0,0,0,1,1,1,32,138.92092536156224,1.0,7,2.2722112992000487,2.098052958443245,0,2,0.0018012723,0.99819875,8338.920925361563,0.9981987476348877,1098.0186223983765,9436.93954775994,0.0,0
1,1,0,0,1,1,0,32,165.34432847633144,1.0,2,2.9714882086996632,3.0873052197051347,0,2,0.014028054,0.9859719,2865.3443284763316,0.9859719276428223,1084.5691204071045,3949.913448883436,0.0,0
1,0,0,0,0,6,0,27,231.38892985189565,6.0,4,2.043251663900741,2.284210938962564,0,3,0.0030400686,0.9969599,5131.388929851895,5.981759548187256,6579.935503005981,11711.324432857877,0.0,2
1,1,0,0,1,1,0,25,36.51434989442887,1.0,3,0.1434314226673767,0.6106613753262404,1,0,0.5215438,0.4784562,3836.514349894429,0.47845619916915894,526.3018190860748,4362.816168980504,0.0,3
1,1,1,1,0,12,1,31,172.85576574598258,11.0,3,1.4648491688912866,1.5025814599307132,0,3,0.00064718205,0.9993528,3972.8557657459824,10.992880940437317,12092.169034481049,16065.024800227031,1.0,2
0,1,1,0,1,12,0,31,230.8388142491009,7.0,3,1.9016416171042043,1.9374999438491145,0,1,0.006284427,0.9937156,4030.838814249101,6.956009089946747,7651.6099989414215,11682.448813190522,5.0,1
0,1,1,0,1,1,0,28,112.04563860638063,1.0,2,0.5074111340310995,0.482976300587539,1,0,0.37503168,0.6249683,2812.0456386063806,0.6249682903289795,687.4651193618774,3499.510757968258,0.0,3
1,1,0,0,1,1,1,27,48.58370100036889,1.0,16,1.6542877131176486,1.6067904785595797,0,2,0.0041324412,0.99586755,18148.58370100037,0.9958675503730774,1095.4543054103851,19244.038006410756,0.0,0
1,1,1,0,1,1,0,29,191.50704156458767,1.0,2,1.4077705761334716,0.6773486445410194,1,0,0.9852272,0.014772773,2891.507041564588,0.014772772789001465,16.25005006790161,2907.7570916324894,0.0,3
1,1,0,0,1,6,0,24,126.42023328618386,6.0,2,2.7885331327614065,1.507730167742554,1,0,0.99412197,0.0058780313,2826.4202332861837,0.035268187522888184,38.795006275177,2865.2152395613607,0.0,3
1,1,0,0,1,1,1,28,40.23551403714026,1.0,1,2.263425842903577,1.6184727919542663,1,0,0.99259514,0.007404864,1640.2355140371403,0.0074048638343811035,8.145350217819214,1648.3808642549595,0.0,3
1,1,0,0,1,1,1,30,158.12558665735364,1.0,0,1.6905300015873328,1.5329062296179083,1,0,0.79405665,0.20594335,658.1255866573537,0.20594334602355957,226.53768062591553,884.6632672832692,0.0,3
0,1,0,0,1,1,0,31,370.3376275824093,1.0,1,2.4224247431504446,2.5140961224326297,0,2,0.0053147255,0.9946853,1970.3376275824094,0.9946852922439575,1094.1538214683533,3064.4914490507626,0.0,0
1,1,1,1,1,1,0,27,85.17277942615604,1.0,1,1.1983445484877313,0.9361819016379016,1,0,0.93447685,0.06552315,1685.172779426156,0.06552314758300781,72.0754623413086,1757.2482417674646,0.0,3
0,0,0,0,1,1,1,24,10.839809269140618,1.0,3,1.6092300142857294,0.823887249517451,1,0,0.9934496,0.0065503716,3810.8398092691405,0.0065503716468811035,7.205408811569214,3818.0452180807097,0.0,3
1,1,0,1,1,1,0,29,116.85253992357048,1.0,2,1.3677607936908798,0.6283530623200206,1,0,0.9800481,0.01995188,2816.8525399235705,0.01995187997817993,21.947067975997925,2838.7996078995684,0.0,3
0,1,1,0,1,1,1,27,456.934348453927,1.0,14,2.6494888867100475,2.6289318059371145,0,2,0.00037127038,0.9996287,16356.934348453928,0.9996287226676941,1099.5915949344635,17456.52594338839,0.0,0
0,1,0,0,1,6,0,29,183.09465895082337,5.0,5,1.750356324942106,1.797684282341875,0,2,0.00086888,0.99913114,6183.094658950823,4.995655715465546,5495.2212870121,11678.315945962924,1.0,0
1,1,0,0,1,1,0,28,250.30328733481792,1.0,0,0.8618983401104836,1.5243671651780049,1,0,0.9521149,0.04788512,750.3032873348179,0.047885119915008545,52.6736319065094,802.9769192413273,0.0,3
0,1,0,0,1,1,0,31,173.11764370772758,1.0,3,1.2994766794507775,1.305000270623128,0,0,0.0231455,0.9768545,3973.1176437077274,0.9768545031547546,1074.53995347023,5047.6575971779575,0.0,3
1,1,0,0,1,6,0,34,123.29510632715152,6.0,7,1.9769852236429324,2.1357781345929765,0,2,0.00065004634,0.99934995,8323.295106327152,5.9960997104644775,6595.709681510925,14919.004787838077,0.0,0
1,1,1,1,1,1,1,27,219.1237269885666,1.0,6,1.6719523522103044,0.6533107873295556,1,0,0.97540456,0.02459544,7319.123726988567,0.024595439434051514,27.054983377456665,7346.178710366024,0.0,1
1,1,0,0,1,6,1,30,158.97434430184367,6.0,7,0.7715597882741071,0.7018295153216964,0,0,0.001207387,0.9987926,8358.974344301843,5.9927555322647095,6592.03108549118,14951.005429793024,0.0,3
1,0,0,0,1,6,0,32,67.1776697818153,6.0,4,3.68960906561964,3.7478317967817367,0,2,0.00026963514,0.99973035,4967.177669781815,5.998382091522217,6598.2203006744385,11565.397970456253,0.0,0
1,1,0,1,0,1,0,33,67.76813679105629,1.0,8,2.7114635388240345,2.630317213879697,0,3,0.0023818633,0.99761814,9367.768136791055,0.9976181387901306,1097.3799526691437,10465.1480894602,0.0,2
0,1,0,0,1,1,1,26,3.326196494720108,1.0,0,2.220491052668451,2.0604251114953254,1,0,0.981232,0.018768013,503.3261964947201,0.018768012523651123,20.644813776016235,523.9710102707363,0.0,3
0,1,0,0,1,1,0,33,278.20446137899864,1.0,6,2.277814725127687,2.4131352177889225,0,2,0.00063205377,0.99936795,7378.2044613789985,0.9993679523468018,1099.304747581482,8477.50920896048,0.0,0
0,1,0,0,1,1,0,28,120.4576306223407,1.0,8,1.062857580495265,1.1385938351069742,0,0,0.002430114,0.99756986,9420.45763062234,0.9975698590278625,1097.3268449306488,10517.78447555299,0.0,3
0,1,1,1,1,6,1,32,130.71129949283198,6.0,1,1.2779972904992438,1.3281335130261702,0,1,0.005643859,0.99435616,1730.711299492832,5.966136932373047,6562.750625610352,8293.461925103184,0.0,1
0,1,1,0,1,6,0,26,238.04876527562283,6.0,2,3.7964941622426736,3.8151899064645742,0,2,0.0025963467,0.9974037,2938.048765275623,5.984422087669373,6582.86429643631,9520.913061711934,0.0,0
1,1,0,1,1,6,1,29,3.3759530394664097,6.0,1,0.0,0.0,0,0,0.09378812,0.90621185,1603.3759530394664,5.4372711181640625,5980.998229980469,7584.374183019935,0.0,3
1,1,0,0,1,6,0,25,37.17063738760106,4.0,0,1.9055921734371395,1.6086350613048033,1,0,0.9945416,0.0054584146,537.1706373876011,0.02183365821838379,24.017024040222168,561.1876614278233,2.0,3
1,1,0,0,1,1,0,34,128.78766829544676,1.0,5,2.4723982005132243,2.5325231867518534,0,2,0.0011542926,0.9988457,6128.787668295447,0.9988456964492798,1098.7302660942078,7227.517934389654,0.0,0
1,1,1,0,1,12,1,35,179.96936388560718,6.0,1,2.6935684533574484,2.9214411279390533,0,1,0.0020421601,0.9979578,1779.9693638856072,5.987746953964233,6586.521649360657,8366.491013246265,6.0,1
0,1,0,0,1,1,0,31,40.03494656254397,1.0,1,2.1820341586276046,1.8462842097108416,1,0,0.79757196,0.20242804,1640.034946562544,0.20242804288864136,222.6708471775055,1862.7057937400496,0.0,3
1,1,0,0,1,12,0,34,249.732456103274,12.0,2,1.5322569341477714,1.6506103048187275,0,1,0.0009244771,0.99907553,2949.7324561032738,11.988906383514404,13187.797021865845,16137.529477969118,0.0,0
0,1,1,1,1,12,1,32,300.32321176063294,12.0,10,0.9027279024601572,0.8156787179492951,0,1,0.00019385405,0.99980617,11800.323211760633,11.997673988342285,13197.441387176514,24997.764598937145,0.0,1
1,1,1,1,1,12,1,38,306.62240921050864,11.0,3,2.813840912570786,2.809066587847352,0,1,7.680859e-05,0.99992317,4106.6224092105085,10.99915486574173,12099.070352315903,16205.69276152641,1.0,1
0,0,1,0,1,1,1,27,41.04466457840515,1.0,1,0.6482575862651202,0.6737336992928014,1,0,0.82420397,0.17579603,1641.0446645784052,0.1757960319519043,193.37563514709473,1834.4202997255,0.0,3
0,1,1,0,1,1,1,23,17.082320645286465,1.0,1,2.5232152216135475,2.5036533549801283,0,2,0.7994338,0.20056617,1617.0823206452865,0.20056617259979248,220.62278985977173,1837.7051105050582,0.0,3
0,1,0,0,1,12,1,30,332.36796744019506,12.0,1,2.8828332833219124,2.66094897340476,0,1,0.0018127166,0.9981873,1932.3679674401951,11.97824764251709,13176.072406768799,15108.440374208994,0.0,0
1,1,1,1,1,12,1,25,218.38168485404896,12.0,1,1.376127291109154,1.3800446634007382,0,1,0.013623764,0.9863762,1818.381684854049,11.836514711380005,13020.166182518005,14838.547867372054,0.0,1
1,1,1,1,1,6,1,25,235.71404499059545,6.0,2,2.3796638761734124,2.354596096272414,0,1,0.041830137,0.9581699,2935.7140449905955,5.749019265174866,6323.921191692352,9259.635236682949,0.0,1
0,1,1,0,1,12,0,27,288.3460000101255,12.0,2,1.0441910343805438,0.9631139213750914,0,1,0.015328909,0.9846711,2988.3460000101254,11.81605339050293,12997.658729553223,15986.004729563349,0.0,3
0,1,1,1,1,12,1,29,205.4051842311145,9.0,4,1.5416112910861484,1.6136824835457089,0,1,0.00047823388,0.9995218,5105.405184231115,8.995696127414703,9895.265740156174,15000.670924387288,3.0,1
1,1,0,0,1,1,0,22,107.71924985039053,1.0,0,2.44397009246488,1.041818862562328,1,0,0.9999373,6.2704086e-05,607.7192498503905,6.270408630371094e-05,0.06897449493408203,607.7882243453246,0.0,3
0,1,0,0,1,6,0,31,190.69782943671848,6.0,2,2.225611207636525,2.1228396442606714,0,2,0.011313055,0.9886869,2890.6978294367186,5.932121515274048,6525.333666801453,9416.03149623817,0.0,0
1,1,0,0,1,12,1,29,112.26262987441908,12.0,11,4.147937469034061,4.257202503005551,0,1,4.3961296e-05,0.999956,12712.26262987442,11.99947214126587,13199.419355392456,25911.681985266878,0.0,0
0,0,1,0,1,6,0,33,181.0317045438541,5.0,4,2.447197442522662,2.6365020702614914,0,2,0.0004675174,0.99953246,5081.031704543854,4.997662305831909,5497.4285364151,10578.460240958953,1.0,0
1,0,0,0,1,1,1,28,69.49436914277292,1.0,3,1.9982161258346751,1.961709987609038,0,0,0.076171815,0.9238282,3869.494369142773,0.9238281846046448,1016.2110030651093,4885.705372207882,0.0,3
0,1,0,0,1,6,0,30,59.33775336243094,6.0,6,2.025192048210294,1.9355575575089807,0,2,0.0013893592,0.9986106,7159.337753362431,5.991663694381714,6590.830063819885,13750.167817182315,0.0,0
1,1,0,0,1,1,1,28,55.52102746970382,1.0,2,3.613640805553075,3.504012859888493,0,2,0.005820307,0.99417967,2755.5210274697038,0.9941796660423279,1093.5976326465607,3849.1186601162644,0.0,0
0,0,0,0,1,1,1,32,8.116398782689338,1.0,1,1.1966744829090747,1.315196859643638,0,0,0.099625565,0.9003744,1608.1163987826894,0.9003744125366211,990.4118537902832,2598.5282525729726,0.0,3
1,1,0,1,1,1,1,32,54.527760434967576,1.0,0,1.999754880169846,1.8965753409783823,1,2,0.7675674,0.2324326,554.5277604349676,0.23243260383605957,255.67586421966553,810.2036246546331,0.0,3
1,1,0,0,1,12,0,32,216.1171267345072,9.0,6,0.5391262288843861,0.5050898974743003,0,1,0.00010487997,0.9998951,7316.117126734507,8.999055862426758,9898.961448669434,17215.07857540394,3.0,1
0,1,1,0,1,1,0,27,189.0955333701748,1.0,3,0.3846112492210188,0.3397426566682587,0,0,0.12089666,0.87910336,3989.095533370175,0.8791033625602722,967.0136988162994,4956.109232186474,0.0,3
0,1,1,0,1,6,0,27,144.34446888911242,5.0,7,3.605939673651944,3.6155419808255367,0,2,0.0001581784,0.9998418,8344.344468889112,4.999209046363831,5499.129951000214,13843.474419889326,1.0,0
1,1,0,0,1,1,1,21,161.93891207661312,1.0,2,2.564775199703332,2.434941356904589,0,2,0.15939777,0.8406022,2861.938912076613,0.8406022191047668,924.6624410152435,3786.6013530918567,0.0,0
0,0,1,0,1,6,0,31,98.02298138762418,6.0,6,0.999705221464259,1.0522023984553877,0,0,0.005796024,0.994204,7198.022981387624,5.965223908424377,6561.746299266815,13759.76928065444,0.0,3
1,1,1,0,1,12,0,31,217.68358620341743,11.0,3,2.487323151539996,2.5860622916360505,0,1,0.0005333257,0.99946666,4017.6835862034172,10.994133234024048,12093.546557426453,16111.23014362987,1.0,1
1,1,1,0,1,12,0,24,218.59121783115015,12.0,5,2.6107180461737816,2.5248237958931194,0,1,0.000533644,0.99946636,6218.59121783115,11.993596315383911,13192.955946922302,19411.54716475345,0.0,0
1,1,0,0,0,1,1,32,102.43189432678837,1.0,3,3.8270793763589626,3.702821226170257,0,3,0.0010606656,0.99893934,3902.4318943267886,0.9989393353462219,1098.8332688808441,5001.265163207632,0.0,2
0,1,0,0,1,6,0,32,309.66531955712645,6.0,3,2.729040901416456,2.7026098105007392,0,2,0.00036288987,0.9996371,4109.665319557126,5.9978227615356445,6597.605037689209,10707.270357246336,0.0,0
1,1,1,1,1,6,1,30,160.52171726498838,3.0,8,1.180913334900349,1.1456392935105548,0,1,0.00016344881,0.99983656,9460.521717264988,2.9995096921920776,3299.4606614112854,12759.982378676274,3.0,1
1,1,0,1,1,12,1,31,261.6182690087565,12.0,10,0.5987090588143884,0.6292887010246135,0,1,8.132126e-05,0.9999187,11761.618269008757,11.999024391174316,13198.926830291748,24960.545099300507,0.0,1
0,1,0,0,1,6,1,28,19.83116327317348,6.0,2,4.4859344314293015,4.314892918806276,0,2,0.0011499933,0.99885,2719.8311632731734,5.993099927902222,6592.409920692444,9312.241083965617,0.0,0
1,0,0,0,0,1,0,29,166.15462540761283,1.0,2,1.2134069170691375,1.3208387857640675,0,3,0.1558075,0.8441925,2866.154625407613,0.8441925048828125,928.6117553710938,3794.7663807787067,0.0,2
0,1,1,0,0,6,0,34,48.94862603827736,6.0,12,2.1579015904360546,2.047149467775729,0,3,0.0012791594,0.9987208,13748.948626038278,5.992324948310852,6591.557443141937,20340.506069180214,0.0,2
1,1,1,0,0,6,0,25,47.47909110057165,6.0,0,1.7719231742900754,1.2879436773573734,1,3,0.9955722,0.0044277906,547.4790911005716,0.026566743850708008,29.22341823577881,576.7025093363504,0.0,2
1,0,0,0,1,1,0,29,72.35824341992172,1.0,0,0.3229381773273985,0.0,1,0,0.99520254,0.0047974586,572.3582434199217,0.004797458648681641,5.277204513549805,577.6354479334715,0.0,3
1,1,1,0,1,6,1,31,56.34564881375108,6.0,3,0.0,0.0,0,0,0.016665345,0.98333466,3856.3456488137513,5.900007963180542,6490.008759498596,10346.354408312347,0.0,3
0,1,0,0,1,1,0,30,158.0414565860001,1.0,1,1.255341105871736,0.3625323569179657,1,0,0.99878806,0.0012119412,1758.041456586,0.0012119412422180176,1.3331353664398193,1759.37459195244,0.0,3
1,1,0,0,1,6,1,26,202.99423198714769,6.0,10,2.917559569114436,3.0839805165617493,0,2,0.00021193,0.99978805,11702.994231987148,5.998728275299072,6598.6011028289795,18301.595334816127,0.0,0
0,1,1,0,1,6,1,32,85.52846086147285,6.0,4,0.0,0.0,0,0,0.0067347265,0.9932653,4985.528460861473,5.959591627120972,6555.550789833069,11541.079250694542,0.0,3
1,1,0,1,0,6,0,30,280.2335373973516,6.0,4,2.9071203971123016,2.827611191117754,0,3,0.0011039227,0.99889606,5180.233537397352,5.99337637424469,6592.714011669159,11772.94754906651,0.0,2
1,1,0,0,1,1,1,24,27.5384845014262,1.0,1,1.8327981401885367,1.1455670180154751,1,0,0.99798393,0.0020160675,1627.5384845014262,0.0020160675048828125,2.2176742553710938,1629.7561587567973,0.0,3
1,1,1,1,1,1,1,30,140.69942160549994,1.0,1,2.397639361301368,2.0254520203810853,1,2,0.8941322,0.1058678,1740.6994216055,0.10586780309677124,116.45458340644836,1857.1540050119484,0.0,1
1,0,0,1,1,1,0,24,81.86222227958594,1.0,1,2.066461671250305,1.7459287916500985,1,0,0.97122836,0.028771639,1681.862222279586,0.028771638870239258,31.648802757263184,1713.511025036849,0.0,3
0,1,1,0,1,1,0,22,28.96428571356256,1.0,1,1.081582038428924,0.0,1,0,0.9997646,0.00023537874,1628.9642857135625,0.00023537874221801758,0.25891661643981934,1629.2232023300023,0.0,3
1,1,1,1,1,1,1,34,198.826487678054,1.0,4,2.2474142331951934,2.3064178344361257,0,2,0.0011915433,0.99880844,5098.826487678054,0.9988084435462952,1098.6892879009247,6197.515775578979,0.0,1
1,1,1,0,1,1,0,24,246.21683671920533,1.0,1,0.1757184524909434,0.0,1,0,0.9622634,0.037736595,1846.2168367192053,0.037736594676971436,41.51025414466858,1887.7270908638739,0.0,3
0,1,1,1,1,1,0,33,210.8922783522487,1.0,2,3.0398275476590686,3.040982107671543,0,2,0.0062215463,0.99377847,2910.8922783522485,0.9937784671783447,1093.1563138961792,4004.0485922484277,0.0,1
1,1,0,0,1,12,1,31,236.14121522372147,12.0,2,2.8461681853911545,2.749323514039276,0,1,0.0011428436,0.99885714,2936.1412152237217,11.98628568649292,13184.914255142212,16121.055470365933,0.0,0
0,1,0,0,1,1,1,27,117.35485373808272,1.0,3,2.767131650532296,2.8951744839950453,0,2,0.013404101,0.98659587,3917.3548537380825,0.986595869064331,1085.2554559707642,5002.610309708847,0.0,0
0,1,0,0,0,1,1,32,224.69864149299468,1.0,1,2.2014874415327776,2.1536761965093074,0,3,0.043098487,0.9569015,1824.6986414929947,0.956901490688324,1052.5916397571564,2877.290281250151,0.0,2
1,1,1,1,0,6,1,31,2.77011783812084,6.0,10,1.7051004516831036,1.6360305313087278,0,3,0.0014426386,0.9985574,11502.770117838121,5.991344332695007,6590.478765964508,18093.24888380263,0.0,2
1,1,1,0,0,12,0,29,59.52092825670328,12.0,1,1.472778971827282,1.6224140660748798,0,3,0.14171669,0.8582833,1659.5209282567032,10.299399375915527,11329.33931350708,12988.860241763783,0.0,2
0,0,0,0,1,1,1,20,131.97896965443752,1.0,1,0.1692542855493948,0.0243414415886965,1,0,0.5252516,0.47474837,1731.9789696544376,0.4747483730316162,522.2232103347778,2254.2021799892154,0.0,3
0,1,0,1,1,6,0,31,249.97248026007296,6.0,9,0.8355776777602246,0.7804255954435827,0,1,0.00061136944,0.99938864,10649.972480260072,5.996331810951233,6595.964992046356,17245.93747230643,0.0,1
1,1,0,0,1,1,1,24,111.86047720148235,1.0,1,1.1711245947349191,1.1582765639463355,1,0,0.67972386,0.32027614,1711.8604772014824,0.320276141166687,352.3037552833557,2064.164232484838,0.0,3
1,1,1,0,1,1,0,23,14.605922960010858,1.0,2,1.7742001053859298,0.4254654399616928,1,0,0.9995415,0.00045847893,2714.605922960011,0.0004584789276123047,0.5043268203735352,2715.1102497803845,0.0,3
0,1,0,0,1,6,0,25,308.17095999603083,6.0,7,3.8199049853531193,3.71713424254228,0,2,8.840386e-05,0.9999116,8508.17095999603,5.999469637870789,6599.416601657867,15107.587561653898,0.0,0
0,1,0,0,1,1,1,32,56.58841729124304,1.0,7,1.005577773274202,1.027102611361807,0,0,0.008096812,0.9919032,8256.588417291243,0.9919031858444214,1091.0935044288635,9347.681921720106,0.0,3
0,1,1,1,1,12,1,30,26.225388527307164,12.0,5,2.64246508515714,2.659097159136216,0,1,0.00066852744,0.9993315,6026.225388527308,11.99197769165039,13191.17546081543,19217.40084934274,0.0,1
0,0,1,1,1,1,0,28,173.7852431868274,1.0,2,3.6583223607992847,3.7032229174383895,0,2,0.0038165748,0.9961834,2873.7852431868273,0.9961833953857422,1095.8017349243164,3969.5869781111437,0.0,0
1,1,0,1,1,6,0,35,254.19000844449937,4.0,10,2.3834444086024646,2.34665265171142,0,2,0.0003856882,0.9996143,11754.190008444499,3.998457193374634,4398.302912712097,16152.492921156596,2.0,1
1,1,0,0,1,1,0,24,160.13418692065505,1.0,1,0.799421892770217,0.0,1,0,0.99714524,0.0028547645,1760.134186920655,0.002854764461517334,3.1402409076690674,1763.2744278283242,0.0,3
1,0,1,0,1,1,0,25,51.43173375652784,1.0,4,0.8543212443005197,0.3287919542826542,1,0,0.9824646,0.017535388,4951.431733756528,0.017535388469696045,19.28892731666565,4970.720661073194,0.0,3
0,1,1,1,1,6,0,23,158.9932057701319,3.0,1,4.259118107002283,4.273456886174982,0,2,0.02539641,0.9746036,1758.993205770132,2.9238107800483704,3216.1918580532074,4975.185063823339,3.0,1
1,1,0,0,1,1,0,27,48.8979085448351,1.0,5,2.0114027449002863,1.9918238382353008,0,2,0.016950307,0.9830497,6048.897908544835,0.9830496907234192,1081.354659795761,7130.252568340597,0.0,3
1,1,0,0,1,12,1,27,208.14077536264543,11.0,7,2.323107537427972,2.3965616192436583,0,1,7.036993e-05,0.9999296,8408.140775362646,10.999225676059723,12099.148243665695,20507.289019028343,1.0,0
1,1,0,0,1,12,1,31,292.3328044005783,7.0,4,2.0994727791374346,2.1001224331599366,0,1,0.00031986315,0.99968016,5192.332804400578,6.997761130332947,7697.5372433662415,12889.87004776682,5.0,1
1,1,0,0,1,6,0,28,212.2993461584876,6.0,10,2.1484184543459808,2.2486775033807977,0,2,0.00037258957,0.9996274,11712.299346158488,5.997764468193054,6597.54091501236,18309.840261170848,0.0,0
1,1,0,0,1,1,1,37,168.85097474664548,1.0,5,2.2589269723823824,2.285683987689957,0,2,0.0005395146,0.99946046,6168.850974746645,0.9994604587554932,1099.4065046310425,7268.257479377688,0.0,0
0,0,1,1,1,1,0,34,56.9541718209822,1.0,4,0.5260150498597678,0.5904759585718831,0,0,0.022463052,0.977537,4956.954171820982,0.9775369763374329,1075.2906739711761,6032.244845792158,0.0,3
0,1,0,0,1,1,0,28,95.8220157416242,1.0,0,2.0005564030268217,1.4615814669472167,1,0,0.9973431,0.002656877,595.8220157416242,0.002656877040863037,2.922564744949341,598.7445804865736,0.0,3
0,1,0,1,1,1,1,28,198.874966873562,1.0,2,1.464451755415364,0.8288741322383135,1,0,0.9109893,0.089010715,2898.874966873562,0.08901071548461914,97.91178703308105,2996.786753906643,0.0,3
0,1,1,1,1,1,1,26,12.840916157244234,1.0,1,1.242356730708697,1.0278485212019066,1,0,0.8687973,0.1312027,1612.8409161572442,0.13120269775390625,144.32296752929688,1757.163883686541,0.0,1
1,1,0,0,1,1,0,30,274.6404867663301,1.0,12,0.3887821521953409,0.5098011951845342,0,0,0.0004712813,0.9995287,13974.64048676633,0.999528706073761,1099.481576681137,15074.122063447467,0.0,3
1,1,1,1,1,6,1,29,66.82697875595073,5.0,1,1.1681595049721631,0.0,1,0,0.99202853,0.007971466,1666.8269787559507,0.039857327938079834,43.84306073188782,1710.6700394878385,1.0,1
0,1,0,1,1,1,1,31,198.1039376158958,1.0,2,2.4875120970871665,2.4509720406868434,0,2,0.0125059895,0.987494,2898.103937615896,0.9874939918518066,1086.2433910369873,3984.3473286528833,0.0,0
1,1,0,1,1,1,0,28,158.88473786549162,1.0,1,2.0648075224151747,1.6156470236317668,1,0,0.89649415,0.10350585,1758.8847378654916,0.10350584983825684,113.85643482208252,1872.7411726875741,0.0,3
1,1,0,0,1,1,1,26,373.6256187921264,1.0,4,2.401238269849137,2.3165104607655227,0,2,0.00091191614,0.9990881,5273.625618792126,0.9990881085395813,1098.9969193935394,6372.622538185666,0.0,0
0,1,1,1,1,1,0,27,136.22135439241526,1.0,11,0.8342440334563248,0.7150776037869102,0,0,0.014994628,0.9850054,12736.221354392415,0.9850053787231445,1083.505916595459,13819.727270987874,0.0,1
0,1,1,1,1,12,1,28,304.0311989602488,12.0,4,3.7770301421743695,3.774651271119165,0,1,3.249064e-05,0.9999675,5204.031198960249,11.999610185623169,13199.571204185486,18403.602403145735,0.0,1
1,1,1,1,1,6,1,25,231.74602542950268,6.0,3,0.0,0.087308602477657,0,0,0.00542194,0.99457806,4031.746025429503,5.9674683809280396,6564.2152190208435,10595.961244450347,0.0,1
1,1,0,0,1,1,0,29,174.0560021915527,1.0,0,1.3566860602151547,0.934886460550286,1,0,0.9794622,0.020537794,674.0560021915527,0.02053779363632202,22.591572999954224,696.6475751915069,0.0,3
1,1,1,1,1,12,0,31,58.06564374274417,11.0,4,1.3033603513992125,1.4389234768756551,0,1,0.0026820032,0.99731797,4958.065643742744,10.97049766778946,12067.547434568405,17025.61307831115,1.0,1
0,1,0,0,1,1,0,28,141.0080452563725,1.0,1,0.5970330043989607,0.6851033277209169,0,0,0.40796736,0.5920327,1741.0080452563725,0.5920326709747314,651.2359380722046,2392.243983328577,0.0,3
0,1,1,0,1,6,0,33,240.4188522533857,6.0,2,1.6502718932878664,1.5920250521774064,0,1,0.015850777,0.9841492,2940.418852253386,5.904895305633545,6495.384836196899,9435.803688450285,0.0,3
0,1,0,0,1,1,1,27,279.79201536969447,1.0,1,0.9715502449483578,0.7126960671313297,1,0,0.9512658,0.048734188,1879.7920153696946,0.048734188079833984,53.60760688781738,1933.399622257512,0.0,3
1,1,0,0,1,1,0,27,178.69571798069782,1.0,2,1.4265983165078988,1.3778934251566108,0,0,0.39767823,0.60232174,2878.6957179806977,0.6023217439651489,662.5539183616638,3541.2496363423616,0.0,3
1,1,0,0,1,1,1,32,150.54036599715607,1.0,1,3.007039539254788,2.8018640769193484,0,2,0.031080334,0.9689197,1750.5403659971562,0.9689196944236755,1065.811663866043,2816.3520298631993,0.0,0
1,1,1,0,1,12,0,34,175.83230610899625,12.0,6,3.9056931861189614,3.9239652331454513,0,1,2.4457891e-05,0.99997556,7275.832306108996,11.999706745147705,13199.677419662476,20475.509725771473,0.0,0
1,1,1,1,1,6,0,32,73.40649274920372,4.0,6,1.3025348367415432,1.261329518721175,0,1,0.006214595,0.9937854,7173.406492749204,3.9751415252685547,4372.65567779541,11546.062170544614,2.0,1
1,1,1,0,1,1,1,23,21.3937703139718,1.0,0,1.3592153079957283,0.7289732420770785,1,0,0.9990619,0.0009381175,521.3937703139718,0.000938117504119873,1.0319292545318604,522.4256995685037,0.0,3
1,1,1,0,1,6,0,27,151.97167138942248,6.0,4,2.0621162523800667,1.9984980740756564,0,1,0.008050251,0.99194974,5051.971671389422,5.951698422431946,6546.86826467514,11598.839936064564,0.0,0
0,1,0,0,1,6,1,31,170.96960427802037,6.0,1,2.6548370357051514,2.5774364302780275,0,2,0.029591948,0.9704081,1770.9696042780204,5.822448492050171,6404.693341255188,8175.662945533209,0.0,0
0,1,0,0,1,1,0,31,137.7564659176192,1.0,3,2.845112875954141,2.559921564097639,1,2,0.11600276,0.88399726,3937.756465917619,0.8839972615242004,972.3969876766205,4910.153453594239,0.0,0
1,1,0,0,1,1,0,29,258.19163297882005,1.0,2,2.639119613937328,2.6556505443154106,1,2,0.1710297,0.8289703,2958.19163297882,0.8289703130722046,911.867344379425,3870.058977358245,0.0,0
1,1,0,0,1,1,0,30,88.66670263139963,1.0,1,2.1506711298256262,2.045647790622245,1,2,0.7199054,0.28009462,1688.6667026313996,0.28009462356567383,308.1040859222412,1996.7707885536408,0.0,3
1,1,0,0,1,1,0,26,48.856369880486966,1.0,1,0.4058209846874219,0.0,1,0,0.9961188,0.003881216,1648.856369880487,0.003881216049194336,4.2693376541137695,1653.1257075346007,0.0,3
1,1,0,0,1,1,0,31,178.86372149319652,1.0,9,1.2319305676501937,1.1377114859383024,0,0,0.0008598279,0.99914014,10578.863721493197,0.9991401433944702,1099.0541577339172,11677.917879227114,0.0,3
1,1,0,0,0,1,0,23,7.42637111461984,1.0,1,1.3712552069235409,1.2442643098013004,1,3,0.9858273,0.014172673,1607.4263711146198,0.014172673225402832,15.589940547943115,1623.0163116625629,0.0,2
1,0,0,0,1,6,1,31,142.38257777303758,6.0,11,2.455801673388532,2.4577391010458016,0,2,0.00053468905,0.9994653,12742.382577773038,5.99679172039032,6596.470892429352,19338.85347020239,0.0,0
0,1,0,0,1,12,1,29,80.33245613899226,12.0,7,2.4800402128168857,2.396395613358065,0,1,0.00012473422,0.99987525,8280.332456138993,11.998502969741821,13198.353266716003,21478.685722854996,0.0,0
0,1,0,0,1,1,0,28,59.6226190232108,1.0,1,2.339075411966511,2.207435894482805,0,2,0.56670165,0.43329835,1659.6226190232107,0.43329834938049316,476.6281843185425,2136.2508033417535,0.0,3
1,1,0,1,1,12,1,25,30.72661058116261,10.0,4,2.006400244234832,2.14154603196782,0,1,0.00056189526,0.9994381,4930.726610581162,9.994381070137024,10993.819177150726,15924.545787731888,2.0,1
0,1,0,0,1,6,0,30,227.5300092686816,5.0,11,2.897095348592164,2.915392259509181,0,2,0.00034495528,0.99965507,12827.530009268681,4.998275339603424,5498.1028735637665,18325.632882832448,1.0,0
1,1,0,0,1,6,0,28,50.95514856673935,6.0,1,1.3508761896350476,0.9105203653770508,1,0,0.96844226,0.03155774,1650.9551485667394,0.18934643268585205,208.28107595443726,1859.2362245211766,0.0,3
0,1,1,1,1,12,1,36,332.4981531636322,11.0,2,0.373781347716535,0.5242026906126515,0,1,0.00027135893,0.9997286,3032.498153163632,10.997014820575714,12096.716302633286,15129.214455796919,1.0,1
0,1,0,0,1,1,0,26,52.703593503270426,1.0,0,1.6097709753855185,1.7194407497907582,0,0,0.98052955,0.019470453,552.7035935032704,0.0194704532623291,21.41749858856201,574.1210920918325,0.0,3
1,0,0,0,1,1,0,20,215.3844215616853,1.0,2,0.4184396226939871,0.4000427152065681,0,0,0.23933955,0.76066047,2915.3844215616855,0.7606604695320129,836.7265164852142,3752.1109380468997,0.0,3
0,1,0,0,1,1,1,31,147.6679623946565,1.0,3,3.115190750596935,3.07588602110671,0,2,0.015492007,0.984508,3947.6679623946566,0.9845079779624939,1082.9587757587433,5030.6267381534,0.0,0
1,1,1,0,1,1,0,20,168.74393427071962,1.0,1,0.6039786669107805,0.0,1,0,0.99637574,0.0036242604,1768.7439342707196,0.003624260425567627,3.9866864681243896,1772.730620738844,0.0,3
0,1,0,0,1,6,1,24,239.07098743899127,6.0,6,2.1435119914237744,2.2064955204950456,0,2,0.0014746393,0.9985254,7339.070987438991,5.991152286529541,6590.267515182495,13929.338502621486,0.0,0
1,1,1,1,1,1,0,30,114.44443932615911,1.0,3,1.5788652089866424,1.7792208124491984,0,0,0.039146945,0.96085304,3914.444439326159,0.9608530402183533,1056.9383442401886,4971.382783566348,0.0,1
1,1,0,0,1,6,1,28,159.36695638393272,6.0,3,1.1686775939257494,1.1969789477408976,0,0,0.004172427,0.99582756,3959.3669563839326,5.974965333938599,6572.4618673324585,10531.82882371639,0.0,3
1,0,0,0,1,12,1,30,40.55296107684012,9.0,1,0.7253744759485192,0.7448029215421187,0,0,0.034532234,0.96546775,1640.5529610768401,8.689209759235382,9558.13073515892,11198.683696235761,3.0,3
1,1,0,0,1,1,1,30,185.70169946432804,1.0,1,2.150959383882256,2.1730606545025286,0,2,0.19715026,0.80284977,1785.7016994643282,0.8028497695922852,883.1347465515137,2668.836446015842,0.0,0
1,1,0,0,1,1,1,29,237.17325497964688,1.0,1,2.427721049735414,1.5810796999913483,1,2,0.9941275,0.005872488,1837.1732549796468,0.005872488021850586,6.4597368240356445,1843.6329918036824,0.0,0
0,1,1,0,1,6,0,34,204.5852098911256,5.0,2,1.8050956253164128,1.8488154052501928,0,1,0.008498195,0.9915018,2904.5852098911255,4.9575090408325195,5453.2599449157715,8357.845154806897,1.0,1
0,1,1,1,1,6,0,30,63.71971092561957,5.0,3,0.0362620972576015,0.0,0,0,0.05622558,0.9437744,3863.7197109256194,4.718872010707855,5190.759211778641,9054.47892270426,1.0,1
1,1,1,1,1,12,0,27,132.15725701185391,11.0,3,2.371041637915124,2.3858473361616364,0,1,0.000983284,0.9990167,3932.1572570118537,10.989183723926544,12088.102096319199,16020.259353331052,1.0,1
1,1,0,0,1,1,1,34,148.67049799741258,1.0,17,2.330513504494064,2.3286037520681537,0,2,0.00048786687,0.99951214,19348.670497997413,0.9995121359825134,1099.4633495807648,20448.133847578178,0.0,0
1,1,1,0,1,6,0,27,43.03495126924565,6.0,4,2.5663971804221988,2.584210462010508,0,2,0.0039316835,0.9960683,4943.0349512692455,5.9764097929000854,6574.050772190094,11517.085723459339,0.0,0
0,1,1,1,1,6,0,23,77.79550569458979,6.0,0,1.7950151225788495,1.4874494490793062,1,0,0.99053395,0.009466052,577.7955056945898,0.05679631233215332,62.47594356536865,640.2714492599584,0.0,1
0,1,0,0,1,1,0,29,109.29331302970898,1.0,6,2.705851174702796,2.6080572218474325,0,2,0.0030080103,0.996992,7209.293313029709,0.9969919919967651,1096.6911911964417,8305.984504226151,0.0,0
1,1,1,1,0,6,1,32,255.6229777756164,6.0,11,3.0307242172135966,3.029313101038883,0,3,0.0005103467,0.99948967,12855.622977775616,5.996937990188599,6596.6317892074585,19452.254766983075,0.0,2
0,1,1,0,1,1,0,25,273.5541217139201,1.0,2,2.3477594291338493,2.1739556557444053,0,2,0.53541946,0.46458054,2973.5541217139203,0.4645805358886719,511.03858947753906,3484.5927111914593,0.0,3
0,1,0,1,1,1,0,26,8.610059664342316,1.0,3,2.5478860685221467,2.594622598829035,0,2,0.048697975,0.95130205,3808.6100596643423,0.9513020515441895,1046.4322566986084,4855.042316362951,0.0,0
1,1,0,0,1,1,0,31,330.1422587753009,1.0,1,1.7377445165258494,1.0695714831650032,1,0,0.954285,0.045714974,1930.142258775301,0.04571497440338135,50.28647184371948,1980.4287306190204,0.0,3
0,0,1,0,1,1,0,34,167.21559159197744,1.0,4,1.3601723443064433,1.3688659589534449,0,0,0.005856373,0.9941436,5067.2155915919775,0.9941436052322388,1093.5579657554626,6160.77355734744,0.0,3
0,1,1,0,1,6,1,34,79.5952892287131,4.0,0,2.323206076885296,1.7782999592143882,1,2,0.944247,0.055752993,579.5952892287131,0.22301197052001953,245.31316757202148,824.9084568007346,2.0,1
1,1,1,1,1,6,1,31,173.08672983966133,4.0,3,1.6988821610426648,1.903653861940284,0,1,0.0022307392,0.99776924,3973.0867298396615,3.991076946258545,4390.184640884399,8363.271370724062,2.0,1
0,0,0,0,1,1,1,31,116.5883428699504,1.0,2,1.2875079290067504,1.2329172366495975,0,0,0.10592332,0.8940767,2816.5883428699503,0.8940767049789429,983.4843754768372,3800.0727183467875,0.0,3
1,1,1,1,1,1,0,27,101.32567680479788,1.0,0,1.4449649016731383,1.7282734956782662,1,0,0.98063743,0.019362569,601.3256768047979,0.019362568855285645,21.29882574081421,622.6245025456121,0.0,1
0,1,0,0,0,1,0,31,107.40921787455044,1.0,4,0.9947673283005094,0.9374403916122964,0,3,0.04144741,0.9585526,5007.40921787455,0.9585525989532471,1054.4078588485718,6061.817076723122,0.0,2
0,1,0,0,1,1,0,32,233.4713204910621,1.0,2,1.4390249220552362,1.076682888586772,1,0,0.75141096,0.24858904,2933.471320491062,0.24858903884887695,273.44794273376465,3206.919263224827,0.0,3
0,1,1,0,1,1,1,37,223.87660572937145,1.0,1,2.355655948993151,2.4512231733631142,0,2,0.041540783,0.9584592,1823.8766057293715,0.958459198474884,1054.3051183223724,2878.181724051744,0.0,0
1,1,0,0,1,1,1,36,241.9611721445289,1.0,3,3.1642734844554536,3.0945095679498,0,2,0.004410821,0.9955892,4041.961172144529,0.9955891966819763,1095.148116350174,5137.109288494703,0.0,0
0,1,0,0,1,1,1,31,123.36155454828057,1.0,3,0.9172427960985972,0.8858597310526942,0,0,0.06276841,0.9372316,3923.3615545482808,0.9372316002845764,1030.954760313034,4954.316314861315,0.0,3
1,1,0,0,1,1,0,31,133.52513741804805,1.0,5,2.157311134051058,2.041093467793384,0,2,0.006838225,0.9931618,6133.525137418048,0.9931617975234985,1092.4779772758484,7226.003114693896,0.0,0
1,1,0,0,1,1,1,27,265.3401455495381,1.0,6,0.0,0.0,0,0,0.003759753,0.99624026,7365.340145549538,0.9962402582168579,1095.8642840385437,8461.20442958808,0.0,3
1,0,1,0,1,1,1,25,227.23940787284212,1.0,3,3.0603499974645887,3.1189225286282025,0,2,0.08358855,0.91641146,4027.239407872842,0.9164114594459534,1008.0526053905487,5035.292013263391,0.0,0
1,1,1,1,1,1,0,28,152.25655389025889,1.0,7,0.5473369917628537,0.6688969022791985,0,0,0.0005264791,0.9994735,8352.256553890258,0.999473512172699,1099.4208633899689,9451.677417280227,0.0,3
0,1,1,0,1,6,0,27,12.548074683569912,5.0,6,0.7281436947222093,0.6536416088870497,0,0,0.022932358,0.97706765,7112.54807468357,4.885338246822357,5373.872071504593,12486.420146188164,1.0,3
0,1,0,0,1,1,0,27,24.017573176233448,1.0,0,0.3042413690339436,0.0,1,0,0.9986363,0.0013636947,524.0175731762334,0.0013636946678161621,1.5000641345977783,525.5176373108312,0.0,3
1,1,1,1,1,12,1,29,335.53914942457385,12.0,12,2.61374505935837,2.5116030830368685,0,1,0.00026015073,0.9997398,14035.539149424574,11.996877908706665,13196.565699577332,27232.104849001906,0.0,1
0,1,1,0,1,1,0,30,38.4787738726932,1.0,1,1.9918882765891777,1.0590204025019951,1,0,0.9962519,0.0037481189,1638.4787738726932,0.0037481188774108887,4.1229307651519775,1642.6017046378452,0.0,3
1,1,0,1,1,1,0,26,307.97404364982515,1.0,1,1.7700079809206744,1.1803313499927204,1,0,0.9684032,0.03159678,1907.974043649825,0.03159677982330322,34.756457805633545,1942.7305014554586,0.0,3
0,1,0,0,0,6,1,29,190.0156842420792,5.0,4,2.2321537721958538,2.2114151502062915,0,3,0.0009483141,0.9990517,5090.015684242079,4.995258450508118,5494.784295558929,10584.79997980101,1.0,2
0,1,1,1,1,12,1,34,35.8935319500566,12.0,6,2.6575643999195995,2.5592492118725554,0,1,0.00023022667,0.99976975,7135.893531950057,11.997236967086792,13196.960663795471,20332.854195745527,0.0,1
0,1,1,0,1,12,0,29,199.7576411377575,7.0,7,0.9672616273116824,1.0254582122070257,0,1,0.0011447438,0.99885523,8399.757641137758,6.991986632347107,7691.185295581818,16090.942936719575,5.0,1
1,1,1,1,1,1,1,21,128.68126490028448,1.0,2,1.1480280894606354,1.1071433469381573,0,0,0.09277881,0.9072212,2828.6812649002845,0.9072211980819702,997.9433178901672,3826.6245827904518,0.0,3
1,1,1,1,1,1,0,28,220.8034185531359,1.0,10,2.9965073231634056,3.1112447609277543,0,2,0.0012729021,0.9987271,11720.803418553136,0.9987270832061768,1098.5997915267944,12819.40321007993,0.0,1
0,1,1,1,1,6,1,27,70.13059664985929,6.0,1,0.0,0.0660738776186351,0,0,0.35198188,0.6480181,1670.1305966498594,3.888108730316162,4276.919603347778,5947.050199997638,0.0,1
1,0,1,0,1,1,0,32,32.502052197854525,1.0,0,1.3298825858689758,1.4358567909228546,1,0,0.544473,0.455527,532.5020521978545,0.45552700757980347,501.0797083377838,1033.5817605356383,0.0,3
0,1,0,0,1,1,0,36,176.9748180218882,1.0,4,4.178499282857394,4.081358526307836,0,2,0.00030672085,0.9996933,5076.9748180218885,0.9996932744979858,1099.6626019477844,6176.637419969673,0.0,0
0,1,1,0,1,6,0,33,271.1148067576713,6.0,1,3.355148723059921,3.415382625987061,0,2,0.0006293773,0.99937063,1871.1148067576714,5.9962238073349,6595.84618806839,8466.960994826062,0.0,0
0,1,0,1,1,1,0,28,208.50283445331056,1.0,0,2.305536926555755,1.9237763178351936,1,0,0.9859583,0.014041722,708.5028344533106,0.014041721820831299,15.445894002914429,723.948728456225,0.0,3
1,0,1,0,1,1,0,25,18.99341165133789,1.0,1,3.8981840120227145,3.855509117049857,0,2,0.10844656,0.89155346,1618.993411651338,0.8915534615516663,980.7088077068329,2599.7022193581706,0.0,0
0,1,0,0,1,1,1,28,87.85369161957806,1.0,1,2.5877175523541824,1.3325728207092888,1,0,0.9981305,0.0018694997,1687.853691619578,0.001869499683380127,2.0564496517181396,1689.9101412712962,0.0,3
1,0,1,0,1,1,0,27,37.40169008933799,1.0,3,2.1080838915081506,1.0920136084223722,1,0,0.9959745,0.004025519,3837.401690089338,0.004025518894195557,4.428070783615112,3841.829760872953,0.0,3
0,1,1,0,0,1,1,29,30.34285928795836,1.0,12,2.29948503068666,2.31845743383634,0,3,0.0027873192,0.9972127,13730.342859287959,0.9972127079963684,1096.9339787960052,14827.276838083964,0.0,2
1,1,1,0,1,12,1,35,315.31739757978283,12.0,16,2.5980113933758635,2.5840815963076884,0,1,8.861663e-05,0.99991137,18415.317397579784,11.998936414718628,13198.83005619049,31614.147453770274,0.0,0
0,1,1,1,1,12,0,24,167.0188449881344,12.0,2,1.7530408092695575,1.893308297856498,0,1,0.008160188,0.9918398,2867.0188449881343,11.902077913284302,13092.285704612732,15959.304549600867,0.0,1
1,1,0,0,1,6,1,33,110.24388440018008,6.0,10,0.3337462066232382,0.4208940801311587,0,0,0.00038853605,0.99961144,11610.24388440018,5.997668623924255,6597.435486316681,18207.67937071686,0.0,3
1,0,0,0,1,1,0,26,198.0721882565985,1.0,1,0.3531858429664167,0.0,1,0,0.9824901,0.017509878,1798.0721882565986,0.017509877681732178,19.260865449905396,1817.333053706504,0.0,3
1,0,1,0,0,1,0,29,14.38391483216456,1.0,1,2.388683138643953,2.552139812394824,0,3,0.3569485,0.6430515,1614.3839148321645,0.6430515050888062,707.3566555976868,2321.7405704298512,0.0,2
1,1,0,0,0,1,0,26,115.487560895544,1.0,0,0.9153570976646976,0.0,1,3,0.99980634,0.00019365549,615.487560895544,0.00019365549087524414,0.21302103996276855,615.7005819355068,0.0,2
0,1,0,0,1,1,1,29,5.711843027548937,1.0,2,0.6676969360402809,0.5640664116076958,0,0,0.19870989,0.8012901,2705.711843027549,0.8012900948524475,881.4191043376923,3587.1309473652414,0.0,3
0,0,0,0,1,1,0,29,110.3699174808332,1.0,1,3.142447910235652,2.356268151445732,1,2,0.854899,0.14510101,1710.3699174808332,0.14510101079940796,159.61111187934875,1869.981029360182,0.0,0
1,1,1,1,1,12,1,22,155.0997383491998,10.0,4,4.141085070078551,4.165957064975716,0,1,0.00019335619,0.99980664,5055.0997383491995,9.998066425323486,10997.873067855835,16052.972806205034,2.0,1
1,0,0,0,1,1,0,25,90.99553463120589,1.0,2,1.931874466208037,1.068449214606536,1,0,0.99873346,0.0012665391,2790.995534631206,0.0012665390968322754,1.393193006515503,2792.3887276377213,0.0,3
0,1,1,1,1,6,0,29,7.934120034915836,6.0,7,1.3056572352881743,1.4169205435149772,0,1,0.008088323,0.99191165,8207.934120034915,5.951469898223877,6546.616888046265,14754.55100808118,0.0,1
0,1,0,0,1,1,0,28,222.0325888204388,1.0,0,0.0523359969447463,0.1372734201579882,1,0,0.973381,0.026619017,722.0325888204388,0.026619017124176025,29.280918836593628,751.3135076570325,0.0,3
0,1,1,0,1,12,1,31,27.04348862011929,9.0,8,1.9138202342867645,1.8132600692159315,0,1,0.00031964027,0.99968034,9327.04348862012,8.997123062610626,9896.835368871689,19223.878857491807,3.0,1
1,0,0,0,1,1,0,24,303.0573360815322,1.0,0,1.501877662908253,1.7759007277741397,1,0,0.9169498,0.08305019,803.0573360815322,0.0830501914024353,91.35521054267883,894.412546624211,0.0,3
0,0,1,0,1,1,0,23,8.739125272969844,1.0,0,1.8603847601496248,1.215460917307438,1,0,0.9999126,8.738041e-05,508.73912527296983,8.738040924072266e-05,0.09611845016479492,508.8352437231346,0.0,3
0,1,1,0,1,1,0,30,99.81528914306357,1.0,1,2.0254732319523594,1.4165291867086058,1,0,0.9735024,0.026497602,1699.8152891430636,0.026497602462768555,29.14736270904541,1728.962651852109,0.0,3
1,1,1,0,1,12,1,26,307.7990623680968,9.0,3,0.7157228781551468,0.6306235549365838,0,1,0.0016649948,0.998335,4107.799062368097,8.985015034675598,9883.516538143158,13991.315600511254,3.0,1
1,1,1,1,1,6,1,30,34.826206682915235,6.0,4,1.9894563753995669,2.0643553063729403,0,1,0.0028862718,0.9971137,4934.826206682916,5.982682228088379,6580.950450897217,11515.776657580132,0.0,1
0,0,1,1,0,6,0,32,279.3358720343191,6.0,1,2.8640920218045163,2.8484248968636305,0,3,0.0009138402,0.99908614,1879.335872034319,5.994516849517822,6593.9685344696045,8473.304406503923,0.0,2
0,1,0,0,1,12,1,33,57.11340672159839,12.0,6,3.217989470105955,3.396166370382829,0,1,2.6281788e-05,0.9999737,7157.113406721598,11.999684572219849,13199.653029441833,20356.76643616343,0.0,0
0,1,0,0,1,1,0,26,9.83869613464556,1.0,0,2.2789030628606444,1.9291818715173168,1,0,0.9968444,0.003155589,509.83869613464555,0.0031555891036987305,3.4711480140686035,513.3098441487141,0.0,3
1,1,1,1,1,1,0,36,121.26306804648075,1.0,3,2.7741287655007083,2.819556292904715,0,2,0.0036392496,0.9963608,3921.263068046481,0.9963607788085938,1095.9968566894531,5017.259924735934,0.0,1
0,1,0,0,1,1,0,24,146.96691493937217,1.0,1,2.5238326274006297,1.775902276499448,1,0,0.9942677,0.005732298,1746.9669149393721,0.005732297897338867,6.305527687072754,1753.272442626445,0.0,3
0,1,1,1,1,12,1,34,206.8119374947697,11.0,1,3.4350359971674984,3.471500305723534,0,1,0.00031198314,0.999688,1806.8119374947696,10.996568322181702,12096.225154399872,13903.037091894641,1.0,1
1,1,1,1,1,12,1,31,167.10063665917255,12.0,5,3.1355122345798017,3.197255691915708,0,1,0.00013516795,0.9998648,6167.100636659173,11.998377799987793,13198.215579986572,19365.316216645744,0.0,1
1,0,0,0,1,1,0,30,126.77598249446464,1.0,0,1.3863439600369705,0.912796430822212,1,0,0.9633903,0.03660971,626.7759824944646,0.0366097092628479,40.27068018913269,667.0466626835973,0.0,3
1,1,0,1,1,1,0,28,129.97039965362546,1.0,4,1.1078473467142689,1.1133519348360676,0,0,0.010204896,0.9897951,5029.9703996536255,0.9897950887680054,1088.774597644806,6118.744997298431,0.0,3
1,0,1,0,1,1,0,28,144.79489261614418,1.0,4,1.3390107135053195,1.5138331006033363,0,0,0.014829719,0.9851703,5044.794892616144,0.985170304775238,1083.6873352527618,6128.482227868906,0.0,3
0,1,1,1,1,1,0,27,260.702427160756,1.0,0,0.1345718688606987,0.0,1,0,0.9827336,0.017266393,760.702427160756,0.017266392707824707,18.993031978607178,779.6954591393632,0.0,3
0,1,0,0,1,12,1,32,13.595078592070678,11.0,1,0.222342972025704,0.1025605423802833,0,1,0.009060905,0.9909391,1613.5950785920706,10.900329887866974,11990.362876653671,13603.957955245742,1.0,3
1,0,0,0,1,1,1,31,122.7914482464438,1.0,7,1.3153215876350228,1.3607084427586418,0,0,0.0014031669,0.99859685,8322.791448246444,0.9985968470573425,1098.4565317630768,9421.24798000952,0.0,3
1,1,1,1,1,6,0,26,241.8859556613729,4.0,3,1.4770872026449675,1.5527034327247948,0,1,0.024689823,0.9753102,4041.885955661373,3.901240825653076,4291.364908218384,8333.250863879757,2.0,1
0,1,0,0,1,1,1,34,240.6166553362173,1.0,7,2.7489752680906303,2.8087194957498776,0,2,0.00046656065,0.9995334,8440.616655336218,0.9995334148406982,1099.486756324768,9540.103411660986,0.0,0
0,1,1,0,1,6,0,30,88.03503648567629,6.0,4,0.0,0.1494293638641428,0,0,0.0077395835,0.9922604,4988.035036485676,5.953562378883362,6548.918616771698,11536.953653257373,0.0,3
1,1,0,0,1,12,0,22,218.0931563503743,11.0,0,2.4001972709830888,2.2700682282454694,1,1,0.9079406,0.092059374,718.0931563503743,1.012653112411499,1113.918423652649,1832.0115800030233,1.0,0
0,0,1,0,1,1,0,33,170.0214594738767,1.0,2,0.980200228421543,0.99680124551006,0,0,0.30961156,0.69038844,2870.021459473877,0.6903884410858154,759.427285194397,3629.448744668274,0.0,3
0,1,1,1,1,12,0,30,247.42657171142963,12.0,7,2.80145411361499,2.7122024934927498,0,1,6.0061568e-05,0.9999399,8447.42657171143,11.999279022216797,13199.206924438477,21646.63349614991,0.0,1
1,1,1,1,1,1,1,26,262.87834495800905,1.0,1,2.265957751283078,2.8037866416792645,1,2,0.5215915,0.47840852,1862.8783449580092,0.4784085154533386,526.2493669986725,2389.1277119566817,0.0,1
0,1,0,0,1,1,0,26,188.61850092413863,1.0,1,2.1410604374250948,2.376792560880216,0,2,0.53353333,0.46646667,1788.6185009241385,0.46646666526794434,513.1133317947388,2301.7318327188773,0.0,3
1,1,0,0,1,6,0,30,277.82567507145774,6.0,2,1.7891181856966452,1.8388108454692056,0,2,0.01912839,0.9808716,2977.8256750714577,5.885229706764221,6473.752677440643,9451.5783525121,0.0,0
0,1,0,0,1,6,1,31,18.078239174568257,6.0,1,4.033527467684214,3.953155016921954,0,2,0.0020284932,0.99797153,1618.0782391745684,5.987829208374023,6586.612129211426,8204.690368385995,0.0,0
1,0,0,0,1,1,1,29,184.91921532760315,1.0,1,2.366217391379541,2.3766400339605007,1,2,0.35165694,0.6483431,1784.919215327603,0.6483430862426758,713.1773948669434,2498.0966101945464,0.0,0
1,0,0,0,1,1,0,31,139.9297179285242,1.0,6,1.3282929877842111,1.425285861547558,0,0,0.004696912,0.9953031,7239.929717928524,0.9953030943870544,1094.83340382576,8334.763121754284,0.0,3
1,1,0,0,1,12,0,30,134.1235135821064,10.0,4,2.7529734511083044,2.7223486095780984,0,1,0.00027022502,0.99972975,5034.123513582106,9.997297525405884,10997.027277946472,16031.150791528578,2.0,0
1,1,1,1,1,12,0,28,285.23044958643976,10.0,4,2.3497913413384057,2.108745189508713,0,1,0.0019218004,0.9980782,5185.23044958644,9.980782270431519,10978.86049747467,16164.090947061111,2.0,1
0,1,0,1,1,1,0,22,130.02521405490518,1.0,1,2.024739960851188,1.4732958246184875,1,0,0.99532557,0.0046744347,1730.025214054905,0.004674434661865234,5.141878128051758,1735.1670921829568,0.0,3
1,1,0,0,1,1,0,29,183.71504950845627,1.0,29,1.7502078744794929,1.6082727078349122,0,2,0.0020555633,0.9979444,32583.715049508457,0.9979444146156311,1097.7388560771942,33681.45390558565,0.0,0
0,1,0,1,1,1,0,32,62.9376390793888,1.0,3,0.8886788409130411,0.935009276804042,0,0,0.047904704,0.95209527,3862.9376390793886,0.9520952701568604,1047.3047971725464,4910.242436251935,0.0,3
0,1,0,1,1,6,0,28,194.82739601118357,6.0,1,1.4264087702460069,1.2430452607922835,0,0,0.16464745,0.83535254,1794.8273960111835,5.012115240097046,5513.3267641067505,7308.154160117934,0.0,3
0,1,1,0,1,6,0,32,206.9091881483805,6.0,15,2.112186290827434,2.2605163919001408,0,1,0.00024174857,0.99975824,17206.90918814838,5.998549461364746,6598.404407501221,23805.3135956496,0.0,0
1,0,1,0,1,12,0,33,28.44684923649926,12.0,4,1.5991383747866652,1.3264908922217666,0,1,0.0050250012,0.994975,4928.4468492364995,11.939699649810791,13133.66961479187,18062.116464028368,0.0,3
1,1,0,1,1,1,0,30,150.74344480217658,1.0,6,2.3606037615349496,2.3150635265748494,0,2,0.0019125566,0.99808747,7250.743444802177,0.998087465763092,1097.8962123394012,8348.639657141579,0.0,0
0,1,0,0,1,12,1,32,201.4476502333832,9.0,0,2.4223121991171945,2.4743736167200643,0,1,0.01565281,0.98434716,701.4476502333832,8.859124481678009,9745.03692984581,10446.484580079194,3.0,0
0,1,1,0,1,6,0,32,171.7221486826372,6.0,3,2.9061164573785105,2.888740317523944,0,2,0.0016522824,0.9983477,3971.722148682637,5.990086197853088,6589.094817638397,10560.816966321034,0.0,0
0,1,1,1,1,12,1,28,290.7814041757377,12.0,3,2.3700435033947578,2.364435862318316,0,1,0.00031497443,0.99968505,4090.781404175738,11.996220588684082,13195.84264755249,17286.624051728228,0.0,1
0,1,0,0,1,1,1,32,74.86938620242537,1.0,1,2.9701606945597794,2.931548519155269,0,2,0.028807217,0.9711928,1674.8693862024254,0.9711927771568298,1068.3120548725128,2743.1814410749384,0.0,0
0,1,1,1,1,12,0,32,197.56983602315896,11.0,3,2.529799682625092,2.56292689629366,0,1,0.00011929697,0.99988073,3997.569836023159,10.998688042163849,12098.556846380234,16096.126682403392,1.0,1
0,1,1,0,1,1,0,28,112.91717208461571,1.0,8,1.4758894362531831,1.5264275134765652,0,0,0.004594001,0.995406,9412.917172084615,0.9954059720039368,1094.9465692043304,10507.863741288946,0.0,3
0,0,0,0,1,1,0,27,24.268931465502103,1.0,0,1.5614193930518714,1.4658904977753184,1,0,0.99416226,0.0058377385,524.2689314655021,0.005837738513946533,6.4215123653411865,530.6904438308433,0.0,3
1,1,1,1,1,6,0,32,165.1602782842069,6.0,5,0.7559602962155565,0.5633126938853633,0,1,0.0020508412,0.9979492,6165.1602782842065,5.987695097923279,6586.464607715607,12751.624885999812,0.0,1
0,1,1,0,1,1,0,31,162.12885340705895,1.0,7,4.4971863714462685,4.504537406590861,0,2,0.00039228797,0.9996077,8362.128853407059,0.9996076822280884,1099.5684504508972,9461.697303857956,0.0,0
1,1,1,1,1,1,1,26,129.28011808301358,1.0,4,1.6937778873346951,1.6219729131162908,0,0,0.022295747,0.9777042,5029.280118083014,0.9777042269706726,1075.4746496677399,6104.754767750754,0.0,1
1,0,0,0,1,1,0,34,277.1702746017535,1.0,8,2.153152053279188,2.0849301912337346,0,2,0.0013479141,0.9986521,9577.170274601753,0.9986521005630493,1098.5173106193542,10675.687585221107,0.0,0
1,1,0,0,1,1,0,26,26.89758355405753,1.0,2,1.03865439872696,0.4802683675875156,1,0,0.99589866,0.004101336,2726.8975835540577,0.0041013360023498535,4.511469602584839,2731.4090531566426,0.0,3
1,1,0,0,1,1,1,34,9.680631843912751,1.0,7,0.5592885407455543,0.5619250374372532,0,0,0.003966582,0.99603343,8209.680631843912,0.9960334300994873,1095.636773109436,9305.317404953348,0.0,3
0,1,1,0,1,12,0,27,389.7929058498655,7.0,2,3.75180146086212,3.822225540894817,0,1,0.00036855976,0.99963146,3089.7929058498657,6.997420251369476,7697.162276506424,10786.95518235629,5.0,1
0,1,0,0,1,1,0,30,209.9387230814729,1.0,7,1.412045146088999,1.5074101467145429,0,0,0.0017788731,0.9982211,8409.938723081474,0.9982210993766785,1098.0432093143463,9507.98193239582,0.0,3
0,1,0,0,0,1,0,26,94.789885067726,1.0,0,1.2933657471833104,1.6123943681127622,1,3,0.9957009,0.004299104,594.789885067726,0.0042991042137146,4.72901463508606,599.5188997028121,0.0,2
1,1,1,0,1,1,1,29,23.769982831898872,1.0,7,1.0935464068937604,1.0937198497824143,0,0,0.0060344376,0.99396557,8223.769982831898,0.9939655661582947,1093.3621227741241,9317.132105606022,0.0,3
0,1,0,0,1,1,0,31,100.75285254823277,1.0,2,2.0999255012455222,1.9706055084154668,0,2,0.14012082,0.8598792,2800.7528525482326,0.859879195690155,945.8671152591705,3746.619967807403,0.0,3
1,1,1,1,1,12,1,31,16.43913770132474,3.0,9,2.4816780953988737,2.4436227769982897,0,1,0.00052052666,0.9994795,10416.439137701325,2.9984384179115295,3298.2822597026825,13714.721397404008,9.0,1
0,0,0,0,1,1,0,27,49.935941993144034,1.0,1,2.3333788535941924,1.775802466221296,1,0,0.99296254,0.007037461,1649.935941993144,0.007037460803985596,7.741206884384155,1657.6771488775282,0.0,3
0,1,1,1,1,12,0,34,93.3765321347363,10.0,6,0.7384465611044129,0.862778111116755,0,1,0.00041803086,0.999582,7193.376532134736,9.995819926261902,10995.401918888092,18188.77845102283,2.0,1
0,1,1,1,1,1,0,26,145.0417653735306,1.0,1,1.0471702838043504,0.4742694259459032,1,0,0.99130905,0.008690953,1745.0417653735306,0.008690953254699707,9.560048580169678,1754.6018139537002,0.0,3
0,1,0,0,0,1,1,31,29.95309380341395,1.0,4,2.5758461420270167,2.5680855235499616,0,3,0.0071863336,0.99281365,4929.953093803414,0.9928136467933655,1092.095011472702,6022.048105276116,0.0,2
0,1,1,0,1,6,0,32,228.04239686398623,6.0,5,2.5407242057220776,2.677687367075664,0,2,0.00032664562,0.99967337,6228.042396863986,5.998040199279785,6597.844219207764,12825.88661607175,0.0,0
0,0,0,0,1,1,0,30,18.16488197869712,1.0,7,3.5990998383812927,3.722410561471018,0,2,0.00052332634,0.9994767,8218.164881978697,0.9994766712188721,1099.4243383407593,9317.589220319456,0.0,0
1,1,0,0,1,1,0,31,207.216463566505,1.0,6,1.7251140802175733,1.6162784800834211,0,2,0.003730836,0.99626917,7307.216463566505,0.996269166469574,1095.8960831165314,8403.112546683036,0.0,0
0,1,0,0,1,1,0,28,37.99053639617708,1.0,1,0.5180807254678963,0.0,1,0,0.9989268,0.0010731816,1637.990536396177,0.0010731816291809082,1.180499792098999,1639.171036188276,0.0,3
0,0,0,0,0,1,1,27,99.43365098066374,1.0,0,1.5446703755413205,0.8174697151311059,1,3,0.99862313,0.0013768673,599.4336509806637,0.0013768672943115234,1.5145540237426758,600.9482050044064,0.0,2
0,0,0,0,1,1,0,21,130.74054179983764,1.0,0,1.486515289808124,0.4350669816881054,1,0,0.99977046,0.00022953749,630.7405417998376,0.0002295374870300293,0.2524912357330322,630.9930330355706,0.0,3
0,1,0,0,1,1,0,33,21.12653762739542,1.0,4,1.507906438789949,1.5423667509238634,0,0,0.028470298,0.9715297,4921.126537627395,0.9715297222137451,1068.6826944351196,5989.809232062515,0.0,3
1,1,0,0,0,1,0,31,60.29206364289506,1.0,0,1.2439811153249718,1.2695882828241414,0,3,0.5095797,0.49042028,560.2920636428951,0.49042028188705444,539.4623100757599,1099.754373718655,0.0,2
0,1,0,0,1,1,0,27,95.55927192608178,1.0,0,0.7347486728803223,0.1091643292590546,1,0,0.9989975,0.0010024905,595.5592719260818,0.001002490520477295,1.1027395725250244,596.6620114986068,0.0,3
1,1,0,0,1,1,0,28,243.861884775908,1.0,0,2.8992438258601085,3.1672475298017715,1,2,0.7653198,0.23468018,743.861884775908,0.23468017578125,258.148193359375,1002.010078135283,0.0,0
0,1,1,1,1,6,1,32,179.48690141417907,6.0,9,2.172296546454215,2.1665731038786853,0,1,0.00018150374,0.9998185,10579.486901414179,5.998911023139954,6598.802125453949,17178.28902686813,0.0,1
1,1,1,1,1,12,1,33,184.72717135891992,11.0,2,1.7661290497729902,1.6828959132275374,0,1,0.0008237008,0.9991763,2884.72717135892,10.990939557552338,12090.033513307571,14974.760684666491,1.0,1
0,0,1,0,1,1,1,33,6.382038200240418,1.0,3,3.451586163097084,3.350907071052677,0,2,0.0006596627,0.99934036,3806.3820382002405,0.9993403553962708,1099.2743909358978,4905.656429136138,0.0,0
1,1,0,0,1,1,1,31,79.96507462212523,1.0,1,2.1098132911267675,1.5183744006541495,1,2,0.95251745,0.04748255,1679.9650746221253,0.04748255014419556,52.23080515861511,1732.1958797807404,0.0,3
1,0,0,0,1,1,0,24,139.2335525107305,1.0,1,0.2852135446646817,0.0,1,0,0.9921558,0.00784421,1739.2335525107305,0.007844209671020508,8.628630638122559,1747.862183148853,0.0,3
0,1,1,1,1,12,0,32,75.51286727167692,12.0,2,1.009726796536461,1.224365486330978,0,1,0.0015540548,0.9984459,2775.512867271677,11.981351137161255,13179.48625087738,15954.999118149057,0.0,1
1,1,0,0,1,1,1,26,156.5547580147368,1.0,3,0.5873171843877231,0.6528764776021001,0,0,0.021682192,0.9783178,3956.5547580147368,0.9783177971839905,1076.1495769023895,5032.704334917126,0.0,3
0,1,1,1,1,1,1,23,1.3281813800655016,1.0,1,1.828624949382148,0.7039933413885933,1,0,0.9997514,0.00024861097,1601.3281813800654,0.0002486109733581543,0.2734720706939697,1601.6016534507594,0.0,3
1,1,0,0,1,12,0,32,92.71593053767378,12.0,5,1.9755587056689736,2.007758985126228,0,1,0.00017945592,0.99982053,6092.715930537674,11.997846364974976,13197.631001472473,19290.346932010147,0.0,0
0,1,1,1,1,1,0,31,76.61709105317719,1.0,4,1.2224605970141025,1.3999399472588925,0,0,0.035076458,0.96492356,4976.617091053177,0.9649235606193542,1061.4159166812897,6038.033007734467,0.0,1
0,1,0,1,1,12,1,30,127.45347084896396,8.0,5,3.812186724203983,3.8211593108777264,0,1,8.25221e-05,0.9999175,6127.453470848964,7.999340057373047,8799.274063110352,14926.727533959314,4.0,1
0,1,1,0,1,12,0,32,246.9625218431024,8.0,7,2.721305031340461,2.8670342208564623,0,1,9.5252275e-05,0.99990475,8446.962521843103,7.999238014221191,8799.16181564331,17246.124337486413,4.0,1
0,1,1,0,0,1,0,30,222.0735007409053,1.0,9,2.8250549607621003,2.7080247219727216,0,3,0.0017059596,0.99829406,10622.073500740906,0.9982940554618835,1098.123461008072,11720.196961748978,0.0,2
1,1,1,1,1,12,1,35,125.86379771015476,12.0,4,0.0643430221319385,0.1278576368803539,0,1,0.00017706462,0.9998229,5025.863797710154,11.997874975204468,13197.662472724915,18223.526270435068,0.0,1
1,1,0,0,1,1,1,23,25.97245754284589,1.0,0,1.8493714672003465,1.2659801325395457,1,0,0.99879825,0.0012017488,525.9724575428459,0.0012017488479614258,1.3219237327575684,527.2943812756034,0.0,3
0,1,1,1,1,12,1,30,214.48618177888545,11.0,7,1.3370089637519202,1.5174740253364705,0,1,0.0003719552,0.99962807,8414.486181778886,10.995908737182617,12095.499610900879,20509.985792679763,1.0,1
0,1,0,0,1,1,0,28,39.43250887853906,1.0,1,0.808909643580749,1.3727198925239932,1,0,0.9791068,0.020893216,1639.432508878539,0.020893216133117676,22.982537746429443,1662.4150466249685,0.0,3
1,1,0,0,1,12,1,29,132.57744760548442,12.0,19,1.1080649786405965,1.2486849248115364,0,1,0.00022200617,0.999778,21532.577447605483,11.99733567237854,13197.069239616394,34729.64668722187,0.0,0
1,0,0,0,1,12,0,36,320.3768583495745,12.0,1,3.0013649083055403,3.087981737835504,0,1,0.0005730967,0.9994269,1920.3768583495744,11.993122816085815,13192.435097694397,15112.811956043972,0.0,0
0,0,0,0,1,6,0,26,112.34830405864278,6.0,7,3.0172172024629207,2.9145358231758927,0,2,0.00038816637,0.99961185,8312.348304058643,5.997671127319336,6597.4382400512695,14909.786544109913,0.0,0
0,1,0,0,1,12,1,28,165.6262155111939,11.0,3,0.97720960878814,1.095347855752134,0,1,0.0015411921,0.9984588,3965.626215511194,10.98304682970047,12081.351512670517,16046.977728181711,1.0,3
0,1,1,0,0,1,0,31,75.69890227944586,1.0,13,0.0,0.1776911900887659,0,3,0.008603932,0.99139607,14875.698902279446,0.9913960695266724,1090.5356764793396,15966.234578758786,0.0,2
0,1,0,0,1,12,0,29,219.14467340030103,12.0,4,0.0,0.1810118539277536,0,1,0.00034403324,0.99965596,5119.144673400301,11.995871543884277,13195.458698272705,18314.603371673005,0.0,3
0,1,0,1,1,1,1,34,227.76602037109288,1.0,5,2.67488724060442,2.66454002168563,0,2,0.001713156,0.99828684,6227.766020371093,0.9982868432998657,1098.1155276298523,7325.881548000945,0.0,0
0,0,0,0,1,1,1,31,14.262319449634536,1.0,0,2.0295303593238936,1.1738594740176571,1,0,0.9955214,0.004478574,514.2623194496346,0.004478573799133301,4.926431179046631,519.1887506286812,0.0,3
0,1,1,1,1,6,1,29,118.1559167680384,6.0,4,1.3315014991819438,1.2241860776838291,0,1,0.0052789445,0.99472106,5018.155916768038,5.9683263301849365,6565.15896320343,11583.314879971469,0.0,1
1,1,0,0,0,1,0,23,199.15539548949928,1.0,0,2.9472248489642245,2.701548187848575,1,3,0.92361015,0.07638985,699.1553954894993,0.0763898491859436,84.02883410453796,783.1842295940372,0.0,2
0,1,0,0,1,1,0,30,286.49500835040755,1.0,0,2.3798359492575214,1.1151234358981394,1,0,0.99855655,0.0014434457,786.4950083504075,0.0014434456825256348,1.5877902507781982,788.0827986011857,0.0,3
1,1,0,0,1,6,0,36,189.46771357238063,6.0,1,3.1178695933388534,3.0066542147269124,0,2,0.01788126,0.9821187,1789.4677135723807,5.892712354660034,6481.983590126038,8271.451303698419,0.0,0
1,1,0,0,0,6,0,28,118.32968107258046,4.0,1,2.1639031482986297,2.9395487539229537,1,3,0.65652156,0.34347844,1718.3296810725806,1.3739137649536133,1511.3051414489746,3229.634822521555,2.0,2
1,0,1,0,0,1,1,26,118.23210903570038,1.0,2,2.3405182038972625,1.3362330050487825,1,3,0.9956115,0.004388511,2818.2321090357004,0.0043885111808776855,4.827362298965454,2823.059471334666,0.0,2
0,1,1,0,1,12,0,33,109.4521263526332,12.0,1,3.528447438673835,3.359519672241344,0,1,0.00036667832,0.9996333,1709.4521263526333,11.995599746704102,13195.159721374512,14904.611847727145,0.0,0
0,1,1,0,1,1,0,26,30.90982994419485,1.0,2,2.124126808735649,1.754216714316772,1,0,0.97702706,0.022972941,2730.909829944195,0.022972941398620605,25.270235538482666,2756.1800654826775,0.0,3
1,1,0,0,1,6,0,27,299.47307162060235,6.0,2,0.6776828675875836,0.0,1,0,0.93309695,0.066903055,2999.4730716206022,0.4014183282852173,441.560161113739,3441.0332327343413,0.0,3
1,1,1,1,1,1,1,24,219.5607362864421,1.0,1,1.9661185818512712,1.7588776967431383,1,0,0.7388332,0.2611668,1819.560736286442,0.2611668109893799,287.28349208831787,2106.84422837476,0.0,1
1,0,0,0,1,6,1,27,321.2818349235064,6.0,1,0.6041047450429267,0.6363597858768626,0,0,0.04211817,0.9578818,1921.2818349235063,5.747290849685669,6322.019934654236,8243.301769577742,0.0,3
1,1,1,0,1,12,0,26,209.68439322462447,9.0,3,1.86206284754405,1.890520848451926,0,1,0.003307403,0.9966926,4009.6843932246243,8.970233380794525,9867.256718873978,13876.941112098602,3.0,1
0,1,0,0,1,1,0,24,86.12772482686218,1.0,1,2.1375841358535537,1.9972076570393424,1,0,0.96032226,0.03967774,1686.1277248268623,0.03967773914337158,43.64551305770874,1729.773237884571,0.0,3
1,1,0,0,1,1,1,26,67.2610716788711,1.0,3,2.473733259821696,2.4970392202159504,0,2,0.037474148,0.96252584,3867.2610716788713,0.9625258445739746,1058.778429031372,4926.039500710243,0.0,0
1,1,0,0,1,6,0,28,228.0120473573101,6.0,2,2.9739304380210583,2.938204049794717,0,2,0.016789693,0.9832103,2928.01204735731,5.899261951446533,6489.1881465911865,9417.200193948496,0.0,0
1,1,1,0,1,1,0,34,40.73025742343452,1.0,0,0.8031133159201572,0.5284458159631622,1,0,0.85704225,0.14295775,540.7302574234345,0.14295774698257446,157.2535216808319,697.9837791042664,0.0,3
0,1,1,0,1,1,1,30,335.3537158611245,1.0,9,1.6916553227608944,1.6465270117944033,0,2,0.00024124383,0.9997588,10735.353715861125,0.999758780002594,1099.7346580028534,11835.088373863979,0.0,0
0,1,0,0,0,1,0,26,24.29140309654039,1.0,1,2.203477883485935,1.905486810807972,1,3,0.9810752,0.018924773,1624.2914030965403,0.0189247727394104,20.81725001335144,1645.1086531098917,0.0,2
1,0,1,0,0,1,0,29,24.67079196226975,1.0,4,1.2094335082065015,1.1903523285040576,0,3,0.07711598,0.922884,4924.6707919622695,0.9228839874267578,1015.1723861694336,5939.843178131703,0.0,2
1,1,1,0,1,1,1,31,50.433753530000345,1.0,5,1.7234256998529665,0.9802349880377248,1,0,0.94434935,0.05565065,6050.43375353,0.05565065145492554,61.21571660041809,6111.649470130418,0.0,3
1,1,0,0,1,6,0,30,10.919044681072592,5.0,7,2.62280704293201,2.743787090821331,0,2,0.000554408,0.9994456,8210.919044681072,4.9972280859947205,5496.9508945941925,13707.869939275264,1.0,0
1,1,1,1,1,12,0,28,32.976387724547976,12.0,9,3.3668656195376414,3.3231712050248103,0,1,7.8976256e-05,0.999921,10432.976387724548,11.999052286148071,13198.957514762878,23631.933902487428,0.0,1
0,1,0,0,1,1,0,32,243.71337145740844,1.0,2,1.2486599121276067,1.3836141929119172,0,0,0.06430311,0.9356969,2943.7133714574084,0.9356968998908997,1029.2665898799896,3972.979961337398,0.0,3
1,1,0,0,1,1,1,28,170.79842607265127,1.0,5,3.20646323865866,2.992855449312976,0,2,0.0019406084,0.9980594,6170.798426072652,0.9980593919754028,1097.8653311729431,7268.663757245595,0.0,0
0,1,1,0,1,12,1,35,302.00443083954355,9.0,5,2.057562281927153,2.0588813215754893,0,1,7.3291456e-05,0.9999267,6302.004430839544,8.999340176582336,9899.27419424057,16201.278625080115,3.0,1
0,1,0,1,1,6,1,29,303.5104433244452,4.0,16,1.5301653695300663,1.4566682426552742,0,1,0.00058200874,0.999418,18403.510443324445,3.9976720809936523,4397.439289093018,22800.949732417463,2.0,1
0,1,0,0,1,1,1,31,82.59996590249273,1.0,3,1.2293997444518407,1.0968882694001256,0,0,0.05599252,0.94400746,3882.599965902493,0.9440074563026428,1038.408201932907,4921.0081678354,0.0,3
1,1,0,0,1,6,1,29,342.98703244810014,5.0,3,3.161689560416385,3.3272394755560684,0,2,0.00018657128,0.99981344,4142.9870324481,4.999067187309265,5498.973906040192,9641.960938488292,1.0,0
1,1,0,1,1,6,1,27,24.91618310265821,6.0,8,2.917957570613896,3.0186452459556885,0,2,0.0008926713,0.9991073,9324.916183102658,5.994643807411194,6594.108188152313,15919.02437125497,0.0,0
0,1,1,1,1,1,0,30,127.8591562494898,1.0,1,0.5175031953715836,0.5227021667656518,0,0,0.14434302,0.855657,1727.8591562494898,0.8556569814682007,941.2226796150208,2669.0818358645106,0.0,3
1,0,1,0,1,1,0,32,57.51539242101114,1.0,1,1.545023201204892,1.5415316753619943,1,0,0.53268105,0.46731895,1657.5153924210113,0.46731895208358765,514.0508472919464,2171.5662397129577,0.0,3
1,1,0,0,1,6,0,31,144.8415367648187,4.0,3,3.5040564439742035,3.671042835216887,0,2,0.0010707291,0.99892926,3944.8415367648186,3.9957170486450195,4395.2887535095215,8340.130290274341,2.0,0
1,1,0,0,1,1,0,29,213.94692758823544,1.0,7,2.39891789575082,2.286560336486166,0,2,0.0025165777,0.99748343,8413.946927588235,0.9974834322929382,1097.231775522232,9511.178703110467,0.0,0
0,1,0,0,1,12,0,35,360.61857555630274,11.0,2,2.643701927372472,2.550357107695372,0,1,0.00032756245,0.9996724,3060.618575556303,10.996396541595459,12096.036195755005,15156.654771311307,1.0,0
1,1,0,0,1,12,0,31,65.67592732009587,12.0,2,2.2971717990113154,2.280748212992729,0,1,0.0016189188,0.9983811,2765.675927320096,11.980572938919067,13178.630232810974,15944.30616013107,0.0,0
0,1,0,0,1,1,0,26,15.328376117378795,1.0,2,1.5709400489676049,0.1839543015998426,1,0,0.9999156,8.440018e-05,2715.328376117379,8.440017700195312e-05,0.09284019470214844,2715.421216312081,0.0,3
0,1,0,1,1,12,1,28,51.97827267892687,12.0,2,3.190995855113293,3.1947568781358933,0,1,0.00020533691,0.99979466,2751.9782726789267,11.997535943984985,13197.289538383484,15949.267811062411,0.0,1
0,1,0,0,1,1,1,30,11.843242868032291,1.0,11,3.001517689003662,3.045319378852468,0,2,0.00063682056,0.9993632,12611.843242868032,0.9993631839752197,1099.2995023727417,13711.142745240773,0.0,0
0,0,1,0,1,6,0,27,318.75691167898066,6.0,10,2.7783699757481344,2.6688396076725764,0,2,0.00012845095,0.99987155,11818.75691167898,5.999229311943054,6599.15224313736,18417.90915481634,0.0,0
0,1,0,1,1,12,0,25,234.9427905395784,12.0,4,2.2335456382203587,2.126234954738386,0,1,0.0006066236,0.9993934,5134.942790539579,11.99272084236145,13191.992926597595,18326.935717137174,0.0,1
0,0,1,0,1,6,0,26,47.00423744234995,3.0,3,2.126987870648143,2.0236129206304936,0,0,0.080204524,0.91979545,3847.00423744235,2.759386360645294,3035.3249967098236,6882.329234152174,3.0,3
0,1,1,1,1,12,1,31,287.29705709291824,12.0,3,2.6093185797824856,2.6776102827751376,0,1,0.00023788486,0.9997621,4087.2970570929183,11.997145414352417,13196.859955787659,17284.157012880576,0.0,1
1,1,0,0,1,1,1,29,271.6048832197254,1.0,0,0.1469769617318819,0.0,1,0,0.9441029,0.055897117,771.6048832197255,0.05589711666107178,61.486828327178955,833.0917115469044,0.0,3
1,1,1,0,1,12,0,28,232.83945736615232,12.0,12,2.9014902666667144,2.8858032683763883,0,1,4.0575265e-05,0.9999594,13932.839457366152,11.999512910842896,13199.464201927185,27132.303659293335,0.0,0
0,1,1,1,1,1,1,31,219.1225448999157,1.0,4,2.1760592147894133,2.144918565515635,0,2,0.00437919,0.9956208,5119.122544899916,0.9956207871437073,1095.182865858078,6214.305410757994,0.0,1
0,1,0,0,1,1,1,30,90.10934112285372,1.0,1,0.0,0.0826449533998637,0,0,0.18226445,0.81773555,1690.1093411228537,0.8177355527877808,899.5091080665588,2589.618449189413,0.0,3
1,1,0,0,1,1,0,29,75.53808544327066,1.0,0,1.700321479327499,1.2830605143438842,1,0,0.9851307,0.014869273,575.5380854432707,0.014869272708892822,16.356199979782104,591.8942854230528,0.0,3
1,0,1,0,1,1,1,29,248.60649147095185,1.0,4,1.2594770027024644,1.1065280010264191,0,0,0.007663622,0.9923364,5148.606491470952,0.9923363924026489,1091.5700316429138,6240.176523113866,0.0,3
0,1,0,0,1,1,1,28,106.45553374546051,1.0,0,1.4127876349786803,0.5363761689640519,1,0,0.9994911,0.00050890446,606.4555337454606,0.0005089044570922852,0.5597949028015137,607.0153286482621,0.0,3
0,1,0,0,1,6,0,25,389.03571295000967,3.0,4,0.6690805433938638,0.5736956516627787,0,0,0.002391789,0.9976082,5289.03571295001,2.9928245544433594,3292.1070098876953,8581.142722837705,3.0,3
0,1,0,0,0,6,0,29,55.53736379957958,6.0,3,2.7667922231097104,2.8587384759302448,0,3,0.008727401,0.9912726,3855.5373637995795,5.947635769844055,6542.399346828461,10397.93671062804,0.0,2
0,1,0,1,1,1,0,34,263.30273043547453,1.0,2,0.6520822563667821,0.7935765995051889,0,0,0.09904485,0.90095514,2963.3027304354746,0.9009551405906677,991.0506546497345,3954.353385085209,0.0,3
1,1,0,0,0,1,0,30,275.2715374760006,1.0,4,1.6537893323181767,1.738444147473586,0,3,0.005981697,0.9940183,5175.271537476001,0.9940183162689209,1093.420147895813,6268.691685371814,0.0,2
1,1,1,0,1,1,0,24,102.06242652162936,1.0,9,1.5483700295640566,1.47315854436562,0,0,0.03837272,0.9616273,10502.06242652163,0.9616273045539856,1057.7900350093842,11559.852461531014,0.0,3
0,1,0,0,0,12,0,31,158.27343319983322,12.0,1,1.064900573481954,1.1644034008760034,0,3,0.004085537,0.99591446,1758.273433199833,11.950973510742188,13146.070861816406,14904.344295016239,0.0,2
0,1,1,1,1,1,1,27,365.0275181922429,1.0,3,4.531968586141148,4.779962522578057,0,2,0.0005372879,0.9994627,4165.0275181922425,0.9994627237319946,1099.408996105194,5264.436514297437,0.0,0
0,0,0,0,1,1,0,37,197.86792062059345,1.0,2,1.7407017428366132,1.8605076689911373,0,2,0.030614242,0.96938574,2897.8679206205934,0.9693857431411743,1066.3243174552917,3964.192238075885,0.0,3
1,1,1,1,1,6,0,28,185.49846613594747,6.0,2,1.8281437802757083,1.881833884130616,0,1,0.012063493,0.9879365,2885.4984661359476,5.927618980407715,6520.380878448486,9405.879344584435,0.0,1
0,1,0,0,1,12,0,34,11.127883866898316,6.0,1,3.0187887001611724,2.848793627149133,0,2,0.0053542205,0.9946458,1611.1278838668984,5.967874646186829,6564.6621108055115,8175.78999467241,6.0,1
0,1,1,1,1,12,1,34,184.37104259041985,7.0,5,1.0667989058999077,0.9929790123488432,0,1,0.0005247581,0.99947524,6184.37104259042,6.996326684951782,7695.95935344696,13880.330396037381,5.0,1
0,0,0,0,1,1,0,26,230.69206910404728,1.0,2,1.613750897621373,0.1607547152319364,1,0,0.9997707,0.00022929907,2930.6920691040473,0.00022929906845092773,0.2522289752960205,2930.9442980793433,0.0,3
0,1,1,1,1,6,0,29,40.95220335597335,6.0,3,1.3626682569142912,1.3712004458181608,0,1,0.025748193,0.9742518,3840.9522033559733,5.845510840415955,6430.06192445755,10271.014127813523,0.0,1
0,1,0,0,1,1,0,32,81.83716704678288,1.0,6,1.8350450746674647,1.7593622570736998,0,2,0.008759127,0.99124086,7181.837167046783,0.9912408590316772,1090.364944934845,8272.202111981627,0.0,0
1,1,1,0,1,12,0,33,68.76541578068772,12.0,1,1.3354582948103042,1.0005606453850913,0,1,0.048104063,0.95189595,1668.7654157806878,11.422751426696777,12565.026569366455,14233.791985147143,0.0,1
0,1,0,0,1,1,1,32,37.75138113180947,1.0,2,2.517847813654228,2.401309724015624,0,2,0.010333618,0.9896664,2737.7513811318095,0.9896664023399353,1088.6330425739288,3826.3844237057383,0.0,0
1,1,1,0,1,12,0,34,4.0243778615295485,6.0,0,0.8012346421122876,0.7574482000580905,0,1,0.08721614,0.91278386,504.02437786152956,5.47670316696167,6024.373483657837,6528.397861519366,6.0,1
0,1,0,0,1,1,1,25,41.55150809284235,1.0,0,1.1785338886269203,0.8577300245771109,1,0,0.99522805,0.004771948,541.5515080928424,0.0047719478607177734,5.249142646789551,546.8006507396319,0.0,3
1,1,1,1,0,12,1,27,263.7628811556541,2.0,7,2.25628915194518,2.1704371356825254,0,3,0.00089266954,0.9991073,8463.762881155653,1.998214602470398,2198.0360627174377,10661.798943873091,10.0,1
0,0,0,0,1,1,1,28,74.19020519936521,1.0,1,1.7561936930184183,0.8006968428953503,1,0,0.99536324,0.0046367645,1674.1902051993652,0.0046367645263671875,5.100440979003906,1679.2906461783691,0.0,3
0,1,0,0,0,1,0,30,79.08044426272299,1.0,2,1.9232870949050949,1.5693742995484323,1,3,0.8908729,0.109127104,2779.080444262723,0.10912710428237915,120.03981471061707,2899.1202589733402,0.0,2
0,1,1,0,1,1,1,20,118.70068784010328,1.0,2,2.09419494658196,1.9134550177283485,1,0,0.8514478,0.14855218,2818.7006878401035,0.14855217933654785,163.40739727020264,2982.108085110306,0.0,3
0,1,1,0,1,1,1,33,1.4015965984940737,1.0,3,0.0,0.0,0,0,0.024216646,0.97578335,3801.401596598494,0.9757833480834961,1073.3616828918457,4874.76327949034,0.0,3
0,1,1,1,1,12,0,28,107.01030208279708,8.0,7,0.5793014640533949,0.4646388704642063,0,1,0.00127606,0.9987239,8307.010302082797,7.989791393280029,8788.770532608032,17095.780834690828,4.0,1
1,0,1,0,1,6,0,27,341.8389895686342,6.0,5,4.2395087592841465,4.375651098840076,0,2,9.215536e-05,0.99990785,6341.838989568634,5.9994471073150635,6599.39181804657,12941.230807615204,0.0,0
0,0,1,0,1,1,0,29,46.92935853025304,1.0,3,1.777540912625848,1.7730448190019337,0,0,0.08473616,0.91526383,3846.929358530253,0.915263831615448,1006.7902147769928,4853.719573307246,0.0,3
1,1,1,0,1,12,0,34,109.73111012988728,12.0,7,1.5885355118624245,1.400532901079376,0,1,0.001255933,0.9987441,8309.731110129887,11.984928846359253,13183.421730995178,21493.152841125066,0.0,1
1,1,1,1,0,12,0,28,194.68809991755768,11.0,2,2.461659887016696,2.3923146852267267,0,3,0.00078866037,0.9992113,2894.688099917558,10.991324424743652,12090.456867218018,14985.144967135575,1.0,2
1,1,1,0,1,1,0,25,170.77453290536926,1.0,0,3.0702638556744297,2.5568760181835737,1,2,0.9717281,0.028271914,670.7745329053693,0.028271913528442383,31.09910488128662,701.8736377866559,0.0,0
1,0,1,0,1,1,1,27,69.98605552202432,1.0,0,0.1019402712748764,0.0,1,0,0.995726,0.0042740107,569.9860555220243,0.00427401065826416,4.701411724090576,574.6874672461149,0.0,3
1,1,1,0,1,12,0,28,304.9223802169996,12.0,14,1.0785943305307817,1.0228579387236485,0,1,0.0002586076,0.9997414,16204.922380217,11.996896505355835,13196.586155891418,29401.50853610842,0.0,1
1,1,1,1,1,12,1,32,167.51519404044606,6.0,10,2.2714257026829614,2.3366909079386784,0,1,0.00032516787,0.99967486,11667.515194040447,5.9980491399765015,6597.854053974152,18265.3692480146,6.0,1
0,1,0,0,1,1,0,29,48.33151158684328,1.0,1,0.8529244953358965,0.9337157179242088,1,0,0.7655831,0.2344169,1648.3315115868434,0.2344169020652771,257.8585922718048,1906.1901038586482,0.0,3
1,1,1,1,0,12,0,28,157.8220441266011,12.0,4,1.086075915752564,1.253318522042333,0,3,0.00017006526,0.99982995,5057.822044126601,11.99795937538147,13197.755312919617,18255.57735704622,0.0,2
0,1,0,0,1,1,0,30,20.711405156931438,1.0,0,0.6838390284251635,0.0,1,0,0.9966844,0.0033156276,520.7114051569314,0.0033156275749206543,3.6471903324127197,524.3585954893441,0.0,3
0,0,1,1,1,6,1,25,207.0797105977189,5.0,4,2.250576643849098,2.085150385145292,0,1,0.008930406,0.9910696,5107.079710597719,4.955348074436188,5450.8828818798065,10557.962592477525,1.0,1
0,1,1,1,1,12,1,29,110.83724469718616,11.0,4,2.8930403363543413,3.0335580386100034,0,1,0.00028571318,0.9997143,5010.837244697186,10.996857464313507,12096.543210744858,17107.380455442042,1.0,1
0,1,1,1,1,6,0,26,20.20220747963628,6.0,4,2.3378510378845245,2.2611273930899203,0,1,0.01756936,0.98243064,4920.202207479636,5.894583821296692,6484.042203426361,11404.244410905998,0.0,1
0,1,1,1,1,12,0,26,255.89667111060075,12.0,2,1.2551927018533422,1.307742186709433,0,1,0.008852219,0.99114776,2955.896671110601,11.893773078918457,13083.150386810303,16039.047057920903,0.0,1
0,1,1,1,1,1,1,27,61.347168714423006,1.0,1,1.2305960640926763,0.8056381757914822,1,0,0.95849496,0.04150504,1661.347168714423,0.04150503873825073,45.655542612075806,1707.002711326499,0.0,1
0,1,1,0,1,6,0,29,282.9571186587658,6.0,2,1.2851196067645088,1.2466946118271272,1,0,0.15953858,0.84046143,2982.957118658766,5.042768597602844,5547.045457363129,8530.002576021894,0.0,3
1,1,0,0,1,1,0,26,164.31977519485247,1.0,3,3.811453386488936,3.855104316170756,0,2,0.004587882,0.9954121,3964.3197751948524,0.9954121112823486,1094.9533224105835,5059.273097605435,0.0,0
1,1,0,0,1,1,0,28,100.94944166830606,1.0,1,1.757806928204996,2.008081037988393,1,0,0.827949,0.17205101,1700.949441668306,0.17205101251602173,189.2561137676239,1890.20555543593,0.0,3
0,0,1,0,1,12,0,33,193.7102762972168,11.0,4,2.1027136414897063,2.1373641022781587,0,1,0.00010621241,0.9998938,5093.710276297217,10.998831629753113,12098.714792728424,17192.42506902564,1.0,1
0,1,0,0,1,1,0,32,119.15671783570694,1.0,10,2.1230045362844483,2.211259201168209,0,2,0.0007516057,0.9992484,11619.156717835707,0.9992483854293823,1099.1732239723206,12718.329941808028,0.0,0
1,1,0,0,1,1,1,28,87.74023097996998,1.0,1,2.4710174618725325,1.7088610549323846,1,2,0.99580574,0.0041942596,1687.74023097997,0.0041942596435546875,4.613685607910156,1692.3539165878801,0.0,0
1,1,0,1,1,6,1,29,330.41903319446817,6.0,15,2.3465620975316908,2.4157778635020217,0,1,0.00013388033,0.9998661,17330.419033194466,5.999196767807007,6599.1164445877075,23929.535477782174,0.0,0
0,1,1,1,1,1,1,24,56.041705200587046,1.0,3,1.7688321897669717,1.7289046284246896,0,0,0.16258064,0.8374194,3856.041705200587,0.8374193906784058,921.1613297462463,4777.203034946833,0.0,1
1,1,0,0,1,1,0,29,129.49261462636082,1.0,15,2.8839537634701955,2.9664957159473424,0,2,0.0012254245,0.9987746,17129.49261462636,0.9987745881080627,1098.652046918869,18228.14466154523,0.0,0
1,1,1,0,1,1,0,28,244.311934554486,1.0,3,1.2853237503530353,1.3746693465060844,0,0,0.0408727,0.9591273,4044.311934554486,0.9591273069381714,1055.0400376319885,5099.351972186474,0.0,3
0,1,1,1,1,6,0,31,54.86981361656167,6.0,5,1.9660738069975296,1.9967549593235687,0,1,0.0016823441,0.99831766,6054.869813616561,5.989905953407288,6588.896548748016,12643.766362364579,0.0,1
0,1,0,0,1,1,0,31,131.4962448565968,1.0,1,0.8483976414668439,0.8283888843149403,0,0,0.34846094,0.6515391,1731.4962448565968,0.6515390872955322,716.6929960250854,2448.189240881682,0.0,3
0,1,0,0,1,1,0,30,311.91508755962815,1.0,3,1.5766648388508335,1.6266433381767924,0,0,0.009504113,0.99049586,4111.915087559628,0.9904958605766296,1089.5454466342926,5201.4605341939205,0.0,3
1,1,1,0,1,1,0,31,58.46380010975628,1.0,2,2.454358693552328,2.5714694022821134,0,2,0.067343354,0.93265665,2758.4638001097564,0.9326566457748413,1025.9223103523254,3784.386110462082,0.0,0
0,1,0,0,1,12,0,32,131.11467305265785,12.0,3,1.0958384007009785,1.02450473310303,0,1,0.0016708259,0.99832916,3931.114673052658,11.979949951171875,13177.944946289062,17109.059619341722,0.0,3
0,1,0,0,0,1,0,30,5.812304034204723,1.0,12,1.2709982110577314,1.3001899570191455,0,3,0.011708548,0.98829144,13705.812304034205,0.9882914423942566,1087.1205866336823,14792.932890667887,0.0,2
0,1,1,0,1,6,0,26,203.73174254453625,6.0,7,2.312436147164484,2.3574536684527803,0,2,0.00052485365,0.9994751,8403.731742544536,5.9968507289886475,6596.535801887512,15000.267544432048,0.0,0
0,1,1,1,1,12,1,26,13.118461837388894,11.0,2,1.1659779420175749,1.1217262236579628,0,1,0.0043301056,0.9956699,2713.118461837389,10.952368915081024,12047.605806589127,14760.724268426515,1.0,1
1,1,0,0,0,1,1,26,159.1069811146641,1.0,6,0.9112070701981334,0.9168720923252698,0,3,0.004743205,0.9952568,7259.106981114664,0.995256781578064,1094.7824597358704,8353.889440850535,0.0,2
1,1,0,1,0,1,1,24,102.12504841432,1.0,0,1.8353327758250464,0.828505465034751,1,3,0.9993716,0.00062841177,602.12504841432,0.0006284117698669434,0.6912529468536377,602.8163013611736,0.0,2
1,1,0,0,1,1,0,25,181.03799733978872,1.0,2,1.021323456591839,0.4707775351926594,1,0,0.96828717,0.03171283,2881.0379973397885,0.03171283006668091,34.884113073349,2915.9221104131375,0.0,3
1,1,1,0,1,12,1,31,136.8422948896924,11.0,1,2.4238062192716647,2.4121050770188845,0,1,0.043776114,0.9562239,1736.8422948896923,10.51846295595169,11570.30925154686,13307.151546436551,1.0,1
1,0,1,0,0,1,0,23,12.659007334288065,1.0,1,1.4332996210546594,1.0876347603616514,1,3,0.99518186,0.0048181415,1612.6590073342882,0.004818141460418701,5.299955606460571,1617.9589629407487,0.0,2
0,1,0,0,1,6,1,33,84.25148707866411,6.0,0,0.0,0.090098925664486,0,0,0.04844211,0.9515579,584.2514870786641,5.709347248077393,6280.281972885132,6864.533459963796,0.0,3
0,0,0,0,1,1,0,30,189.26715903136585,1.0,0,3.367690725681194,3.3406078063075286,0,2,0.06905395,0.93094605,689.2671590313658,0.9309460520744324,1024.0406572818756,1713.3078163132413,0.0,0
0,1,1,1,1,12,1,30,161.48621609467546,12.0,6,1.6479222255816235,1.6443270557758438,0,1,0.00013795805,0.999862,7261.486216094676,11.99834418296814,13198.178601264954,20459.66481735963,0.0,1
0,1,0,0,1,1,0,35,191.5712425281676,1.0,3,2.0923758171881413,2.180422469671733,0,2,0.010052602,0.9899474,3991.5712425281677,0.9899473786354065,1088.9421164989471,5080.513359027114,0.0,0
0,1,0,0,1,1,1,33,213.8178606705759,1.0,3,2.4815364985544246,2.549402323969137,0,2,0.0041091703,0.99589086,4013.817860670576,0.9958908557891846,1095.479941368103,5109.297802038679,0.0,0
0,1,0,0,1,1,0,35,187.67315476530644,1.0,11,1.3767877461772469,1.277897510363195,0,2,0.0044037723,0.99559623,12787.673154765307,0.9955962300300598,1095.1558530330658,13882.829007798373,0.0,0
0,1,0,0,1,1,1,31,174.65845497131664,1.0,13,2.8980209720916563,2.876062849269407,0,2,0.000388652,0.9996114,14974.658454971317,0.9996113777160645,1099.572515487671,16074.230970458988,0.0,0
1,0,1,0,1,12,0,24,154.15849307645098,12.0,12,2.6755275243507017,2.595592912432444,0,1,0.00022391538,0.99977607,13854.158493076451,11.997312784194946,13197.044062614441,27051.202555690892,0.0,0
0,1,0,0,1,1,0,24,201.1207115268237,1.0,1,1.6809498012223292,0.6470040291310597,1,0,0.99923754,0.0007624626,1801.1207115268237,0.0007624626159667969,0.8387088775634766,1801.9594204043872,0.0,3
0,0,1,1,1,1,0,32,179.41162001706192,1.0,13,1.4224077675859146,1.2620809691742854,0,0,0.009425684,0.9905743,14979.411620017061,0.990574300289154,1089.6317303180695,16069.04335033513,0.0,1
0,0,0,0,1,1,0,32,18.63154455385973,1.0,3,2.001350573736436,2.003537294315316,0,0,0.036611363,0.9633886,3818.63154455386,0.9633886218070984,1059.7274839878082,4878.3590285416685,0.0,3
0,1,0,0,1,1,0,32,91.41121349054517,1.0,2,2.5358429209538818,2.634988825925287,0,2,0.0144858835,0.9855141,2791.4112134905454,0.9855141043663025,1084.0655148029327,3875.476728293478,0.0,0
1,1,1,1,0,6,0,32,262.9470604935144,5.0,3,2.2839664497237053,2.3491412098099964,0,3,0.0020381205,0.9979619,4062.9470604935145,4.9898093938827515,5488.790333271027,9551.73739376454,1.0,2
0,1,0,1,1,1,0,24,149.50789165573804,1.0,1,0.4294325860216429,0.0,1,0,0.9844779,0.015522122,1749.5078916557381,0.015522122383117676,17.074334621429443,1766.5822262771676,0.0,3
1,0,1,1,1,6,0,29,174.3838597533118,6.0,11,3.448108192918532,3.3921254298717542,0,2,0.00016800976,0.999832,12774.383859753312,5.998991847038269,6598.891031742096,19373.274891495406,0.0,0
1,1,0,0,1,1,1,28,181.5174007598576,1.0,4,4.6112171076034345,4.531758262221424,0,2,0.00043948102,0.99956053,5081.517400759858,0.999560534954071,1099.5165884494781,6181.033989209336,0.0,0
0,1,1,1,1,1,1,32,21.162212944293515,1.0,2,2.3059104129628007,2.3937657569506685,0,2,0.0058798892,0.9941201,2721.1622129442935,0.9941201210021973,1093.532133102417,3814.6943460467105,0.0,1
1,1,1,1,0,6,0,29,36.66202082032622,6.0,3,2.44580696392114,2.4339054515016967,0,3,0.011877905,0.9881221,3836.6620208203262,5.928732633590698,6521.605896949768,10358.267917770094,0.0,2
0,1,0,0,1,1,0,28,273.354891564687,1.0,3,1.0670657595052655,0.6739241671364238,1,0,0.81804657,0.18195343,4073.354891564687,0.18195343017578125,200.14877319335938,4273.503664758046,0.0,3
1,1,1,1,1,12,0,31,182.2049023463532,12.0,2,1.0832609212612068,1.3079204934159698,0,1,0.0002929533,0.99970704,2882.2049023463533,11.996484518051147,13196.132969856262,16078.337872202615,0.0,1
1,1,1,1,0,12,0,27,3.520302781065176,11.0,7,2.4534152757294314,2.38017681359078,0,3,0.00027402092,0.999726,8203.520302781066,10.996985971927643,12096.684569120407,20300.20487190147,1.0,2
1,1,1,1,1,6,1,35,77.62421208652017,6.0,1,3.048558500178389,3.1528474222575547,0,1,0.015187166,0.98481286,1677.6242120865202,5.90887713432312,6499.764847755432,8177.389059841952,0.0,1
0,1,0,0,1,1,1,33,222.1319914903352,1.0,2,3.794330646884864,3.734832995924741,0,2,0.0024069762,0.99759305,2922.131991490335,0.9975930452346802,1097.3523497581482,4019.4843412484834,0.0,0
0,1,1,1,1,12,0,24,89.5958730783227,12.0,4,0.7459558016659444,0.7945356663509349,0,1,0.008531273,0.9914687,4989.595873078322,11.897624731063843,13087.387204170227,18076.98307724855,0.0,1
1,0,0,0,1,1,0,31,113.58614408602143,1.0,0,1.03826762600034,0.7997747565570568,1,0,0.88071066,0.11928934,613.5861440860215,0.1192893385887146,131.21827244758606,744.8044165336075,0.0,3
0,1,1,0,1,12,1,28,205.06994601138769,8.0,4,0.43321160071029,0.3881188372041103,0,1,0.00041156236,0.99958843,5105.069946011387,7.996707439422607,8796.378183364868,13901.448129376255,4.0,1
0,1,1,1,1,1,0,28,211.26641555297545,1.0,4,1.6093200125702198,1.7994518898806444,0,0,0.0070319134,0.9929681,5111.266415552976,0.9929680824279785,1092.2648906707764,6203.531306223752,0.0,1
1,1,0,0,1,12,1,29,128.22334310102252,11.0,4,4.214829182094901,4.1291822055756455,0,1,0.000102240956,0.9998978,5028.223343101023,10.998875558376312,12098.763114213943,17126.986457314968,1.0,0
0,0,0,0,1,12,1,37,23.840704416354484,11.0,10,2.53711470168197,2.4385498857206667,0,1,9.857041e-05,0.9999014,11523.840704416354,10.998915553092957,12098.807108402252,23622.647812818606,1.0,0
0,1,0,0,1,1,1,28,22.166231877426867,1.0,1,2.808648618396582,2.8586028809329456,0,2,0.12856373,0.87143624,1622.166231877427,0.8714362382888794,958.5798621177673,2580.7460939951943,0.0,0
1,1,0,0,0,1,0,31,298.4186539392812,1.0,3,2.5812990091178007,2.441502512992124,0,3,0.011787554,0.98821247,4098.418653939281,0.9882124662399292,1087.0337128639221,5185.452366803203,0.0,2
1,1,1,1,1,12,1,26,56.94788281980632,11.0,7,2.5191723964421286,2.743306595845327,0,1,0.00010689021,0.9998931,8256.947882819806,10.998824417591095,12098.706859350204,20355.65474217001,1.0,1
0,0,1,0,1,1,0,20,187.73540086270768,1.0,0,0.6769335226959159,0.4250572122463775,1,0,0.9821683,0.017831683,687.7354008627077,0.01783168315887451,19.614851474761963,707.3502523374697,0.0,3
1,1,0,0,1,1,0,28,297.399090279333,1.0,3,2.29437986858155,2.3021136009765955,0,2,0.012085889,0.9879141,4097.399090279333,0.9879140853881836,1086.705493927002,5184.104584206335,0.0,0
0,1,0,0,1,1,0,22,63.21932575138136,1.0,3,0.6263692614152713,0.0,1,0,0.9834073,0.016592681,3863.2193257513813,0.016592681407928467,18.251949548721313,3881.4712753001027,0.0,3
1,0,1,0,1,6,0,32,87.07834164829247,6.0,8,3.942865677711897,3.821841276135775,0,2,0.00016304036,0.999837,9387.078341648292,5.999021887779236,6598.924076557159,15986.002418205451,0.0,0
1,1,1,1,1,1,0,24,106.70194493786944,1.0,1,0.9469969784090512,0.1104691438981916,1,0,0.9986964,0.0013036132,1706.7019449378695,0.0013036131858825684,1.4339745044708252,1708.1359194423403,0.0,3
0,1,0,0,1,12,1,23,183.97524473445085,12.0,7,0.6940414958852863,0.8702807068800078,0,1,0.00011887069,0.99988115,8383.97524473445,11.998573780059814,13198.431158065796,21582.406402800247,0.0,3
0,1,1,0,1,6,0,29,270.9020689116469,6.0,8,4.06408421580188,4.0274488624393445,0,2,0.00014504496,0.999855,9570.902068911648,5.999129891395569,6599.042880535126,16169.944949446774,0.0,0
1,1,1,0,1,12,0,27,337.58808581146087,12.0,3,3.917562527940764,3.860355976140087,0,1,7.889662e-05,0.9999211,4137.588085811461,11.999053001403809,13198.95830154419,17336.54638735565,0.0,0
0,1,1,0,1,1,0,28,72.72120644384663,1.0,6,3.076859209839192,3.052676908076664,0,2,0.0032382896,0.99676174,7172.721206443846,0.9967617392539978,1096.4379131793976,8269.159119623244,0.0,0
0,0,0,0,1,1,0,28,141.2200859346874,1.0,0,1.6544104899203067,1.3958267498699617,1,0,0.98774415,0.012255847,641.2200859346874,0.012255847454071045,13.48143219947815,654.7015181341656,0.0,3
0,0,0,0,1,1,0,24,51.25209019504592,1.0,2,1.4960600117612737,0.7112467078543989,1,0,0.99876213,0.0012378693,2751.252090195046,0.0012378692626953125,1.3616561889648438,2752.613746384011,0.0,3
1,1,1,0,1,12,1,33,26.23323994795761,9.0,3,4.1974529402168255,4.411932027301369,0,1,0.00014097837,0.99985904,3826.233239947958,8.998731315135956,9898.604446649551,13724.83768659751,3.0,0
1,1,0,0,1,1,0,32,143.08480517811242,1.0,1,3.320476569719035,3.3081016127255203,0,2,0.006208961,0.99379104,1743.0848051781124,0.9937910437583923,1093.1701481342316,2836.254953312344,0.0,0
1,1,0,0,1,1,0,21,258.05757766327525,1.0,0,1.3670803623864016,1.200516395870169,1,0,0.96738553,0.03261447,758.0575776632752,0.03261446952819824,35.875916481018066,793.9334941442933,0.0,3
0,0,0,0,0,12,1,28,334.4485301610483,12.0,6,0.9786381496553472,0.9815165191941008,0,3,0.00024989972,0.9997501,7434.448530161048,11.997000932693481,13196.70102596283,20631.149556123877,0.0,2
0,1,0,0,1,1,0,31,133.2095788837479,1.0,3,0.0,0.0,1,0,0.32757324,0.67242676,3933.209578883748,0.6724267601966858,739.6694362163544,4672.879015100102,0.0,3
0,0,1,0,1,1,1,34,304.79502874757463,1.0,3,2.7490033061541057,2.7656484451269816,0,2,0.0012557799,0.99874425,4104.795028747574,0.9987442493438721,1098.6186742782593,5203.4137030258335,0.0,0
1,1,0,0,1,1,1,23,164.1463859895106,1.0,0,1.3935991558611398,0.7846505167002737,1,0,0.99747026,0.0025297403,664.1463859895106,0.002529740333557129,2.782714366912842,666.9291003564234,0.0,3
0,1,1,1,1,1,1,33,165.8791623233464,1.0,5,1.1660276281568869,1.1709388734929371,0,0,0.0005376204,0.99946237,6165.8791623233465,0.999462366104126,1099.4086027145386,7265.287765037885,0.0,1
1,1,1,1,1,1,0,26,237.1777479544465,1.0,1,0.1207135123383675,0.0,1,0,0.9717728,0.02822721,1837.1777479544464,0.02822721004486084,31.049931049346924,1868.2276790037934,0.0,3
1,0,1,0,1,6,0,29,209.8051088998516,6.0,8,4.681556930443291,5.024720933352363,0,2,0.00014407786,0.99985594,9509.80510889985,5.999135613441467,6599.049174785614,16108.854283685465,0.0,0
1,1,0,0,1,1,1,29,270.4350936701486,1.0,5,2.2745042361946948,2.2091626688997463,0,2,0.0014670597,0.99853295,6270.4350936701485,0.9985329508781433,1098.3862459659576,7368.821339636106,0.0,0
1,1,1,0,1,1,0,28,15.664603547391536,1.0,1,1.2411900266820872,0.3437079687587969,1,0,0.9996518,0.00034821033,1615.6646035473916,0.00034821033477783203,0.38303136825561523,1616.0476349156472,0.0,3
1,1,0,0,1,6,1,23,114.31646043553545,4.0,2,2.1887994657092604,2.1333377203870487,0,2,0.14940138,0.85059863,2814.3164604355356,3.4023945331573486,3742.6339864730835,6556.950446908619,2.0,0
0,1,0,0,1,1,1,35,298.19883729584814,1.0,9,1.6760780502037798,1.739380571784153,0,2,0.00020922135,0.9997908,10698.198837295848,0.9997907876968384,1099.7698664665222,11797.96870376237,0.0,0
1,1,0,0,1,1,1,28,185.0321307883902,1.0,0,3.030928430234243,1.3785186811915755,1,2,0.99939406,0.0006059408,685.0321307883902,0.0006059408187866211,0.6665349006652832,685.6986656890555,0.0,0
0,1,1,1,1,6,0,33,300.78620691934844,6.0,10,0.5293070565804079,0.6972114735519419,0,1,0.00052078726,0.99947923,11800.786206919349,5.9968754053115845,6596.562945842743,18397.349152762094,0.0,1
1,1,0,0,1,1,0,23,202.25881226356023,1.0,0,1.4679653944802329,1.2098590420926685,1,0,0.9978957,0.0021042824,702.2588122635602,0.0021042823791503906,2.3147106170654297,704.5735228806257,0.0,3
0,1,0,0,1,12,0,32,212.38102366570573,11.0,1,3.905591239469163,3.955652489583868,0,1,0.00046537898,0.9995346,1812.3810236657057,10.994880676269531,12094.368743896484,13906.74976756219,1.0,0
1,1,0,0,1,1,0,29,101.9893548456263,1.0,9,1.5827747286246705,1.6322397184862998,0,0,0.0023040562,0.9976959,10501.989354845626,0.9976959228515625,1097.4655151367188,11599.454869982344,0.0,3
1,1,0,0,0,1,1,30,201.4511377530918,1.0,4,4.1832816081322886,4.160929970890051,0,3,0.0006296086,0.9993704,5101.451137753092,0.9993703961372375,1099.3074357509613,6200.758573504053,0.0,2
0,0,0,0,1,1,0,25,124.02767683973974,1.0,2,0.8885601036901057,0.8634375000955845,1,0,0.8535131,0.14648688,2824.02767683974,0.14648687839508057,161.13556623458862,2985.1632430743284,0.0,3
0,1,1,1,1,12,1,29,267.6488899712516,12.0,10,2.3572937550286137,2.3872771676614626,0,1,0.00019596242,0.999804,11767.648889971251,11.997648239135742,13197.413063049316,24965.061953020566,0.0,1
1,1,0,0,1,12,1,27,68.80976188437782,5.0,5,3.735156466994324,3.7214447654985423,0,2,0.000263942,0.9997361,6068.809761884378,4.998680353164673,5498.54838848114,11567.358150365519,7.0,1
0,1,1,1,1,12,0,29,10.071896219120957,12.0,6,1.9429455212131064,2.0301926045336787,0,1,0.0004175414,0.99958247,7110.071896219121,11.99498963356018,13194.488596916199,20304.56049313532,0.0,1
1,0,0,0,1,1,0,28,147.90686107582158,1.0,1,1.6399750217650992,0.9710201634830952,1,0,0.9821524,0.017847598,1747.9068610758216,0.01784759759902954,19.632357358932495,1767.539218434754,0.0,3
1,1,0,1,1,6,1,30,140.5278325658633,6.0,6,2.341299549062497,2.242707159516061,0,1,0.0020722453,0.9979277,7240.527832565864,5.987566351890564,6586.32298707962,13826.850819645484,0.0,1
1,1,1,1,1,6,0,32,190.1434900025581,6.0,1,1.937417871594744,1.782190711691944,0,1,0.04765448,0.9523455,1790.143490002558,5.714072942733765,6285.480237007141,8075.623727009699,0.0,1
1,0,1,0,1,6,0,30,168.47356814199424,6.0,1,0.2494684778476932,0.3616455376999138,0,0,0.033927888,0.9660721,1768.4735681419943,5.7964324951171875,6376.075744628906,8144.5493127709005,0.0,3
0,0,1,0,1,1,1,23,286.2619089801683,1.0,1,1.846948207996394,1.6722353681133648,1,0,0.8414981,0.15850192,1886.2619089801683,0.15850192308425903,174.35211539268494,2060.6140243728532,0.0,3
0,0,1,0,1,12,0,31,185.92254569312504,12.0,1,1.5402761802553482,1.5837430692213113,0,1,0.010482313,0.9895177,1785.9225456931251,11.874212265014648,13061.633491516113,14847.556037209239,0.0,3
1,1,0,0,1,12,0,33,205.2390266739363,12.0,1,3.3421823472303096,3.266822216515134,0,1,0.00038499027,0.999615,1805.2390266739362,11.995380163192749,13194.918179512024,15000.15720618596,0.0,0
1,1,0,0,1,1,0,31,128.91794496752766,1.0,10,1.2452836677972592,1.4004299708863042,0,0,0.002850423,0.9971496,11628.917944967528,0.9971495866775513,1096.8645453453064,12725.782490312835,0.0,3
1,1,1,1,1,6,1,28,168.1653575817181,6.0,4,2.21553982281005,2.1060491928938707,0,1,0.0021373222,0.9978627,5068.165357581718,5.987176179885864,6585.893797874451,11654.059155456169,0.0,1
1,1,1,0,1,12,1,30,238.3626062455386,12.0,1,2.6050380789808902,2.625267914805991,0,1,0.014361364,0.9856386,1838.3626062455387,11.82766342163086,13010.429763793945,14848.792370039484,0.0,1
0,1,0,0,0,6,1,29,54.00444376263541,6.0,4,2.0488005702020247,2.069028956214664,0,3,0.0025525643,0.99744743,4954.004443762636,5.984684586524963,6583.15304517746,11537.157488940094,0.0,2
0,1,0,0,1,1,1,24,14.70776355941858,1.0,2,0.9709439113945356,1.0160618249461206,1,0,0.86713207,0.13286793,2714.7077635594187,0.1328679323196411,146.15472555160522,2860.862489111024,0.0,3
1,1,0,0,1,1,0,24,114.67628726390149,1.0,2,2.5773590383674505,2.4916078003158884,0,2,0.3169417,0.68305826,2814.6762872639015,0.6830582618713379,751.3640880584717,3566.040375322373,0.0,0
0,1,0,0,1,1,1,27,34.54852970227054,1.0,1,1.8486259260085365,2.334089270363126,1,0,0.8808591,0.11914092,1634.5485297022706,0.11914092302322388,131.05501532554626,1765.6035450278168,0.0,3
1,1,0,1,1,12,0,29,0.2516057215197094,12.0,7,1.3041489297360576,1.2260577350828206,0,1,0.0012909712,0.998709,8200.25160572152,11.984508275985718,13182.95910358429,21383.210709305808,0.0,1
1,0,1,0,1,6,0,32,50.70322709879865,6.0,2,2.172535199821279,2.0811092205447967,0,2,0.02272526,0.9772747,2750.703227098799,5.863648295402527,6450.0131249427795,9200.716352041578,0.0,3
0,1,0,0,1,1,1,34,113.50853406945402,1.0,1,3.3791745537350004,3.2864551063194383,0,2,0.003282156,0.9967179,1713.508534069454,0.9967178702354431,1096.3896572589874,2809.8981913284415,0.0,0
1,1,0,0,1,1,0,22,8.986968460309654,1.0,2,1.264489887514212,0.3034955548234187,1,0,0.99977833,0.00022166967,2708.9869684603095,0.00022166967391967773,0.2438366413116455,2709.230805101621,0.0,3
0,0,1,0,1,12,1,31,88.95602605095844,12.0,3,3.409635455051572,3.355526130940332,0,1,0.00013232786,0.9998677,3888.9560260509584,11.998412132263184,13198.253345489502,17087.20937154046,0.0,0
1,1,0,0,1,6,0,34,180.9639804439948,6.0,2,1.6237682350994829,1.7240637953471758,0,2,0.004416038,0.99558395,2880.963980443995,5.9735037088394165,6570.854079723358,9451.818060167352,0.0,0
0,1,1,0,1,12,1,29,29.08594763238379,12.0,6,2.6106602157332133,2.692600842830851,0,1,0.00035490195,0.9996451,7129.085947632384,11.995741367340088,13195.315504074097,20324.40145170648,0.0,1
0,1,0,0,1,1,1,25,136.3851303811885,1.0,2,2.129486222321632,1.6276333021436291,1,0,0.9709989,0.029001117,2836.3851303811884,0.02900111675262451,31.901228427886963,2868.2863588090754,0.0,3
0,0,1,0,1,1,0,24,33.95706944251225,1.0,0,2.186045323149556,1.6227287369455516,1,0,0.99938154,0.0006184578,533.9570694425122,0.0006184577941894531,0.6803035736083984,534.6373730161206,0.0,3
0,1,1,0,1,6,0,28,141.35829747011712,3.0,1,1.4353589273493368,1.2085476271173046,0,0,0.8019593,0.19804072,1741.3582974701171,0.5941221714019775,653.5343885421753,2394.8926860122924,3.0,1
0,1,0,0,1,1,0,27,183.18661573480875,1.0,0,1.1450885600182206,0.1459716440989145,1,0,0.99982435,0.00017565489,683.1866157348088,0.00017565488815307617,0.1932203769683838,683.3798361117772,0.0,3
1,1,1,1,1,6,0,24,18.20439970774214,5.0,0,0.0,0.0,1,0,0.98261607,0.017383933,518.2043997077421,0.08691966533660889,95.61163187026978,613.8160315780119,1.0,3
0,0,1,0,1,12,0,20,12.668363278842364,12.0,1,1.8226031153569429,2.0467844084807574,1,1,0.8741908,0.1258092,1612.6683632788424,1.5097103118896484,1660.6813430786133,3273.349706357456,0.0,3
0,1,0,0,1,12,1,30,125.7781189271654,8.0,8,4.065696139396842,4.124446543856648,0,2,4.8944057e-05,0.99995106,9425.778118927165,7.999608516693115,8799.569368362427,18225.34748728959,4.0,0
1,1,0,0,1,6,0,33,107.47692285698145,6.0,1,2.6254948016477404,2.7113235560322986,0,2,0.008494965,0.991505,1707.4769228569814,5.949030160903931,6543.933176994324,8251.410099851306,0.0,0
1,1,0,0,1,1,0,34,296.5848256970058,1.0,2,2.5702237964945582,2.6796305748491003,0,2,0.0037956673,0.9962043,2996.5848256970057,0.9962043166160583,1095.8247482776642,4092.40957397467,0.0,0
0,1,1,0,1,6,1,28,135.92394807638442,6.0,4,1.1560132749584389,1.1337600345380738,0,0,0.0024404435,0.99755955,5035.9239480763845,5.985357284545898,6583.893013000488,11619.816961076873,0.0,3
1,1,1,1,1,12,1,26,81.02467690501004,12.0,1,0.3515172388753547,0.0,1,1,0.89713,0.10286999,1681.02467690501,1.2344398498535156,1357.8838348388672,3038.908511743877,0.0,1
0,1,0,0,1,6,0,26,276.9727239403987,6.0,2,1.3023459634866936,1.3543365765481112,0,0,0.19718666,0.80281335,2976.9727239403987,4.816880106925964,5298.568117618561,8275.540841558959,0.0,3
1,1,1,0,0,12,0,36,121.40472330921487,12.0,3,2.156024554868964,2.200048430980333,0,3,0.00027895762,0.99972105,3921.4047233092147,11.996652603149414,13196.317863464355,17117.72258677357,0.0,2
1,1,0,0,1,1,0,26,13.818039425637489,1.0,4,2.6173725901139058,2.609531405387138,0,2,0.0384616,0.9615384,4913.818039425638,0.9615383744239807,1057.6922118663788,5971.510251292017,0.0,0
1,1,1,1,1,12,1,31,259.52812173263027,10.0,1,3.6034326513223975,3.84691542793278,0,1,0.00051679986,0.9994832,1859.5281217326303,9.994832277297974,10994.315505027771,12853.843626760401,2.0,1
0,1,1,0,1,1,0,28,17.900822157981374,1.0,3,0.8535080115328393,0.8162671952117867,0,0,0.3133564,0.6866436,3817.9008221579816,0.6866436004638672,755.3079605102539,4573.2087826682355,0.0,3
0,1,0,0,1,12,0,32,182.6722908335252,12.0,2,3.329786791601202,3.2184141214522737,0,1,7.873338e-05,0.99992126,2882.672290833525,11.99905514717102,13198.960661888123,16081.632952721648,0.0,0
1,1,0,0,1,1,0,29,47.2771036272527,1.0,4,2.0115817544542534,1.998764651157465,0,2,0.03311651,0.9668835,4947.2771036272525,0.9668834805488586,1063.5718286037445,6010.848932230997,0.0,3
1,0,0,0,1,1,0,27,169.4381176716474,1.0,2,0.4848650493285653,0.2193944717218964,1,0,0.9169345,0.08306551,2869.4381176716474,0.08306550979614258,91.37206077575684,2960.8101784474043,0.0,3
0,0,0,0,1,6,1,34,36.45223616227229,6.0,0,2.499141655403609,2.511934881139163,0,2,0.071461365,0.9285386,536.4522361622722,5.571231722831726,6128.354895114899,6664.807131277171,0.0,0
0,1,1,0,1,6,1,33,40.37335229335008,6.0,8,1.460942166269109,1.3737401997506398,0,1,0.0022951402,0.99770486,9340.37335229335,5.986229181289673,6584.85209941864,15925.22545171199,0.0,1
1,1,0,0,1,12,1,31,165.97620034542945,12.0,14,3.630721114113904,3.706808205559376,0,1,4.3148884e-05,0.99995685,16065.976200345429,11.999482154846191,13199.43037033081,29265.40657067624,0.0,0
0,1,0,0,1,1,0,30,74.34431129853206,1.0,4,1.255768996315928,0.3928425088367262,1,0,0.9611797,0.038820326,4974.344311298532,0.03882032632827759,42.70235896110535,5017.046670259638,0.0,3
1,1,0,0,1,1,1,37,11.378760075966325,1.0,4,3.4440015046160184,3.3994105266453416,0,2,0.00027834898,0.99972165,4911.378760075966,0.9997216463088989,1099.6938109397888,6011.072571015755,0.0,0
1,1,1,1,1,1,0,35,282.39843646056687,1.0,3,2.276138868636856,2.2097276678951694,0,2,0.011878962,0.98812103,4082.3984364605667,0.9881210327148438,1086.9331359863281,5169.331572446895,0.0,1
0,1,1,0,1,1,1,31,160.61505908560832,1.0,2,3.435170555370037,3.3176872934923747,0,2,0.0029813289,0.9970187,2860.615059085608,0.9970186948776245,1096.720564365387,3957.335623450995,0.0,0
1,1,1,0,1,1,0,28,269.9964578377976,1.0,1,1.1408086941189457,0.3919918740774016,1,0,0.98964965,0.010350347,1869.9964578377976,0.010350346565246582,11.38538122177124,1881.3818390595688,0.0,3
0,1,1,1,0,12,1,34,68.27358904357806,12.0,3,2.8859360034305674,2.9173792788783124,0,3,5.2457515e-05,0.99994755,3868.273589043578,11.999370574951172,13199.307632446289,17067.58122148987,0.0,2
1,1,0,0,0,1,1,29,25.030533597565352,1.0,2,3.002852688755725,2.5251593248291786,1,3,0.4481871,0.5518129,2725.0305335975654,0.5518128871917725,606.9941759109497,3332.024709508515,0.0,2
0,1,0,0,1,6,1,26,286.759012206373,4.0,5,0.5454678532193036,0.6084150946337078,0,0,0.00041133526,0.99958867,6286.759012206373,3.99835467338562,4398.190140724182,10684.949152930556,2.0,3
1,0,1,0,1,6,0,30,297.1898155902279,5.0,4,1.778190214401583,1.7748998879529598,0,0,0.0031572042,0.9968428,5197.189815590228,4.984214007854462,5482.635408639908,10679.825224230135,1.0,3
1,1,1,0,1,12,1,28,335.11655099091126,11.0,3,2.320505375080529,2.4631894728913286,0,1,0.0003291593,0.99967086,4135.1165509909115,10.996379494667053,12096.017444133759,16231.13399512467,1.0,1
1,1,0,0,0,1,0,28,107.85798354841472,1.0,10,1.3462173891357712,1.3132338234726102,0,3,0.0068171164,0.9931829,11607.857983548414,0.993182897567749,1092.501187324524,12700.359170872938,0.0,2
0,1,0,0,1,1,1,26,172.2210791668222,1.0,8,0.0,0.0128250159706654,0,0,0.0006754787,0.9993245,9472.221079166822,0.9993245005607605,1099.2569506168365,10571.478029783659,0.0,3
1,1,1,0,1,1,0,34,8.698360222169057,1.0,1,1.7771020154364574,1.6718439555730482,0,0,0.1724254,0.8275746,1608.698360222169,0.827574610710144,910.3320717811584,2519.0304320033274,0.0,3
1,0,1,1,1,1,0,30,291.72271633686483,1.0,1,1.7750563850994858,2.066395315525369,1,0,0.080501094,0.9194989,1891.7227163368648,0.9194989204406738,1011.4488124847412,2903.171528821606,0.0,1
0,1,0,0,1,12,1,24,44.03701821599165,11.0,5,3.4286725288375903,3.4697106635427546,0,1,0.00011172402,0.9998883,6044.037018215991,10.9987713098526,12098.64844083786,18142.68545905385,1.0,0
1,1,0,0,1,1,0,31,69.47306472683435,1.0,1,0.5674667060743143,0.0,1,0,0.99069047,0.00930953,1669.4730647268343,0.009309530258178711,10.240483283996582,1679.713548010831,0.0,3
1,1,1,1,1,12,0,29,167.5114834764292,11.0,9,1.7666883339583568,1.7898822321053554,0,1,0.00019741981,0.9998026,10567.51148347643,10.997828483581543,12097.611331939697,22665.12281541613,1.0,1
1,1,1,0,1,12,0,29,242.37439212044157,10.0,17,1.7832842733038636,2.0007454680233474,0,1,0.00020554142,0.9997945,19442.37439212044,9.997944831848145,10997.739315032959,30440.1137071534,2.0,1
1,1,1,1,1,6,0,21,134.68930940013954,6.0,1,1.9821387109158253,2.72003469892956,1,1,0.89854455,0.10145545,1734.6893094001396,0.6087327003479004,669.6059703826904,2404.29527978283,0.0,1
0,1,0,1,1,1,0,31,195.2690628447768,1.0,5,1.7403048091716382,1.834633042760124,0,2,0.0012606388,0.99873936,6195.269062844777,0.9987393617630005,1098.6132979393005,7293.882360784078,0.0,3
0,1,0,0,1,1,1,28,188.10770206662025,1.0,1,1.2859396372840657,0.6055698160883477,1,0,0.9897858,0.01021421,1788.1077020666203,0.01021420955657959,11.235630512237549,1799.3433325788578,0.0,3
0,1,1,0,1,6,0,31,246.42337210346105,6.0,3,2.124553281906617,2.0966082840459257,0,1,0.009038938,0.9909611,4046.423372103461,5.945766448974609,6540.34309387207,10586.766465975532,0.0,0
1,1,0,0,1,1,0,31,256.05854198409713,1.0,0,3.3635034879946684,3.282305419172081,0,2,0.042862926,0.95713705,756.0585419840971,0.9571370482444763,1052.850753068924,1808.9092950530212,0.0,0
0,1,0,0,1,1,1,31,57.73976157375759,1.0,1,0.9526132981972594,1.305268599482742,1,0,0.72073424,0.27926576,1657.7397615737575,0.27926576137542725,307.19233751296997,1964.9320990867275,0.0,3
1,1,0,1,1,1,1,30,66.3113215725881,1.0,1,2.5031443865374103,2.426164178576767,0,2,0.10123003,0.89877,1666.311321572588,0.8987699747085571,988.6469721794128,2654.958293752001,0.0,0
0,1,1,1,1,6,0,35,77.83612466614166,6.0,2,3.0419484451691337,3.1962754254304206,0,1,0.0015963536,0.99840367,2777.8361246661416,5.990422010421753,6589.464211463928,9367.300336130069,0.0,1
0,1,0,0,1,1,0,25,125.38205632830216,1.0,0,1.2262020012853865,0.1267186623781677,1,0,0.99986255,0.00013744831,625.3820563283022,0.00013744831085205078,0.15119314193725586,625.5332494702394,0.0,3
1,1,0,0,1,1,0,25,108.82961742873856,1.0,0,0.3574285446053513,0.0105157083168308,1,0,0.9976584,0.002341628,608.8296174287385,0.002341628074645996,2.5757908821105957,611.4054083108491,0.0,3
0,1,0,0,1,1,0,32,143.670704592324,1.0,5,2.623186665009201,2.67276060154316,0,2,0.00071656896,0.99928343,6143.670704592324,0.9992834329605103,1099.2117762565613,7242.882480848885,0.0,0
0,1,0,0,1,6,1,30,201.62261459747648,6.0,11,0.8620829618188512,0.7676862757622225,0,0,0.0003722111,0.99962777,12801.622614597476,5.997766613960266,6597.543275356293,19399.16588995377,0.0,3
1,1,0,1,1,1,0,27,246.69367492221429,1.0,1,2.7619983585702976,2.7857307350955485,0,2,0.11986963,0.88013035,1846.6936749222143,0.8801303505897522,968.1433856487274,2814.8370605709415,0.0,0
1,1,0,0,1,1,1,30,40.61909553530333,1.0,2,3.6581749937017625,3.757525032812716,0,2,0.0061521144,0.9938479,2740.619095535303,0.9938479065895081,1093.2326972484589,3833.851792783762,0.0,0
1,0,1,0,1,1,0,25,44.18723785316519,1.0,4,3.000335960920413,3.059641515682655,0,2,0.05143348,0.9485665,4944.187237853165,0.9485664963722229,1043.4231460094452,5987.61038386261,0.0,0
0,1,1,1,0,1,0,29,347.4766244291207,1.0,3,0.0,0.0735318270008015,0,3,0.013729846,0.9862701,4147.47662442912,0.9862701296806335,1084.897142648697,5232.373767077817,0.0,2
1,1,0,0,0,1,0,28,37.133889861926185,1.0,4,0.6446670965069963,0.5630175891024572,0,3,0.053692047,0.94630796,4937.133889861926,0.9463079571723938,1040.9387528896332,5978.072642751559,0.0,2
1,1,0,0,1,1,0,27,373.69665012264016,1.0,3,2.66375416288722,2.617758568436808,0,2,0.0063482122,0.9936518,4173.69665012264,0.993651807308197,1093.0169880390167,5266.7136381616565,0.0,0
0,1,1,1,0,6,0,25,221.0165363585588,5.0,11,4.189935757338596,4.112302107310101,0,3,0.0004583911,0.9995416,12821.016536358558,4.997707903385162,5497.478693723679,18318.495230082237,1.0,2
0,1,0,0,1,6,1,30,115.76395675061,6.0,1,3.238065120191944,3.340597972134382,0,2,0.0017437148,0.99825627,1715.76395675061,5.989537596702576,6588.491356372833,8304.255313123444,0.0,0
0,1,0,0,1,6,1,36,184.7275893696425,6.0,4,2.77318654848778,2.88072822166314,0,2,0.00014140231,0.9998586,5084.727589369642,5.999151706695557,6599.066877365112,11683.794466734755,0.0,0
1,1,0,1,1,12,0,32,96.8778279807333,11.0,0,1.6355156702923832,1.7566272038702082,0,1,0.0032894693,0.99671054,596.8778279807333,10.963815927505493,12060.197520256042,12657.075348236776,1.0,1
0,1,1,0,1,12,0,32,155.69039514242868,11.0,1,2.0666053460326594,2.1299908747433114,0,1,0.003915201,0.9960848,1755.6903951424288,10.95693290233612,12052.626192569733,13808.316587712161,1.0,1
0,1,0,0,1,1,1,26,46.8816463551746,1.0,1,1.33058660471976,2.30162877543228,1,0,0.9856178,0.014382184,1646.8816463551746,0.01438218355178833,15.820401906967163,1662.7020482621417,0.0,3
0,1,1,0,1,12,0,23,112.06578405969204,12.0,4,2.029896654954061,1.884602977188074,0,1,0.021967413,0.9780326,5012.065784059692,11.736391067504883,12910.030174255371,17922.09595831506,0.0,1
0,0,1,0,1,1,0,28,182.8335865538585,1.0,3,1.0887888021305865,0.1431245785353502,1,0,0.98557013,0.014429867,3982.8335865538584,0.014429867267608643,15.872853994369507,3998.706440548228,0.0,3
1,1,0,0,1,12,1,33,220.2483412893764,10.0,3,2.168651413431625,2.4284554241319705,0,1,0.00032089307,0.9996791,4020.248341289376,9.996790885925293,10996.469974517822,15016.718315807198,2.0,0
1,1,0,0,1,1,0,34,254.1477487038254,1.0,2,1.2837492625792253,1.1469424561045078,0,0,0.09122571,0.90877426,2954.1477487038255,0.9087742567062378,999.6516823768616,3953.799431080687,0.0,3
1,1,0,0,1,1,0,23,87.04726534641478,1.0,0,2.0476690233459185,1.111466017240918,1,0,0.9997538,0.0002462268,587.0472653464147,0.00024622678756713867,0.27084946632385254,587.3181148127386,0.0,3
1,0,1,0,0,1,0,33,181.72106467836244,1.0,5,2.079161150839295,2.1177217408984563,0,3,0.0012693276,0.99873066,6181.721064678362,0.9987306594848633,1098.6037254333496,7280.324790111712,0.0,2
1,1,0,1,1,1,0,25,226.61709089768232,1.0,0,0.1530703206985866,0.0,1,0,0.99403244,0.0059675574,726.6170908976824,0.005967557430267334,6.564313173294067,733.1814040709764,0.0,3
1,1,1,1,1,12,0,26,218.2067708828048,9.0,12,1.9264750389365468,1.98287189003692,0,1,0.00011599652,0.999884,13918.206770882805,8.998956084251404,9898.851692676544,23817.058463559348,3.0,1
1,0,1,0,1,12,0,27,65.96071362808406,11.0,2,1.1204629901243106,1.2086633962353188,0,1,0.0067094574,0.99329054,2765.9607136280842,10.926195979118347,12018.815577030182,14784.776290658267,1.0,3
1,1,0,0,1,1,0,26,42.631634858158186,1.0,1,1.7571677625838733,1.4396342734983572,1,0,0.9911699,0.0088300705,1642.6316348581581,0.008830070495605469,9.713077545166016,1652.3447124033241,0.0,3
0,1,1,0,1,6,0,29,50.5206112942493,5.0,11,0.239958274833147,0.3340948201491426,0,0,0.0035060598,0.99649394,12650.520611294249,4.98246967792511,5480.716645717621,18131.237257011868,1.0,3
1,1,1,0,1,1,0,25,209.0099382833044,1.0,1,3.438155551591577,3.4625618237236946,0,2,0.051219247,0.9487808,1809.0099382833043,0.9487807750701904,1043.6588525772095,2852.6687908605136,0.0,0
1,1,1,1,1,6,1,30,110.60719017196251,6.0,4,2.0607868626479475,1.8991976801617951,0,1,0.0033380475,0.99666196,5010.607190171962,5.979971766471863,6577.968943119049,11588.576133291012,0.0,1
0,1,1,1,1,12,1,35,231.25148642944697,12.0,1,2.3198399988122973,2.4362903782742955,0,1,0.0020218494,0.99797815,1831.251486429447,11.975737810134888,13173.311591148376,15004.563077577823,0.0,1
0,1,1,0,0,12,1,29,154.66267019173418,12.0,2,3.02367160490216,2.910868042092424,0,3,0.0015395326,0.9984605,2854.6626701917344,11.981525659561157,13179.678225517273,16034.340895709007,0.0,2
0,1,1,1,1,1,1,29,23.59773876820916,1.0,12,2.2833086964080693,2.1676221695692584,0,2,0.0038477874,0.9961522,13723.597738768209,0.9961522221565247,1095.7674443721771,14819.365183140386,0.0,1
0,1,0,0,1,12,1,26,129.75202384914837,12.0,18,0.1951293570736805,0.2572943556886992,0,1,0.0001157338,0.99988425,20429.75202384915,11.998610973358154,13198.47207069397,33628.22409454312,0.0,3
1,1,1,0,1,6,1,31,66.25946303488044,5.0,7,3.3589803105560714,3.3466497902066736,0,2,0.00018259141,0.99981743,8266.259463034881,4.999087154865265,5498.995870351791,13765.255333386673,1.0,0
0,1,0,1,1,1,0,25,248.09034500920583,1.0,4,0.5640620567643199,0.482753308310815,0,0,0.007776716,0.99222326,5148.0903450092055,0.9922232627868652,1091.4455890655518,6239.535934074757,0.0,3
1,0,1,0,1,1,1,27,72.6199236434882,1.0,2,0.5189579659381715,0.8399439917517977,1,0,0.7770216,0.22297841,2772.619923643488,0.222978413105011,245.27625441551208,3017.8961780590002,0.0,3
0,1,0,0,0,1,0,34,88.65325999456734,1.0,5,0.0,0.1503259643365075,0,3,0.010479119,0.9895209,6088.653259994568,0.9895209074020386,1088.4729981422424,7177.12625813681,0.0,2
1,1,1,1,1,6,1,31,30.383699633993345,6.0,6,1.0649592496649438,1.0526618021952892,0,1,0.0024768277,0.9975232,7130.383699633993,5.9851391315460205,6583.653044700623,13714.036744334615,0.0,1
0,1,0,0,1,6,1,28,87.07362077534418,6.0,3,1.6929201164505736,1.634766448303734,0,0,0.02011117,0.97988886,3887.0736207753444,5.879333138465881,6467.2664523124695,10354.340073087813,0.0,3
0,1,1,1,1,6,0,36,165.19709726665874,6.0,2,2.747704377246359,2.9186271701432496,0,1,0.00049618963,0.9995038,2865.1970972666586,5.997022747993469,6596.725022792816,9461.922120059475,0.0,1
0,1,1,1,1,6,0,31,225.14273861142945,5.0,4,1.9410500368754389,2.087174850392847,0,1,0.0016616208,0.9983384,5125.142738611429,4.991692006587982,5490.86120724678,10616.00394585821,1.0,1
0,1,1,1,0,12,1,27,215.2804569557356,12.0,1,2.20401426368777,2.3121743339643706,0,3,0.0055565895,0.9944434,1815.2804569557356,11.933320999145508,13126.653099060059,14941.933556015794,0.0,2
1,1,1,0,0,1,0,32,49.11450659978436,1.0,2,2.159024385591522,2.1206197660012607,0,3,0.048255373,0.9517446,2749.1145065997844,0.9517446160316467,1046.9190776348114,3796.0335842345958,0.0,2
0,1,1,0,1,1,1,26,24.39244683257388,1.0,1,1.3990845761747974,0.8543280030357805,1,0,0.9935363,0.0064637065,1624.3924468325738,0.0064637064933776855,7.110077142715454,1631.5025239752893,0.0,3
1,1,1,1,0,12,1,28,100.40590664803464,10.0,3,1.1508199184372914,1.154683076817441,0,3,0.000608572,0.99939144,3900.4059066480345,9.993914365768433,10993.305802345276,14893.71170899331,2.0,2
0,1,1,1,1,12,1,31,268.09749330459226,12.0,3,2.256585929475788,2.3037060305863823,0,1,0.00036972231,0.9996303,4068.0974933045923,11.995563268661499,13195.119595527649,17263.21708883224,0.0,1
1,1,0,0,1,1,0,33,148.41227395490984,1.0,4,3.680794076109901,3.673219145922413,0,2,0.00040181933,0.9995982,5048.41227395491,0.9995982050895691,1099.558025598526,6147.970299553436,0.0,0
0,1,0,0,1,6,0,33,44.28587572770049,6.0,8,2.6660281500067984,2.6540282043127053,0,2,0.00064631633,0.9993537,9344.2858757277,5.996122241020203,6595.734465122223,15940.020340849924,0.0,0
0,1,0,0,1,1,0,29,172.76532280713425,1.0,1,1.4323521890577144,0.8004160547605503,1,0,0.9681009,0.031899095,1772.7653228071342,0.031899094581604004,35.089004039764404,1807.8543268468986,0.0,3
1,0,0,0,1,1,0,31,59.989137053215245,1.0,2,1.2824074797425435,1.3343472917297117,0,0,0.10766026,0.89233977,2759.989137053215,0.8923397660255432,981.5737426280975,3741.5628796813126,0.0,3
0,1,1,1,1,12,1,32,189.54338123925373,12.0,9,2.3925060220162937,2.465889002479801,0,1,7.024476e-05,0.9999297,10589.543381239253,11.999156713485718,13199.07238483429,23788.61576607354,0.0,1
1,1,0,0,1,1,1,28,36.21724356957984,1.0,0,1.84970410354444,0.95170539838541,1,0,0.9995808,0.00041919947,536.2172435695799,0.00041919946670532227,0.4611194133758545,536.6783629829557,0.0,3
0,0,0,0,1,1,0,27,180.3748297782473,1.0,0,0.9449279602181327,0.4213374387340162,1,0,0.9956655,0.0043345094,680.3748297782473,0.004334509372711182,4.7679603099823,685.1427900882296,0.0,3
0,1,0,0,1,1,1,25,137.02392226061514,1.0,6,2.249212003633437,2.189967452779776,0,2,0.0044675274,0.99553245,7237.023922260615,0.9955324530601501,1095.0856983661652,8332.10962062678,0.0,0
0,1,1,1,1,6,0,31,190.4271570692275,6.0,4,1.2044397887331515,1.0730368229104952,0,1,0.001561483,0.99843854,5090.427157069227,5.9906312227249146,6589.694344997406,11680.121502066633,0.0,1
0,1,0,0,1,1,1,41,310.4635781432829,1.0,1,0.3242601293222539,0.420895460438815,0,0,0.010287607,0.9897124,1910.463578143283,0.9897124171257019,1088.683658838272,2999.147236981555,0.0,3
0,1,0,0,1,1,0,34,121.21693882663963,1.0,1,1.7235899189898445,1.6592956754227424,0,0,0.113607794,0.88639224,1721.2169388266395,0.8863922357559204,975.0314593315125,2696.2483981581518,0.0,3
1,1,1,1,1,12,0,27,341.5808309351034,12.0,4,1.8409579981473607,1.7907373815086425,0,1,0.00063979847,0.9993602,5241.580830935103,11.992322444915771,13191.554689407349,18433.135520342454,0.0,1
1,1,0,0,1,1,1,26,258.0972448369472,1.0,8,3.730467378892389,3.9074178734298814,0,2,0.0004238011,0.9995762,9558.097244836947,0.999576210975647,1099.5338320732117,10657.631076910158,0.0,0
0,1,1,0,0,1,0,25,252.73277124561287,1.0,0,1.0161343283796844,0.4759805878479966,1,3,0.98791945,0.01208055,752.7327712456129,0.012080550193786621,13.288605213165283,766.0213764587781,0.0,2
1,1,0,0,1,1,0,27,3.6504302587599895,1.0,13,3.310754157262393,3.44112864107444,0,2,0.00044640744,0.9995536,14803.65043025876,0.9995536208152771,1099.5089828968048,15903.159413155565,0.0,0
1,1,0,0,1,1,0,31,62.4533939267514,1.0,2,3.3715424834875254,3.3456332634764854,0,2,0.004181791,0.9958182,2762.4533939267512,0.9958181977272034,1095.4000174999237,3857.853411426675,0.0,0
0,1,0,0,0,1,1,26,143.57029669280752,1.0,0,1.5065101032772192,0.0846105945482915,1,3,0.9998443,0.00015568733,643.5702966928075,0.0001556873321533203,0.17125606536865234,643.7415527581761,0.0,2
0,1,1,1,1,12,0,30,166.68704205761716,12.0,1,3.512903455899858,3.389524731204468,0,1,0.00025132383,0.99974865,1766.6870420576172,11.996983766555786,13196.682143211365,14963.369185268983,0.0,1
1,1,0,0,1,1,1,34,5.268790190660567,1.0,6,2.8887437588432365,2.8968013174624936,0,2,0.00055903516,0.99944097,7105.26879019066,0.9994409680366516,1099.3850648403168,8204.653855030978,0.0,0
1,1,0,1,1,1,0,27,92.62511215974644,1.0,0,1.858157612405908,1.4989929329547749,1,0,0.99628484,0.0037151575,592.6251121597464,0.0037151575088500977,4.086673259735107,596.7117854194815,0.0,3
1,1,1,1,1,6,0,26,172.1971526989524,6.0,2,1.7540920553644008,1.8525380093722907,0,1,0.021637727,0.97836226,2872.1971526989523,5.8701735734939575,6457.190930843353,9329.388083542306,0.0,1
1,1,1,1,1,6,0,27,15.562016131770058,4.0,17,2.7781831148351754,2.7111698144648724,0,1,0.0010878304,0.99891216,19215.56201613177,3.9956486225128174,4395.213484764099,23610.77550089587,2.0,1
0,1,0,0,1,1,1,28,56.97521475622914,1.0,0,0.7760247088729789,0.7173857597664269,1,0,0.99088085,0.009119153,556.9752147562291,0.009119153022766113,10.031068325042725,567.0062830812718,0.0,3
1,1,1,0,1,12,0,26,273.9253400681991,12.0,3,3.4805223813425625,3.5252907917531315,0,1,0.0001454419,0.99985456,4073.925340068199,11.998254776000977,13198.080253601074,17272.005593669273,0.0,0
1,1,0,0,1,6,0,31,188.4395472220621,5.0,6,3.07261033240532,3.1154169432785817,0,2,0.001870255,0.9981297,7288.439547222062,4.990648627281189,5489.713490009308,12778.15303723137,1.0,0
1,1,1,1,1,1,0,25,6.287999824087121,1.0,1,0.7402368605987536,0.0,1,0,0.9997278,0.0002722144,1606.2879998240871,0.000272214412689209,0.2994358539581299,1606.5874356780453,0.0,3
1,1,1,0,1,1,0,29,42.40819239136575,1.0,2,2.9894692521111965,3.0383922500118103,0,2,0.08192676,0.91807324,2742.408192391366,0.9180732369422913,1009.8805606365204,3752.2887530278863,0.0,0
1,1,0,0,1,1,0,31,115.36582155789505,1.0,3,1.82345937792294,0.4556341767301499,1,0,0.9990742,0.00092577934,3915.365821557895,0.0009257793426513672,1.018357276916504,3916.3841788348113,0.0,3
0,1,0,0,1,12,0,30,202.1802489362198,12.0,0,0.4671584929561241,0.5040700504587242,0,1,0.02348641,0.97651356,702.1802489362199,11.718162775039673,12889.97905254364,13592.15930147986,0.0,3
1,1,0,0,1,1,1,22,118.58462167428392,1.0,0,0.4590279056791822,0.0,1,0,0.9949575,0.0050424933,618.5846216742839,0.0050424933433532715,5.546742677688599,624.1313643519725,0.0,3
1,1,1,0,1,1,0,21,68.02117463480758,1.0,2,0.0469529682346874,0.0,1,0,0.9144826,0.08551741,2768.0211746348077,0.08551740646362305,94.06914710998535,2862.090321744793,0.0,3
0,1,0,0,0,1,0,27,130.14413074375966,1.0,2,3.174318421099369,3.141712252548033,1,3,0.04532353,0.95467645,2830.14413074376,0.9546764492988586,1050.1440942287445,3880.2882249725044,0.0,2
1,1,1,1,1,6,0,30,13.316414272332622,6.0,3,3.012054113805096,2.9967575106186155,0,1,0.0043094037,0.9956906,3813.3164142723326,5.9741435050964355,6571.557855606079,10384.874269878412,0.0,1
1,1,1,1,0,12,1,34,232.14844844138844,10.0,9,1.3305890334210364,1.2735031547492248,0,3,0.00043535637,0.99956465,10632.148448441389,9.995646476745605,10995.211124420166,21627.359572861555,2.0,2
1,1,1,1,1,1,1,25,162.04167998313062,1.0,7,2.633648243990044,2.5619359297853017,0,2,0.005478129,0.99452186,8362.041679983131,0.9945218563079834,1093.9740419387817,9456.015721921913,0.0,1
0,1,0,0,1,1,0,32,66.04857749347896,1.0,6,2.838850091594303,2.75479103031462,0,2,0.0007273971,0.9992726,7166.048577493479,0.9992725849151611,1099.1998434066772,8265.248420900156,0.0,0
0,1,0,0,1,1,1,35,7.171343803001987,1.0,1,2.559017583109141,2.5653102485054333,0,2,0.012980115,0.9870199,1607.171343803002,0.9870198965072632,1085.7218861579895,2692.8932299609914,0.0,0
1,1,0,0,1,1,0,25,307.8122987223972,1.0,4,0.0,0.0,0,0,0.028872004,0.971128,5207.812298722397,0.971127986907959,1068.2407855987549,6276.053084321152,0.0,3
0,1,0,1,1,1,0,26,346.16789816492826,1.0,3,2.104624801251718,2.205214412326248,0,2,0.010211681,0.9897883,4146.167898164928,0.989788293838501,1088.767123222351,5234.935021387279,0.0,0
0,1,1,1,1,1,1,26,273.7341957735027,1.0,1,1.6991017412432492,1.6889794567956946,0,0,0.16069795,0.83930206,1873.7341957735027,0.8393020629882812,923.2322692871094,2796.966465060612,0.0,1
0,1,1,0,1,1,1,34,199.442285370315,1.0,1,1.6580149214761757,1.6276002392949969,0,2,0.027593788,0.9724062,1799.442285370315,0.9724062085151672,1069.646829366684,2869.089114736999,0.0,3
0,1,1,0,1,1,1,30,110.01161938103448,1.0,0,2.5355267584297527,1.5935527922339343,1,2,0.99659234,0.0034076571,610.0116193810345,0.0034076571464538574,3.748422861099243,613.7600422421337,0.0,3
1,1,1,0,1,12,1,31,146.71140559519063,2.0,4,2.2528044814223445,2.1968272534729163,0,1,0.0013240295,0.99867594,5046.711405595191,1.997351884841919,2197.087073326111,7243.7984789213015,10.0,1
1,1,1,1,1,6,0,32,238.04946940539685,6.0,2,3.2786314691401075,3.2690604434298094,0,1,0.0007059668,0.99929404,2938.049469405397,5.995764255523682,6595.34068107605,9533.390150481446,0.0,1
1,1,1,1,0,6,0,32,98.248562365834,4.0,5,1.1967084190043162,1.0582067905205892,0,3,0.002650468,0.99734956,6098.248562365834,3.989398241043091,4388.3380651474,10486.586627513234,2.0,2
1,1,1,1,1,6,1,29,13.002485159134856,6.0,1,1.905048554106028,2.0559669454509115,0,1,0.0703669,0.9296331,1613.002485159135,5.57779848575592,6135.578334331512,7748.580819490648,0.0,1
0,1,1,0,1,1,1,30,143.50758350328223,1.0,10,2.58020388741059,2.709470776479584,0,2,0.00051814516,0.99948186,11643.507583503282,0.9994818568229675,1099.4300425052643,12742.937626008546,0.0,0
1,0,0,0,1,1,0,25,71.90100353172024,1.0,0,1.1708605981058025,1.0577532652128194,1,0,0.98737246,0.012627542,571.9010035317202,0.01262754201889038,13.890296220779419,585.7912997524996,0.0,3
1,0,1,1,1,1,0,28,127.44944128162447,1.0,4,3.2995616856257293,3.414495569364993,0,2,0.0021725479,0.9978275,5027.449441281625,0.9978274703025818,1097.61021733284,6125.059658614465,0.0,0
0,1,1,0,1,6,1,27,142.46902480588966,6.0,2,0.1926804475986676,0.2478140627459753,0,0,0.013630282,0.9863697,2842.4690248058896,5.918218374252319,6510.040211677551,9352.509236483442,0.0,3
1,0,1,0,0,1,1,28,123.89754770683788,1.0,1,2.123418925380758,0.7848033733801705,1,3,0.9993556,0.0006443858,1723.897547706838,0.000644385814666748,0.7088243961334229,1724.6063721029714,0.0,2
0,1,0,0,1,1,1,26,100.81848711775189,1.0,1,1.5309830282798842,0.9869394298291632,1,0,0.9843731,0.015626907,1700.8184871177518,0.015626907348632812,17.189598083496094,1718.008085201248,0.0,3
0,1,1,1,1,12,1,26,307.5685844636217,12.0,10,3.84631858913878,3.8262171633439146,0,1,2.2859498e-05,0.9999771,11807.568584463621,11.999725341796875,13199.697875976562,25007.266460440183,0.0,1
1,0,0,0,1,1,1,27,124.99985427954188,1.0,0,0.8090367016539627,0.2232532007753008,1,0,0.99795425,0.0020457506,624.9998542795419,0.002045750617980957,2.2503256797790527,627.2501799593209,0.0,3
1,1,0,0,1,1,0,26,114.0927681430486,1.0,9,2.276565566017116,2.3231461597668166,0,2,0.0017332062,0.9982668,10514.09276814305,0.9982668161392212,1098.0934977531433,11612.186265896193,0.0,0
0,1,1,1,1,1,0,29,2.6650163404915763,1.0,0,2.2687324676547984,1.7197078704289772,1,0,0.9858063,0.014193714,502.6650163404916,0.014193713665008545,15.6130850315094,518.278101372001,0.0,1
1,0,1,0,1,1,0,32,113.90339025497951,1.0,8,1.7452073386082303,1.824691546179716,0,2,0.0017363185,0.99826366,9413.90339025498,0.9982636570930481,1098.090022802353,10511.993413057333,0.0,3
1,1,0,0,1,1,1,27,6.554918566615387,1.0,10,1.7791889414933866,1.8231687651596384,0,2,0.0044306256,0.99556935,11506.554918566615,0.9955693483352661,1095.1262831687927,12601.681201735408,0.0,0
0,1,0,0,1,1,0,24,60.596993124363614,1.0,0,2.9879033631356577,3.3220645728630824,1,2,0.8131968,0.18680322,560.5969931243636,0.18680322170257568,205.48354387283325,766.0805369971969,0.0,0
1,1,0,0,1,6,1,28,267.03600917109134,4.0,3,2.8414083871044338,2.934511466405718,0,2,0.0038693156,0.9961307,4067.0360091710913,3.984522819519043,4382.975101470947,8450.011110642039,2.0,0
1,1,1,0,1,6,0,30,120.90735264778463,6.0,2,2.31693270246424,2.410116949817476,0,2,0.014588658,0.98541135,2820.9073526477846,5.912468075752258,6503.714883327484,9324.622235975268,0.0,0
1,1,0,0,1,1,0,27,185.243723591028,1.0,2,0.8445412515907837,0.8773672511127086,0,0,0.44899318,0.5510068,2885.243723591028,0.5510067939758301,606.1074733734131,3491.351196964441,0.0,3
1,1,0,0,1,1,1,31,225.7449060662791,1.0,4,1.5629637245455736,1.5242190499965802,0,2,0.012047177,0.9879528,5125.744906066279,0.9879528284072876,1086.7481112480164,6212.493017314296,0.0,3
0,0,1,0,1,6,0,29,30.3795082573767,6.0,4,1.0231843274933976,0.0,1,0,0.929156,0.070843995,4930.379508257377,0.42506396770477295,467.57036447525024,5397.949872732627,0.0,3
1,1,1,0,1,1,0,27,40.30836106481822,1.0,3,2.107137717545262,2.208086862928945,1,0,0.4029557,0.5970443,3840.308361064818,0.5970442891120911,656.7487180233002,4497.057079088118,0.0,3
0,1,1,1,1,1,1,29,7.0591509968107164,1.0,2,1.0017995697585227,0.5651355212186919,1,0,0.9702811,0.029718876,2707.059150996811,0.029718875885009766,32.69076347351074,2739.7499144703215,0.0,1
1,1,0,0,1,6,1,32,104.2373481992864,5.0,3,1.3270926894790716,1.2364931067214884,0,0,0.012344406,0.9876556,3904.2373481992863,4.938277900218964,5432.10569024086,9336.343038440147,1.0,3
0,0,0,0,1,6,0,34,198.18346640524564,6.0,3,1.1262790181816609,1.1943878008807656,0,0,0.0056556943,0.9943443,3998.183466405246,5.966065764427185,6562.672340869904,10560.85580727515,0.0,3
1,1,0,0,1,12,0,29,132.67143635191144,10.0,2,1.0774892545087078,0.5251957831822072,1,1,0.102425925,0.89757407,2832.6714363519113,8.975740671157837,9873.31473827362,12705.986174625532,2.0,3
0,1,1,0,1,12,1,27,186.7879654181632,11.0,4,2.280254714215564,2.2940904710260983,0,1,0.00025706526,0.9997429,5086.787965418163,10.997172176837921,12096.889394521713,17183.677359939877,1.0,1
0,0,0,0,1,6,1,25,85.09113250711852,6.0,4,0.1252556142883123,0.2300224684208174,0,0,0.01823632,0.98176366,4985.091132507118,5.890581965446472,6479.640161991119,11464.731294498237,0.0,3
1,1,1,1,1,12,0,32,143.58510674439742,8.0,5,0.6298955435295455,0.6828156840086611,0,1,0.00019954678,0.99980044,6143.585106744397,7.998403549194336,8798.24390411377,14941.829010858168,4.0,1
1,1,1,1,0,1,0,32,212.0862907157141,1.0,4,3.261428609088285,3.1481483670179737,0,3,0.0008803537,0.99911964,5112.086290715714,0.9991196393966675,1099.0316033363342,6211.1178940520485,0.0,2
1,1,0,0,1,1,0,27,58.172630349640464,1.0,4,2.4130913378637784,2.016248012108139,1,2,0.7732711,0.22672892,4958.172630349641,0.2267289161682129,249.40180778503418,5207.574438134675,0.0,0
1,1,1,1,1,1,0,25,33.755315551102115,1.0,1,1.6183080212203431,0.912536042059152,1,0,0.99814343,0.0018565655,1633.755315551102,0.0018565654754638672,2.042222023010254,1635.7975375741123,0.0,3
0,1,0,0,1,6,1,28,203.3673296285548,6.0,7,1.839799348421429,1.8078607463380512,0,2,0.00049239985,0.9995076,8403.367329628554,5.997045636177063,6596.750199794769,15000.117529423324,0.0,0
0,1,0,1,1,1,1,33,3.2148185811108902,1.0,4,1.5579564446894372,1.4707549103530095,0,0,0.022679962,0.97732,4903.214818581111,0.9773200154304504,1075.0520169734955,5978.266835554607,0.0,3
0,1,1,0,1,1,0,29,136.03896688236952,1.0,0,0.8059002238706074,0.5464700034171489,1,0,0.9887341,0.011265874,636.0389668823696,0.011265873908996582,12.39246129989624,648.4314281822658,0.0,3
1,1,0,1,1,12,1,31,375.0253723789861,9.0,3,2.52137948187804,2.5348162352708274,0,1,0.00023817718,0.9997618,4175.0253723789865,8.997856378555298,9897.642016410828,14072.667388789814,3.0,1
0,1,1,0,1,6,0,31,390.4789972116687,5.0,2,2.337963865469673,2.342146254712799,0,2,0.0021022323,0.99789774,3090.4789972116687,4.98948872089386,5488.437592983246,8578.916590194915,1.0,0
1,0,1,0,1,1,0,25,83.72782796356975,1.0,0,1.9638356207675185,1.4698993967685086,1,0,0.9993352,0.0006647706,583.7278279635698,0.0006647706031799316,0.7312476634979248,584.4590756270677,0.0,3
0,1,1,0,0,1,1,28,120.5557484704165,1.0,6,0.0,0.0816928572893722,0,3,0.007777982,0.992222,7220.555748470417,0.992222011089325,1091.4442121982574,8311.999960668674,0.0,2
0,1,0,1,1,1,0,28,15.9084452100198,1.0,11,2.641536593606756,2.7171699953801367,0,2,0.0011344283,0.99886554,12615.90844521002,0.99886554479599,1098.752099275589,13714.660544485609,0.0,0
0,0,0,0,1,1,0,26,38.570304657773136,1.0,0,2.899156753915592,2.9317328556105906,1,2,0.89427453,0.10572547,538.5703046577731,0.10572546720504761,116.29801392555237,654.8683185833255,0.0,0
0,1,1,1,1,1,1,26,135.86012804775902,1.0,6,1.6752933213856924,1.6975264754789787,0,0,0.003400306,0.9965997,7235.860128047759,0.9965996742248535,1096.2596416473389,8332.119769695099,0.0,1
1,1,0,0,1,1,0,28,210.80193370872416,1.0,0,2.015696184720379,1.3724036392719663,1,0,0.997528,0.0024719834,710.8019337087242,0.0024719834327697754,2.719181776046753,713.5211154847709,0.0,3
1,0,1,0,1,1,0,28,111.83871553555902,1.0,0,0.4514914492510309,1.0425029017759238,1,0,0.98853534,0.011464655,611.838715535559,0.01146465539932251,12.61112093925476,624.4498364748138,0.0,3
1,1,1,1,1,6,1,29,155.22243890370223,6.0,5,0.8270466859676726,0.8094086150556441,0,1,0.0004457044,0.9995543,6155.222438903702,5.997325658798218,6597.05822467804,12752.280663581741,0.0,1
1,1,1,0,1,1,0,32,185.0104266193616,1.0,7,2.9952962075829963,2.946472147191382,0,2,0.00087873917,0.99912125,8385.010426619361,0.9991212487220764,1099.033373594284,9484.043800213645,0.0,0
0,1,0,0,0,6,1,31,4.217935926648899,6.0,2,1.2695217935805585,1.2823667866674804,0,3,0.022020549,0.9779794,2704.217935926649,5.8678765296936035,6454.664182662964,9158.882118589612,0.0,2
0,1,1,0,1,1,1,32,287.648668488374,1.0,12,2.441094488906416,2.471258874584691,0,2,0.00047789124,0.9995221,13987.648668488375,0.9995220899581909,1099.47429895401,15087.122967442385,0.0,0
0,1,1,0,1,12,1,27,211.99260920072075,12.0,2,1.231332875494672,1.3367003857315158,0,1,0.001795426,0.9982046,2911.992609200721,11.978455066680908,13176.300573348999,16088.29318254972,0.0,1
0,1,1,0,1,1,1,33,163.08027577848438,1.0,1,2.558119156960964,2.487682569633184,0,2,0.018220503,0.9817795,1763.0802757784843,0.9817795157432556,1079.9574673175812,2843.0377430960652,0.0,0
1,1,1,1,1,12,1,27,150.7021033522296,12.0,7,3.5012957939731537,3.3724308750945164,0,1,2.8202807e-05,0.9999718,8350.702103352229,11.999661684036255,13199.62785243988,21550.32995579211,0.0,1
1,1,1,0,1,1,0,36,198.06693056705555,1.0,1,1.2387244508756692,1.155294808117406,0,0,0.0971309,0.9028691,1798.0669305670556,0.9028691053390503,993.1560158729553,2791.2229464400107,0.0,3
1,1,0,0,1,12,0,32,88.49456197528093,12.0,2,2.4264440652125665,2.20155755754562,0,1,0.006377283,0.9936227,2788.4945619752807,11.92347264289856,13115.819907188416,15904.314469163695,0.0,0
1,1,1,0,1,6,0,26,275.50736963508893,6.0,1,1.6996487881960969,2.030535369557453,1,0,0.32807815,0.67192185,1875.507369635089,4.031531095504761,4434.684205055237,6310.191574690326,0.0,3
0,1,1,1,1,1,1,33,243.298215066616,1.0,3,3.504920151660724,3.7124451192194265,0,2,0.0006846883,0.9993153,4043.298215066616,0.9993153214454651,1099.2468535900116,5142.545068656627,0.0,0
1,1,0,0,1,1,0,32,0.4282334090256086,1.0,1,1.362646852839032,1.3539117300400694,0,0,0.23416787,0.7658321,1600.4282334090256,0.7658321261405945,842.4153387546539,2442.8435721636797,0.0,3
1,1,0,0,1,6,1,27,246.8557585922902,6.0,8,3.047970231398285,2.984593142415571,0,2,0.00037839738,0.9996216,9546.85575859229,5.997729778289795,6597.502756118774,16144.358514711064,0.0,0
0,1,1,1,1,1,1,31,176.58953059304963,1.0,4,1.4181843810054595,1.3634704173950232,0,0,0.005138487,0.9948615,5076.58953059305,0.9948614835739136,1094.347631931305,6170.937162524355,0.0,1
0,1,1,0,1,6,0,31,54.852256817826174,6.0,5,0.8838849508432116,0.7768106429509067,0,0,0.009772319,0.9902277,6054.852256817826,5.941366195678711,6535.502815246582,12590.355072064409,0.0,3
1,1,1,1,1,12,0,36,22.64425341485696,8.0,5,2.4058338648471844,2.3761825313916973,0,1,0.0005663791,0.99943364,6022.644253414857,7.995469093322754,8795.01600265503,14817.660256069887,4.0,1
1,1,0,0,1,1,0,29,194.9826873671593,1.0,5,1.546642155699396,1.5342271402081549,0,0,0.003582426,0.9964176,6194.982687367159,0.9964175820350647,1096.0593402385712,7291.04202760573,0.0,3
0,1,0,0,1,1,0,27,335.6303985514,1.0,14,1.5107740411010897,1.6562588450835578,0,2,0.00069364574,0.9993064,16235.6303985514,0.9993063807487488,1099.2370188236237,17334.867417375026,0.0,0
0,1,0,0,1,1,0,23,73.41221917867527,1.0,2,0.67579339363361,0.0,1,0,0.99737704,0.002622962,2773.412219178675,0.00262296199798584,2.885258197784424,2776.2974773764595,0.0,3
1,0,1,0,1,1,0,32,193.57900020588832,1.0,0,1.4885809475136256,0.0283909088114464,1,0,0.9991098,0.00089019537,693.5790002058883,0.000890195369720459,0.9792149066925049,694.5582151125808,0.0,3
0,0,0,0,1,1,1,30,204.7574636532971,1.0,4,1.4245164858782708,1.4749560330325313,0,0,0.007816092,0.9921839,5104.757463653297,0.9921839237213135,1091.4023160934448,6196.159779746742,0.0,3
0,1,0,0,1,1,1,29,141.86703467254625,1.0,3,1.075681108920587,1.978229560828564,1,0,0.5096822,0.49031782,3941.867034672546,0.49031782150268555,539.3496036529541,4481.216638325501,0.0,3
1,1,0,0,1,1,1,26,236.8140910571664,1.0,6,0.0,0.0427397248009584,0,0,0.0012428648,0.9987571,7336.8140910571665,0.9987571239471436,1098.632836341858,8435.446927399025,0.0,3
0,1,1,1,0,12,0,32,243.3534972443376,12.0,10,2.8821176445838383,2.9240539363476947,0,3,5.1810715e-05,0.9999482,11743.353497244338,11.999378442764282,13199.31628704071,24942.669784285048,0.0,2
1,1,0,0,0,12,0,29,237.6850904619768,12.0,2,0.6314767601918481,0.7461046681123169,0,3,0.0035523267,0.9964477,2937.685090461977,11.957372188568115,13153.109407424927,16090.794497886904,0.0,2
0,1,0,0,1,12,0,31,118.77789887648458,12.0,3,2.481081491031315,2.4204269412097594,0,1,0.0007745901,0.99922544,3918.7778988764844,11.990705251693726,13189.775776863098,17108.553675739582,0.0,0
0,1,0,0,1,1,0,27,288.8725997477844,1.0,5,0.5745326362620655,0.6853954603352846,0,0,0.0017284334,0.9982716,6288.872599747784,0.9982715845108032,1098.0987429618835,7386.971342709668,0.0,3
1,1,0,1,1,6,1,30,218.94456220801743,5.0,2,1.0784089637178391,1.130023128922575,0,0,0.0017283165,0.9982717,2918.9445622080175,4.991358518600464,5490.49437046051,8409.438932668527,1.0,1
1,1,0,1,1,1,0,24,35.66412536179639,1.0,0,1.5516215165763534,1.0113285145592674,1,0,0.9992269,0.00077307224,535.6641253617964,0.0007730722427368164,0.850379467010498,536.5145048288069,0.0,3
1,1,1,0,1,6,1,24,115.68574786177572,6.0,1,2.6117967075323465,1.276030434732089,1,1,0.99291986,0.0070801377,1715.6857478617758,0.04248082637786865,46.72890901565552,1762.4146568774313,0.0,3
1,1,1,1,1,12,1,33,259.638019714763,12.0,13,1.240926944636831,1.3103414946046257,0,1,0.00034479567,0.9996552,15059.638019714763,11.995862245559692,13195.448470115662,28255.086489830424,0.0,1
0,0,0,0,1,6,0,29,47.929064091849135,6.0,2,2.3792760123666734,2.3356595329810306,0,2,0.0318169,0.9681831,2747.9290640918493,5.809098601341248,6390.008461475372,9137.937525567222,0.0,0
0,1,1,0,1,6,0,28,137.7438004137748,6.0,2,1.2404708567509557,1.383923919976496,0,0,0.12851004,0.87148994,2837.743800413775,5.228939652442932,5751.833617687225,8589.577418101,0.0,3
0,1,0,0,1,1,0,26,64.70358542783357,1.0,0,1.188054552851192,0.7607069268358035,1,0,0.9949668,0.005033195,564.7035854278336,0.0050331950187683105,5.536514520645142,570.2400999484787,0.0,3
1,0,0,0,1,6,0,30,143.36784063009162,6.0,0,2.8561486273258803,1.4452977498546418,1,0,0.9840969,0.015903115,643.3678406300917,0.09541869163513184,104.96056079864502,748.3284014287367,0.0,3
0,1,0,0,1,12,0,28,141.3321509716341,12.0,1,2.473969961681881,2.3616034056271307,0,1,0.039023027,0.96097696,1741.332150971634,11.531723499298096,12684.895849227905,14426.228000199539,0.0,0
1,0,1,0,1,1,0,33,178.1731909740142,1.0,4,1.6028255043466897,0.6218115255976981,1,0,0.97251576,0.027484238,5078.173190974014,0.027484238147735596,30.232661962509155,5108.405852936523,0.0,3
0,1,0,0,1,12,0,37,133.45041101567122,12.0,3,2.1309398561494546,2.010454925722684,0,1,0.00071875786,0.9992812,3933.4504110156713,11.991374731063843,13190.512204170227,17123.962615185897,0.0,0
0,1,1,1,1,6,0,30,108.16332437405552,6.0,2,2.57286431356819,2.481223519236996,0,1,0.0043940693,0.99560595,2808.1633243740557,5.973635673522949,6570.999240875244,9379.1625652493,0.0,1
0,1,1,0,1,1,0,31,69.8344739789672,1.0,3,1.6493494393148371,1.7452663173975431,0,0,0.042954672,0.9570453,3869.8344739789673,0.957045316696167,1052.7498483657837,4922.584322344751,0.0,3
1,1,1,0,1,1,0,23,19.266492939346648,1.0,1,2.046636828745169,2.134821242214366,1,0,0.9826037,0.017396271,1619.2664929393466,0.017396271228790283,19.13589835166931,1638.4023912910159,0.0,3
0,1,0,0,1,1,0,25,236.03754369714963,1.0,2,1.7089358249262578,0.5434710136936494,1,0,0.99926645,0.00073355436,2936.0375436971494,0.0007335543632507324,0.8069097995758057,2936.8444534967252,0.0,3
1,1,0,0,1,1,0,31,65.95244824122642,1.0,11,1.252653183016243,1.4319938733759936,0,0,0.0038858678,0.99611413,12665.952448241227,0.9961141347885132,1095.7255482673645,13761.677996508592,0.0,3
0,1,0,0,1,12,0,29,311.4574001283469,12.0,3,1.717238717134955,1.582191304590865,0,1,0.005183033,0.99481696,4111.457400128347,11.937803506851196,13131.583857536316,17243.041257664663,0.0,0
0,1,1,1,1,1,1,34,2.951719940857416,1.0,9,1.7628836976131177,1.6600968197367982,0,2,0.0021439162,0.9978561,10402.951719940858,0.997856080532074,1097.6416885852814,11500.59340852614,0.0,1
0,1,0,0,1,1,0,33,232.4031191229841,1.0,2,1.977567055836596,2.083380274853058,0,2,0.026786126,0.97321385,2932.403119122984,0.9732138514518738,1070.5352365970612,4002.9383557200454,0.0,0
0,1,1,0,1,1,1,23,89.93051523925722,1.0,0,1.4099682903199164,0.0,1,0,0.99984884,0.00015115738,589.9305152392573,0.00015115737915039062,0.1662731170654297,590.0967883563227,0.0,3
1,1,0,0,1,1,0,27,174.7884567929443,1.0,0,0.468664907032627,0.9019194955469896,1,0,0.96922565,0.030774355,674.7884567929443,0.030774354934692383,33.85179042816162,708.6402472211059,0.0,3
1,1,0,0,1,1,0,33,93.44335951780768,1.0,8,3.1253346199675045,3.0975166133316643,0,2,0.0014945541,0.9985055,9393.443359517807,0.9985054731369019,1098.356020450592,10491.799379968399,0.0,0
0,1,0,0,1,1,1,24,146.7121195928856,1.0,2,1.490598762179412,1.5783633994017967,0,0,0.34899753,0.65100247,2846.7121195928858,0.6510024666786194,716.1027133464813,3562.814832939367,0.0,3
1,0,1,0,1,1,0,28,58.43024172095284,1.0,1,1.1511474472147392,0.5685077862135623,1,0,0.9929259,0.0070741177,1658.4302417209528,0.007074117660522461,7.781529426574707,1666.2117711475275,0.0,3
0,1,1,1,1,1,1,30,255.5788386785009,1.0,4,2.791101531991614,2.908721008080278,0,2,0.0029903357,0.99700963,5155.578838678501,0.9970096349716187,1096.7105984687805,6252.289437147281,0.0,1
1,1,1,0,1,6,1,25,164.24367665550034,6.0,2,1.53561255462174,1.1413730780077826,1,0,0.34863132,0.6513687,2864.2436766555,3.9082120656967163,4299.033272266388,7163.276948921888,0.0,3
0,0,0,0,1,1,0,23,7.0622286088252375,1.0,0,0.3509691211307613,0.0,1,0,0.99944395,0.00055605173,507.06222860882525,0.0005560517311096191,0.611656904220581,507.67388551304583,0.0,3
1,0,1,0,1,6,0,25,248.11716900894316,6.0,4,3.057644065941053,3.0610645515028216,0,2,0.008368245,0.99163175,5148.117169008943,5.9497904777526855,6544.769525527954,11692.886694536897,0.0,0
0,1,1,1,1,12,1,27,40.23451781946129,9.0,1,2.2080492556957734,2.2537431701670942,0,1,0.01979364,0.9802064,1640.2345178194612,8.821857333183289,9704.043066501617,11344.277584321078,3.0,1
0,1,1,0,1,6,0,26,99.49386114292288,6.0,5,2.0687464816178243,2.110392884810362,0,1,0.001950136,0.99804986,6099.4938611429225,5.988299131393433,6587.129044532776,12686.622905675698,0.0,3
1,1,1,0,1,12,0,28,59.89388941502892,9.0,2,1.7922419344695546,1.6006014818394934,0,1,0.014253546,0.98574644,2759.8938894150288,8.871717989444733,9758.889788389206,12518.783677804235,3.0,1
1,1,0,0,1,12,1,35,258.9316986053413,9.0,6,0.8612831752058276,0.930059353079884,0,1,0.00019060804,0.9998094,7358.931698605341,8.998284459114075,9898.112905025482,17257.044603630824,3.0,1
0,1,1,1,1,1,0,23,100.54378373291355,1.0,1,0.6140874389230958,0.0,1,0,0.9984848,0.0015152097,1700.5437837329137,0.001515209674835205,1.6667306423187256,1702.2105143752324,0.0,3
1,1,0,0,0,1,1,32,179.23802621793618,1.0,10,2.873329347917424,2.9131508556106414,0,3,0.00039825673,0.9996017,11679.238026217936,0.9996017217636108,1099.561893939972,12778.799920157908,0.0,2
1,1,1,1,1,1,0,27,43.835414249498406,1.0,3,0.0,0.0,1,0,0.7198049,0.28019512,3843.8354142494986,0.28019511699676514,308.21462869644165,4152.050042945941,0.0,3
1,1,0,0,1,1,1,29,185.2706583223064,1.0,0,1.2926176834048015,0.5557374193388269,1,0,0.9959882,0.00401181,685.2706583223064,0.004011809825897217,4.4129908084869385,689.6836491307934,0.0,3
1,1,1,0,1,6,0,28,118.46592730317823,6.0,3,0.7675081975348375,0.7616981376965185,0,0,0.023961069,0.97603893,3918.4659273031784,5.856233596801758,6441.856956481934,10360.322883785113,0.0,3
1,0,0,0,1,1,0,26,85.33765337773094,1.0,1,0.8602368275166494,0.3024923783916896,1,0,0.99852437,0.0014756322,1685.337653377731,0.0014756321907043457,1.6231954097747803,1686.9608487875057,0.0,3
1,1,0,0,1,1,1,25,130.7144617614835,1.0,1,1.59197619388162,1.1284200532483466,1,0,0.961031,0.03896898,1730.7144617614836,0.03896898031234741,42.86587834358215,1773.5803401050657,0.0,3
0,1,1,1,0,1,0,27,199.4748605928537,1.0,4,1.9742953643847176,1.825289116698446,0,3,0.042301103,0.9576989,5099.4748605928535,0.9576988816261292,1053.468769788742,6152.9436303815955,0.0,2
1,1,0,0,1,1,0,26,291.61280375942795,1.0,1,1.9020146044438868,1.78948748747592,0,0,0.37464932,0.6253507,1891.612803759428,0.6253507137298584,687.8857851028442,2579.4985888622723,0.0,3
0,1,1,1,1,12,1,31,326.5696819835918,12.0,5,1.5719276241856668,1.4900082873492149,0,1,0.00042016906,0.99957985,6326.569681983592,11.99495816230774,13194.453978538513,19521.023660522107,0.0,1
0,1,1,0,1,12,0,27,26.34554387446528,12.0,1,0.2326541264545681,0.0,1,1,0.85425174,0.14574826,1626.3455438744652,1.748979091644287,1923.8770008087158,3550.222544683181,0.0,3
0,1,0,1,1,6,1,35,93.14151398417673,6.0,2,1.7008302636006725,1.701676192176332,0,1,0.0013029681,0.99869704,2793.1415139841765,5.99218225479126,6591.400480270386,9384.541994254563,0.0,1
1,1,1,1,1,6,1,26,227.348222221007,5.0,3,0.9128026905974116,0.9552564210887644,0,1,0.005573938,0.9944261,4027.348222221007,4.972130358219147,5469.343394041061,9496.69161626207,1.0,1
1,0,1,0,1,1,0,33,4.324223933376885,1.0,2,1.3250719984868502,1.5777862858387048,0,0,0.13490207,0.86509794,2704.3242239333767,0.8650979399681091,951.60773396492,3655.931957898297,0.0,3
0,0,1,0,1,6,1,28,156.69939152300017,6.0,2,0.3824615892726099,0.2608326563990797,0,0,0.0146049885,0.985395,2856.699391523,5.912370085716248,6503.607094287872,9360.306485810872,0.0,3
1,1,0,0,1,1,1,34,9.434824742919432,1.0,3,2.417473164896601,2.3667183445610407,0,2,0.005673436,0.9943266,3809.4348247429193,0.9943265914916992,1093.7592506408691,4903.194075383788,0.0,0
0,1,1,1,1,1,1,31,114.13888879061358,1.0,0,1.1789856640167085,0.3725672474641737,1,0,0.99050796,0.00949204,614.1388887906136,0.009492039680480957,10.441243648529053,624.5801324391426,0.0,1
1,1,1,0,1,1,0,32,110.04989358103408,1.0,1,2.3228655233069504,2.2223646692270647,0,2,0.12117455,0.8788254,1710.049893581034,0.8788254261016846,966.707968711853,2676.757862292887,0.0,0
1,1,0,0,1,1,0,30,145.56568743891032,1.0,3,3.695294321848481,3.731734126796203,0,2,0.002065065,0.99793494,3945.56568743891,0.9979349374771118,1097.728431224823,5043.294118663733,0.0,0
1,1,1,1,1,1,1,29,75.0194233824964,1.0,6,1.6450203300198882,1.7619010846790908,0,2,0.00209627,0.9979037,7175.019423382497,0.9979037046432495,1097.6940751075745,8272.713498490071,0.0,1
0,1,0,1,1,6,0,27,48.365475960806144,6.0,2,2.5058346599759203,2.506827698604854,0,2,0.014520539,0.9854795,2748.365475960806,5.912876844406128,6504.164528846741,9252.530004807548,0.0,0
1,1,0,0,1,12,0,26,95.87428670651316,12.0,4,2.3017665957437057,2.43159151501258,0,1,0.00037939777,0.9996206,4995.874286706513,11.995447397232056,13194.992136955261,18190.866423661773,0.0,0
0,1,1,0,0,12,1,31,227.15949987016108,12.0,3,2.1480710958432234,2.2072184139539623,0,3,0.00092583423,0.99907416,4027.159499870161,11.988889932632446,13187.778925895691,17214.938425765853,0.0,2
1,1,1,1,0,6,0,27,106.2823307103199,6.0,5,2.6140652862780867,2.667067807718234,0,3,0.0012967119,0.9987033,6106.28233071032,5.992219805717468,6591.441786289215,12697.724116999536,0.0,2
0,1,0,0,1,6,1,29,33.003530312096586,6.0,7,2.375283213783732,2.4488824328539143,0,2,0.00042095262,0.9995791,8233.003530312097,5.997474431991577,6597.221875190735,14830.225405502832,0.0,0
1,1,0,0,0,12,1,28,212.61918748435485,10.0,2,3.7760112929013374,3.9067775219059664,0,3,0.00012868705,0.9998713,2912.619187484355,9.9987131357193,10998.58444929123,13911.203636775585,2.0,2
1,1,1,1,1,12,0,31,48.27545976087409,11.0,6,1.894392479361603,1.901030183605696,0,1,0.00041895098,0.99958104,7148.275459760874,10.995391428470612,12094.930571317673,19243.206031078545,1.0,1
0,1,1,1,1,12,1,32,115.11798288717328,11.0,2,2.006230277252712,2.0023039565494005,0,1,0.00035570216,0.9996443,2815.117982887173,10.996087074279785,12095.695781707764,14910.813764594937,1.0,1
1,1,1,1,1,1,0,30,85.80615454575144,1.0,4,3.9845240135561832,3.9680414876507775,0,2,0.001830705,0.9981693,4985.806154545751,0.9981693029403687,1097.9862332344055,6083.792387780157,0.0,0
1,1,1,0,1,6,1,36,3.660820075068422,6.0,0,0.3926700907948466,0.2635134661196863,0,0,0.023145378,0.9768546,503.66082007506844,5.861127734184265,6447.240507602692,6950.9013276777605,0.0,3
1,1,1,0,1,1,0,29,112.9129041854795,1.0,0,1.4650931943829095,0.7841092556288665,1,0,0.9966143,0.0033857226,612.9129041854795,0.0033857226371765137,3.724294900894165,616.6371990863737,0.0,3
0,1,1,1,1,1,0,26,233.0714229877116,1.0,0,1.8919959914054016,2.0020464502092894,1,0,0.94832534,0.051674664,733.0714229877116,0.05167466402053833,56.84213042259216,789.9135534103037,0.0,1
1,1,0,0,1,1,0,27,67.2799060717944,1.0,0,0.5834034732033667,0.4814418821159169,1,0,0.9708623,0.029137671,567.2799060717944,0.02913767099380493,32.051438093185425,599.3313441649798,0.0,3
0,1,0,0,1,1,0,27,81.7526432402334,1.0,2,2.7455867180213858,2.832093151030008,0,2,0.075220145,0.92477983,2781.7526432402333,0.9247798323631287,1017.2578155994415,3799.010458839675,0.0,0
1,1,0,0,1,1,0,25,93.096462399476,1.0,0,0.8192036911187058,0.6345661634397981,1,0,0.9965905,0.003409505,593.096462399476,0.0034095048904418945,3.750455379486084,596.846917778962,0.0,3
0,1,0,0,1,1,0,32,268.72203839121147,1.0,15,3.1216702395435663,3.2331557392776964,0,2,0.00035194654,0.99964803,17268.72203839121,0.9996480345726013,1099.6128380298615,18368.33487642107,0.0,0
1,1,1,0,1,1,0,29,190.66151249758968,1.0,2,0.0,0.0,0,0,0.27913806,0.7208619,2890.6615124975897,0.7208619117736816,792.9481029510498,3683.6096154486395,0.0,3
0,1,1,0,1,12,0,26,70.78964995588231,10.0,1,3.086527721751001,3.0738273745566587,0,1,0.07142832,0.9285717,1670.7896499558824,9.285717010498047,10214.288711547852,11885.078361503734,2.0,1
0,1,0,0,1,12,1,26,93.29053472113128,11.0,9,1.5032912269141914,1.5051581887272527,0,1,0.00034835676,0.9996517,10493.29053472113,10.996168375015259,12095.785212516785,22589.075747237915,1.0,1
1,0,1,0,1,1,0,32,219.79528635127315,1.0,7,1.063803022005765,0.9817436559962224,0,0,0.0035584709,0.99644154,8419.795286351273,0.9964415431022644,1096.0856974124908,9515.880983763764,0.0,3
0,1,1,0,1,1,1,25,128.12125852690212,1.0,2,1.743255984237666,0.1415983373233573,1,0,0.99953187,0.00046813488,2828.1212585269022,0.00046813488006591797,0.5149483680725098,2828.6362068949747,0.0,3
0,1,0,0,1,1,1,33,101.8978342737989,1.0,3,2.5463971965547465,2.408648799174446,0,2,0.0032997348,0.9967003,3901.8978342737987,0.9967002868652344,1096.3703155517578,4998.268149825557,0.0,0
1,1,1,1,1,1,0,25,230.087841266948,1.0,5,2.384749025319435,2.4169031585287133,0,2,0.0092851175,0.9907149,6230.087841266948,0.9907149076461792,1089.7863984107971,7319.874239677745,0.0,1
1,1,0,0,1,1,0,29,139.9608370226238,1.0,3,3.3922983721994178,3.376264564692121,0,2,0.002825556,0.99717444,3939.9608370226238,0.9971744418144226,1096.8918859958649,5036.852723018488,0.0,0
1,1,0,1,1,12,1,28,88.11947654975313,12.0,2,1.168488565561974,0.99820593877802,0,1,0.00649711,0.9935029,2788.119476549753,11.922034978866577,13114.238476753235,15902.357953302988,0.0,1
0,1,1,1,1,1,0,28,45.142002091511536,1.0,4,2.5122437104562167,2.480858249066074,0,2,0.0056077493,0.9943923,4945.142002091511,0.9943922758102417,1093.8315033912659,6038.973505482777,0.0,1
0,1,0,1,0,1,1,26,46.943630122129285,1.0,2,1.0694584301126082,1.1473350309093338,0,3,0.23691268,0.76308733,2746.9436301221294,0.7630873322486877,839.3960654735565,3586.339695595686,0.0,2
0,1,0,0,0,1,0,31,129.13879709536866,1.0,8,1.752018945255259,1.7532100037005165,0,3,0.004259895,0.9957401,9429.13879709537,0.9957401156425476,1095.3141272068024,10524.452924302172,0.0,2
1,1,1,0,1,1,0,31,192.4615711639765,1.0,6,1.1016564882855309,1.3082723338782396,0,0,0.0022873352,0.9977127,7292.461571163976,0.9977126717567444,1097.4839389324188,8389.945510096395,0.0,3
0,1,1,0,1,12,1,27,78.07185485190341,12.0,1,1.565409984506784,0.5592151674421768,1,1,0.98613214,0.013867855,1678.0718548519035,0.1664142608642578,183.0556869506836,1861.127541802587,0.0,1
0,1,1,0,1,12,0,26,400.43884834720114,12.0,3,3.858927954692432,3.840771504926,0,1,7.252072e-05,0.99992746,4200.438848347201,11.9991295337677,13199.04248714447,17399.48133549167,0.0,0
1,1,0,0,1,12,1,33,34.792435075811184,10.0,3,1.6859179799184982,1.7977537805711523,0,1,0.001226351,0.99877363,3834.792435075811,9.987736344337463,10986.50997877121,14821.302413847021,2.0,1
1,1,0,1,1,6,1,24,113.0339868554672,6.0,4,2.096529851471265,2.074319800705892,0,1,0.013127657,0.9868723,5013.033986855467,5.921233892440796,6513.3572816848755,11526.391268540343,0.0,1
0,1,0,0,1,1,0,31,144.42131721600623,1.0,2,3.2135388864211625,3.1820410054288613,0,2,0.0055453214,0.9944547,2844.421317216006,0.9944546818733215,1093.9001500606537,3938.32146727666,0.0,0
1,1,0,0,1,1,0,23,76.85218126873633,1.0,4,2.3976125075767403,2.4460443874031883,0,2,0.055660356,0.94433963,4976.852181268736,0.9443396329879761,1038.7735962867737,6015.62577755551,0.0,0
0,1,0,0,1,1,0,26,109.54929949295008,1.0,0,1.6341415694703183,0.5508812143905537,1,0,0.99982053,0.00017946959,609.5492994929501,0.00017946958541870117,0.1974165439605713,609.7467160369107,0.0,3
1,1,0,0,1,1,0,30,0.7104878214237758,1.0,7,1.7113989185451672,1.501684161441657,0,0,0.05406107,0.94593894,8200.710487821423,0.9459389448165894,1040.5328392982483,9241.243327119671,0.0,3
1,1,0,0,1,6,0,28,230.8400715171606,6.0,1,1.3015214000619886,1.3874287091506992,1,0,0.573298,0.42670202,1830.8400715171606,2.5602121353149414,2816.2333488464355,4647.073420363597,0.0,3
0,0,0,0,1,1,0,30,71.58556747195655,1.0,0,1.3930371855089476,1.1477316932260018,1,0,0.92817736,0.07182264,571.5855674719566,0.0718226432800293,79.00490760803223,650.5904750799888,0.0,3
0,0,0,0,1,6,0,34,326.20459816502995,5.0,2,1.0993344706164518,1.0518724778250166,0,0,0.016532496,0.9834675,3026.20459816503,4.917337596416473,5409.071356058121,8435.27595422315,1.0,3
1,1,1,1,1,12,1,32,4.556640835426336,10.0,3,1.9853687014444616,1.9304893675839387,0,1,0.00040500297,0.999595,3804.556640835426,9.995949864387512,10995.544850826263,14800.10149166169,2.0,1
0,1,1,1,1,6,0,28,205.4508731502361,6.0,5,3.2540833615336666,3.3725382040138623,0,1,0.00019862327,0.9998014,6205.4508731502365,5.99880838394165,6598.689222335815,12804.140095486051,0.0,1
1,1,0,0,1,1,1,25,169.90350642022682,1.0,0,1.6269556517694572,0.6607276673466229,1,0,0.99973863,0.00026136637,669.9035064202268,0.0002613663673400879,0.2875030040740967,670.1910094243009,0.0,3
0,1,1,0,1,12,1,28,84.36994493585499,12.0,15,1.4156640515774617,1.258385611818789,0,1,0.0010940884,0.9989059,17084.369944935854,11.986870765686035,13185.557842254639,30269.927787190492,0.0,1
1,1,1,1,1,12,1,27,41.251090505436,8.0,6,3.5677548089991915,3.4396949328317987,0,1,0.00016687652,0.9998331,7141.251090505436,7.998664855957031,8798.531341552734,15939.782432058171,4.0,1
0,1,1,1,1,12,1,26,23.6208839813812,12.0,10,2.9097120674155814,2.906149639471661,0,1,0.00011693863,0.99988306,11523.62088398138,11.998596668243408,13198.456335067749,24722.07721904913,0.0,1
0,1,1,0,1,6,0,28,243.7431203041013,6.0,3,2.3874341022600967,2.4100415272706903,0,2,0.0122046545,0.98779535,4043.7431203041015,5.926772117614746,6519.449329376221,10563.192449680322,0.0,0
0,1,1,1,1,6,0,33,38.57255026556389,5.0,7,2.347369730423229,2.34354176795779,0,1,0.0005099657,0.99949,8238.572550265564,4.997450113296509,5497.19512462616,13735.767674891724,1.0,1
0,1,0,0,1,1,0,26,301.7198067817875,1.0,6,1.7308035507351094,1.6649309746720111,0,0,0.003086894,0.99691314,7401.719806781787,0.9969131350517273,1096.6044485569,8498.324255338688,0.0,3
0,1,0,1,1,1,0,28,238.06974640878047,1.0,2,0.5348005650482998,0.3265163412120638,1,0,0.83917266,0.16082734,2938.0697464087807,0.16082733869552612,176.91007256507874,3114.9798189738594,0.0,3
0,1,1,1,1,1,0,30,175.8782923350662,1.0,3,1.797137811459333,1.9311835857316544,0,0,0.009432944,0.990567,3975.8782923350664,0.9905670285224915,1089.6237313747406,5065.502023709807,0.0,1
0,1,0,0,0,1,1,33,148.780016159952,1.0,2,0.832677841871025,0.762919844798111,0,3,0.053599108,0.9464009,2848.780016159952,0.9464008808135986,1041.0409688949585,3889.8209850549106,0.0,2
1,0,0,0,1,1,0,26,223.8734713126895,1.0,0,0.5310486915253299,0.7161513850250709,1,0,0.97090065,0.029099345,723.8734713126895,0.029099345207214355,32.00927972793579,755.8827510406253,0.0,3
1,0,0,0,1,12,0,30,101.75224666446428,12.0,10,3.601064607357013,3.6469869238531727,0,1,1.9909015e-05,0.9999801,11601.752246664464,11.99976110458374,13199.737215042114,24801.48946170658,0.0,0
0,1,1,1,1,12,1,38,156.3350137496791,12.0,2,2.5664005923167377,2.493103689225733,0,1,0.00013417377,0.99986583,2856.335013749679,11.998389959335327,13198.22895526886,16054.563969018538,0.0,1
1,1,1,1,1,6,1,35,102.60437485894474,5.0,3,3.499892734560293,3.4735201002897726,0,2,0.0002366946,0.9997633,3902.6043748589445,4.998816549777985,5498.698204755783,9401.302579614727,1.0,1
1,0,0,0,1,1,0,28,144.23969634550622,1.0,1,1.1389631530193327,0.5248508529918438,1,0,0.98974866,0.010251343,1744.2396963455062,0.010251343250274658,11.276477575302124,1755.5161739208083,0.0,3
1,1,0,0,1,12,1,34,22.8011007435276,10.0,2,3.39132006822728,3.316116302577311,0,1,0.00017910104,0.9998209,2722.8011007435275,9.9982088804245,10998.02976846695,13720.830869210477,2.0,0
1,1,1,1,1,12,0,27,64.34271519256386,10.0,9,3.030821003112287,2.982682581422784,0,1,8.690568e-05,0.9999131,10464.342715192564,9.999130964279175,10999.044060707092,21463.386775899657,2.0,1
0,1,1,1,1,1,1,26,116.74854033740615,1.0,4,1.581822062663076,1.4230329946315674,1,0,0.47663915,0.52336085,5016.748540337406,0.5233608484268188,575.6969332695007,5592.4454736069065,0.0,1
1,1,0,0,1,1,1,28,251.2707317394076,1.0,5,1.5484297773842055,1.4328988483026543,0,0,0.007881064,0.99211895,6251.270731739408,0.9921189546585083,1091.3308501243591,7342.601581863767,0.0,3
0,0,0,0,1,12,0,28,252.16047567052505,12.0,5,1.9563127995180816,2.1192385633974467,0,1,0.00013854442,0.9998615,6252.160475670525,11.998337745666504,13198.171520233154,19450.331995903678,0.0,0
1,1,0,0,1,1,1,26,245.59306685967832,1.0,0,1.2168230482027846,0.3507632621682959,1,0,0.99940324,0.0005967617,745.5930668596783,0.0005967617034912109,0.656437873840332,746.2495047335186,0.0,3
1,1,0,0,1,1,1,34,52.501627170534455,1.0,5,2.9203839318681566,2.957190888064944,0,2,0.0009802697,0.99901974,6052.501627170534,0.9990197420120239,1098.9217162132263,7151.423343383761,0.0,0
1,1,0,0,1,1,0,33,66.41949985098354,1.0,1,2.7393337909380744,2.6703741022207104,0,2,0.023326738,0.97667325,1666.4194998509836,0.9766732454299927,1074.340569972992,2740.7600698239758,0.0,0
1,1,1,0,1,6,1,27,76.12314728408052,4.0,1,1.19671286641968,0.0028723624189406,1,0,0.9970561,0.0029438734,1676.1231472840805,0.011775493621826172,12.953042984008789,1689.0761902680892,2.0,3
0,1,0,0,1,1,0,33,14.852518792656936,1.0,3,0.0551404285029448,0.0,1,0,0.72722924,0.27277076,3814.852518792657,0.2727707624435425,300.04783868789673,4114.900357480554,0.0,3
1,1,0,0,1,1,0,26,332.0022124310275,1.0,3,2.0888837467375345,2.158351290003765,0,2,0.013529774,0.9864702,4132.002212431027,0.9864702224731445,1085.117244720459,5217.119457151486,0.0,0
1,1,1,0,1,12,0,35,131.56031275299006,6.0,1,0.6358527683592032,0.7680487468149093,0,1,0.0044232053,0.9955768,1731.56031275299,5.973460793495178,6570.806872844696,8302.367185597686,6.0,1
0,1,1,1,1,12,1,34,61.51320007459724,12.0,1,1.4994226624935532,1.3122544297199763,0,1,0.011445186,0.98855484,1661.5132000745973,11.862658023834229,13048.923826217651,14710.43702629225,0.0,1
1,1,0,0,1,1,1,30,124.2086846189467,1.0,3,0.8339262596072149,0.9569513697852146,0,0,0.07201577,0.92798424,3924.208684618947,0.9279842376708984,1020.7826614379883,4944.991346056935,0.0,3
1,1,0,0,1,1,0,26,132.66190458720527,1.0,1,2.5838294744140065,1.8790555784911225,1,2,0.9901423,0.009857714,1732.6619045872053,0.009857714176177979,10.843485593795776,1743.505390181001,0.0,3
0,1,0,0,1,6,0,31,5.145095773335584,6.0,6,1.937719589827107,2.0098993921041584,0,2,0.002275418,0.9977246,7105.145095773336,5.986347556114197,6584.9823117256165,13690.127407498952,0.0,0
1,1,0,0,1,1,1,29,168.21924094287272,1.0,12,1.8779240609260583,1.6495661685763852,0,2,0.008774898,0.9912251,13868.219240942874,0.9912251234054565,1090.3476357460022,14958.566876688876,0.0,0
1,1,0,1,0,6,1,31,193.28415434833232,6.0,3,1.5985453539053227,1.6618963654661998,0,3,0.0014019414,0.99859804,3993.2841543483323,5.991588234901428,6590.747058391571,10584.031212739903,0.0,2
1,0,0,0,1,1,1,27,23.36614092782209,1.0,11,2.453018620372532,2.4219328173369905,0,2,0.0029328342,0.99706715,12623.366140927823,0.9970671534538269,1096.7738687992096,13720.140009727033,0.0,0
0,1,1,1,1,12,1,28,275.22864223369066,12.0,1,1.4931349317483649,1.5897253382115355,0,1,0.0058708102,0.9941292,1875.2286422336906,11.929550170898438,13122.505187988281,14997.733830221972,0.0,1
1,1,0,1,1,1,0,30,291.3340189498217,1.0,8,3.246638269407108,3.246596209470681,0,2,0.00019517793,0.9998048,9591.334018949821,0.9998047947883606,1099.7852742671967,10691.119293217018,0.0,0
1,1,0,0,1,1,1,32,130.01666547332806,1.0,1,1.3918739519586527,0.8523504532247912,1,0,0.84242654,0.15757346,1730.016665473328,0.15757346153259277,173.33080768585205,1903.34747315918,0.0,3
1,1,1,0,1,1,0,26,25.958454698284,1.0,1,2.316723597976981,1.7425936400599973,1,0,0.99582773,0.0041722655,1625.958454698284,0.004172265529632568,4.589492082595825,1630.5479467808798,0.0,3
0,1,1,0,1,1,0,31,182.6968988826672,1.0,3,0.8496868762200176,1.0037935536279234,0,0,0.06291199,0.937088,3982.696898882667,0.9370880126953125,1030.7968139648438,5013.49371284751,0.0,3
1,1,0,0,1,1,1,33,130.40772885490796,1.0,2,2.364295545767346,2.1667699346558003,0,2,0.037468497,0.9625315,2830.407728854908,0.9625315070152283,1058.784657716751,3889.192386571659,0.0,0
0,1,1,1,1,1,0,31,107.68806143265994,1.0,1,1.9527462673811888,1.9044084086136253,0,0,0.21457897,0.785421,1707.6880614326599,0.7854210138320923,863.9631152153015,2571.6511766479616,0.0,1
1,1,0,0,1,1,1,32,181.4995063999707,1.0,5,3.1325753519032595,3.1898986887021588,0,2,0.00038945238,0.99961054,6181.49950639997,0.9996105432510376,1099.5715975761414,7281.071103976112,0.0,0
0,1,0,0,1,1,1,30,44.41910072373985,1.0,0,1.6929239852595812,1.613738293694151,0,0,0.5798588,0.42014122,544.4191007237398,0.42014122009277344,462.1553421020508,1006.5744428257906,0.0,3
0,1,0,0,1,1,0,27,104.74033499350674,1.0,0,2.370923262145201,1.3816195721925952,1,0,0.99931264,0.00068736076,604.7403349935067,0.0006873607635498047,0.7560968399047852,605.4964318334115,0.0,3
0,0,0,0,1,1,0,32,91.21212358791036,1.0,2,3.824878187652304,4.029924727580919,0,2,0.002828851,0.99717116,2791.2121235879104,0.99717116355896,1096.888279914856,3888.1004035027663,0.0,0
1,0,0,0,1,1,0,31,180.52488863182109,1.0,19,1.7983632412464947,1.8237447786550047,0,2,0.00075949036,0.9992405,21580.524888631822,0.999240517616272,1099.1645693778992,22679.68945800972,0.0,0
0,1,1,1,1,1,1,31,221.62849769007968,1.0,4,1.6992356242462334,1.7710712769077266,0,2,0.0027021347,0.9972979,5121.62849769008,0.9972978830337524,1097.0276713371277,6218.656169027207,0.0,1
0,1,1,0,1,12,1,31,49.6844057020624,12.0,7,2.741201823968641,2.758926154267792,0,1,7.709779e-05,0.99992293,8249.684405702063,11.999075174331665,13198.982691764832,21448.667097466896,0.0,0
0,1,1,1,1,12,0,31,137.05436725689816,11.0,6,1.3142919657329677,1.0895125058654846,0,1,0.0005199971,0.99948,7237.054367256898,10.994280099868774,12093.708109855652,19330.76247711255,1.0,1
0,0,0,0,1,1,0,26,48.80268360502068,1.0,0,2.2342488023347182,2.2136828436173994,1,0,0.98322886,0.016771138,548.8026836050207,0.016771137714385986,18.448251485824585,567.2509350908452,0.0,3
1,1,0,0,1,1,1,29,139.8258951345035,1.0,1,2.4120626778219822,1.9799804405454715,1,2,0.96915954,0.030840456,1739.8258951345035,0.03084045648574829,33.92450213432312,1773.7503972688266,0.0,0
0,1,0,0,1,1,0,25,149.19671609727283,1.0,0,2.152637102708426,1.8523792485175063,1,0,0.9935098,0.006490171,649.1967160972729,0.006490170955657959,7.139188051223755,656.3359041484966,0.0,3
0,0,0,0,1,6,0,27,137.37091691557916,6.0,24,0.9189199220762704,1.0934139492034824,0,0,0.0041706804,0.99582934,27037.37091691558,5.974976062774658,6572.473669052124,33609.8445859677,0.0,3
1,1,1,0,1,6,1,26,241.918825608546,6.0,2,0.6729692288156,0.6412307167894612,0,0,0.029099828,0.9709002,2941.918825608546,5.825401067733765,6407.941174507141,9349.860000115686,0.0,3
1,1,1,1,1,1,0,22,21.79064250262105,1.0,1,2.2631153250940024,1.8455822038996768,1,0,0.9901423,0.009857714,1621.790642502621,0.009857714176177979,10.843485593795776,1632.6341280964168,0.0,3
0,1,0,0,1,1,1,29,0.1718623034294992,1.0,1,2.000837716261708,1.831821776271643,0,0,0.459559,0.54044104,1600.1718623034294,0.5404410362243652,594.4851398468018,2194.657002150231,0.0,3
0,1,1,0,1,1,0,31,364.3269276491144,1.0,12,1.8713027269317728,2.0039798357962666,0,2,0.00034382075,0.9996562,14064.326927649114,0.9996562004089355,1099.621820449829,15163.948748098943,0.0,0
0,0,1,0,1,1,0,32,189.89533965342935,1.0,1,1.1081531639722475,0.7905515487566976,1,0,0.7410658,0.2589342,1789.8953396534293,0.2589341998100281,284.8276197910309,2074.7229594444602,0.0,3
0,1,1,1,1,1,0,32,272.63696380286115,1.0,0,1.3741279720387147,1.202066155844694,1,0,0.29234344,0.70765656,772.6369638028611,0.7076565623283386,778.4222185611725,1551.0591823640336,0.0,1
0,1,0,0,1,1,0,28,86.63247139214626,1.0,9,1.2589490063429936,1.2806707643381228,0,0,0.005295805,0.9947042,10486.632471392146,0.9947041869163513,1094.1746056079865,11580.807077000132,0.0,3
0,1,1,0,1,12,0,33,196.45705348308653,12.0,1,2.00117982556292,1.9838974230845807,0,1,0.0052592703,0.9947407,1796.4570534830866,11.936888694763184,13130.577564239502,14927.03461772259,0.0,1
0,1,0,0,1,1,0,25,272.6140067922244,1.0,0,2.641713651526679,3.5402705155533987,1,2,0.7099344,0.2900656,772.6140067922245,0.29006558656692505,319.07214522361755,1091.686152015842,0.0,0
1,1,0,0,1,12,1,30,214.33856838928415,11.0,9,3.2642035872036503,3.4310935375066243,0,1,2.205495e-05,0.99997795,10614.338568389285,10.999757409095764,12099.73315000534,22714.071718394625,1.0,0
0,1,1,0,1,1,0,26,145.74608331878989,1.0,1,1.2833634714199469,0.0593731516476707,1,0,0.99957806,0.00042194128,1745.74608331879,0.00042194128036499023,0.46413540840148926,1746.2102187271914,0.0,3
1,1,1,0,1,12,0,30,254.82849262293405,12.0,5,2.690441755722505,2.6535911546001048,0,1,0.00019149063,0.9998085,6254.828492622934,11.99770188331604,13197.472071647644,19452.30056427058,0.0,0
0,0,0,0,1,6,1,28,81.25268538945234,6.0,5,2.7391385615139736,2.8037654585009486,0,2,0.00047593302,0.99952406,6081.252685389452,5.997144341468811,6596.858775615692,12678.111461005145,0.0,0
0,0,0,1,1,1,0,29,158.7159346742398,1.0,1,0.161426087268393,0.0545399901999855,0,0,0.3279032,0.6720968,1758.7159346742399,0.6720967888832092,739.3064677715302,2498.0224024457702,0.0,3
0,0,1,0,1,6,0,31,94.58675014860032,6.0,10,0.7470136721101739,0.7287449615819882,0,0,0.0015695005,0.9984305,11594.586750148601,5.9905829429626465,6589.641237258911,18184.22798740751,0.0,3
0,1,1,1,1,12,0,24,6.5451616830701695,12.0,16,1.5566197814206562,1.8025935939505544,0,1,0.0012370022,0.998763,18106.54516168307,11.985156297683716,13183.671927452087,31290.217089135156,0.0,1
1,1,1,0,0,1,0,26,73.23603737436741,1.0,0,2.3738930315870514,1.1151324319417424,1,3,0.9997923,0.00020772219,573.2360373743675,0.00020772218704223633,0.22849440574645996,573.4645317801139,0.0,2
0,0,1,0,0,6,1,30,275.30259428714623,6.0,2,2.2239406471677152,2.287088287553673,0,3,0.006907432,0.9930926,2975.3025942871463,5.958555579185486,6554.411137104034,9529.71373139118,0.0,2
0,1,1,0,1,12,0,29,72.36459657046926,8.0,1,1.5923425869434022,1.4874781065219569,0,1,0.1387176,0.8612824,1672.3645965704693,6.890259265899658,7579.285192489624,9251.649789060093,4.0,1
0,1,0,0,1,6,0,30,7.486945086137368,6.0,1,3.357113943035752,3.3428928237285653,0,2,0.0028351585,0.99716485,1607.4869450861374,5.982989072799683,6581.287980079651,8188.774925165788,0.0,0
0,1,0,0,1,12,1,28,76.4486670719802,11.0,3,3.5353536767590765,3.618916124598656,0,1,8.799208e-05,0.999912,3876.4486670719803,10.999032258987427,12098.93548488617,15975.38415195815,1.0,0
1,1,1,0,1,1,0,27,174.32656563608052,1.0,5,1.1879220938540913,1.146473397854574,0,0,0.0032838474,0.99671614,6174.326565636081,0.9967161417007446,1096.387755870819,7270.7143215069,0.0,3
0,1,1,1,1,1,1,31,44.84510463133125,1.0,6,2.4745512582805294,2.433921249539251,0,2,0.0015330521,0.99846697,7144.845104631331,0.998466968536377,1098.3136653900146,8243.158770021346,0.0,1
0,1,0,0,1,1,0,27,187.04106455970123,1.0,4,2.147103919683206,2.2993644684981223,0,2,0.008941973,0.99105805,5087.041064559701,0.9910580515861511,1090.1638567447662,6177.2049213044675,0.0,0
0,0,1,0,1,1,0,31,88.03828816689257,1.0,0,1.8976000699282,1.3363973026593745,1,0,0.9885719,0.011428118,588.0382881668926,0.011428117752075195,12.570929527282715,600.6092176941753,0.0,3
1,1,1,0,1,12,1,29,94.24309175315376,11.0,3,1.675794711286125,1.7336956550231362,0,1,0.0032590341,0.99674094,3894.2430917531537,10.964150309562683,12060.565340518951,15954.808432272104,1.0,1
1,1,1,0,1,6,0,29,121.25680016620794,5.0,13,2.3362537319476617,2.3839726440577502,0,2,0.0005733808,0.9994266,14921.256800166208,4.997133016586304,5496.846318244934,20418.10311841114,1.0,0
0,1,1,0,0,12,0,31,183.3536158030836,10.0,1,1.3175935411282935,1.2409109271247032,0,3,0.010536849,0.98946315,1783.3536158030836,9.894631505012512,10884.094655513763,12667.448271316847,2.0,2
1,1,1,0,1,6,1,34,377.9153828441298,6.0,6,1.8091574402471933,1.7581458857532226,0,1,0.000325923,0.9996741,7477.915382844129,5.998044490814209,6597.84893989563,14075.76432273976,0.0,0
1,1,1,0,1,1,1,28,68.62921760832799,1.0,5,3.197159774404195,3.218273516393621,0,2,0.0005881621,0.9994118,6068.629217608328,0.9994118213653564,1099.353003501892,7167.98222111022,0.0,0
1,1,0,0,1,1,0,28,73.62710006316908,1.0,3,2.3806683998082177,2.297674985214248,0,2,0.046754934,0.95324504,3873.627100063169,0.9532450437545776,1048.5695481300354,4922.196648193205,0.0,0
1,1,1,0,1,1,1,22,132.17375574088027,1.0,1,0.9068350228231672,0.5221129821719297,1,0,0.92038906,0.079610944,1732.1737557408803,0.07961094379425049,87.57203817367554,1819.7457939145559,0.0,3
0,1,0,0,1,1,1,24,92.86968095309427,1.0,8,2.1576999735348497,2.13132101648987,0,2,0.0062158355,0.9937842,9392.869680953094,0.9937841892242432,1093.1626081466675,10486.032289099761,0.0,0
0,1,1,0,0,6,1,31,282.9298669479633,6.0,2,0.7603708211612714,0.7737985348951207,0,3,0.008084571,0.9919154,2982.929866947963,5.951492428779602,6546.641671657562,9529.571538605525,0.0,2
0,1,1,0,1,1,1,30,96.31384393914696,1.0,7,1.1071535083693274,1.1374305275296124,0,0,0.0024088544,0.99759114,8296.313843939148,0.9975911378860474,1097.350251674652,9393.6640956138,0.0,3
0,1,1,1,1,12,1,31,281.24777661591804,12.0,3,1.1055366228966068,0.9504763708915374,0,1,0.0032674805,0.99673253,4081.247776615918,11.960790395736694,13156.869435310364,17238.11721192628,0.0,1
1,1,0,1,1,6,1,32,126.9223463469219,6.0,4,2.205504714067562,2.0398918755636304,0,1,0.0011565665,0.99884343,5026.922346346922,5.99306058883667,6592.366647720337,11619.288994067258,0.0,1
0,1,1,1,1,12,1,28,91.17066524147828,5.0,7,1.5585070498897315,1.6104472710457884,0,1,0.0009103288,0.99908966,8291.170665241478,4.995448291301727,5494.9931204319,13786.163785673378,7.0,1
1,1,0,0,1,1,1,29,273.39595955174707,1.0,12,1.4926604504448,1.522410191075401,0,2,0.0011783381,0.9988217,13973.395959551746,0.9988216757774353,1098.7038433551788,15072.099802906925,0.0,0
0,1,1,1,1,1,0,33,54.6795574094411,1.0,7,2.543522735459584,2.5431871793731977,0,2,0.001323316,0.99867666,8254.679557409441,0.9986766576766968,1098.5443234443665,9353.223880853808,0.0,1
0,1,1,1,1,12,1,25,226.0659439084184,10.0,1,1.6712997039052522,1.857458761824112,0,1,0.010802117,0.9891979,1826.0659439084184,9.891979098320007,10881.177008152008,12707.242952060427,2.0,1
1,1,0,0,1,1,0,25,72.2544252646657,1.0,0,1.9578577729249127,1.238477421945946,1,0,0.9996351,0.00036489964,572.2544252646657,0.0003648996353149414,0.40138959884643555,572.6558148635121,0.0,3
1,1,1,1,1,12,0,29,196.9238975023973,11.0,4,0.9702756896652472,1.0897250023024552,0,1,0.00049861596,0.9995014,5096.923897502397,10.994515478610992,12093.967026472092,17190.89092397449,1.0,1
0,0,0,0,1,6,0,28,246.0712380733781,5.0,0,1.8478899177608623,0.6441342404976969,1,0,0.9993749,0.0006250739,746.0712380733781,0.0031253695487976074,3.437906503677368,749.5091445770555,1.0,3
0,1,1,0,1,1,0,20,33.70273308521405,1.0,1,0.7174439733373604,0.5861962844048629,1,0,0.9551719,0.044828117,1633.702733085214,0.04482811689376831,49.31092858314514,1683.0136616683592,0.0,3
0,1,0,0,1,1,0,34,203.1766727852991,1.0,1,1.1447063312002408,1.0047797472896842,1,0,0.38757914,0.61242086,1803.1766727852992,0.6124208569526672,673.662942647934,2476.839615433233,0.0,3
1,1,0,1,0,1,0,30,31.32666952824742,1.0,0,2.746110707008106,3.0892249426811813,1,3,0.855621,0.14437902,531.3266695282474,0.14437901973724365,158.81692171096802,690.1435912392154,0.0,2
0,1,1,1,1,12,1,33,68.09962226373958,9.0,6,3.056874146443885,2.9927488987147863,0,1,0.00015557566,0.99984443,7168.09962226374,8.998599886894226,9898.459875583649,17066.55949784739,3.0,1
0,1,1,1,1,1,0,33,212.25739535798863,1.0,2,2.615358659785421,2.5474802970429926,0,2,0.013233359,0.98676664,2912.2573953579886,0.9867666363716125,1085.4433000087738,3997.7006953667624,0.0,1
0,1,0,0,1,1,0,28,476.4326553201213,1.0,4,3.207605544519142,3.1548181720413093,0,2,0.00020747754,0.9997925,5376.432655320121,0.9997925162315369,1099.7717678546906,6476.204423174811,0.0,0
1,1,1,0,1,6,0,30,242.81979251942025,6.0,1,2.0676583378631035,2.107738571214292,0,1,0.05514531,0.9448547,1842.8197925194202,5.669128060340881,6236.0408663749695,8078.860658894389,0.0,0
1,0,0,0,1,1,0,26,91.58342634080348,1.0,0,2.2924980551049123,1.1140086222230423,1,0,0.99982065,0.00017935038,591.5834263408035,0.0001793503761291504,0.19728541374206543,591.7807117545456,0.0,3
1,1,0,0,1,12,0,33,117.82371712828676,12.0,7,2.4708849465999463,2.452512718360849,0,1,4.2167838e-05,0.99995786,8317.823717128287,11.999494314193726,13199.443745613098,21517.267462741387,0.0,0
1,0,1,0,1,1,0,31,105.154055397862,1.0,1,3.495218131608715,3.529604276877873,0,2,0.01845735,0.98154265,1705.154055397862,0.9815426468849182,1079.69691157341,2784.850966971272,0.0,0
1,1,1,1,1,1,1,29,215.21915065207256,1.0,4,2.766035656818244,2.70542884506722,0,2,0.004362589,0.9956374,5115.219150652072,0.9956374168395996,1095.2011585235596,6210.420309175632,0.0,1
0,1,1,1,1,12,1,33,271.0027759305035,11.0,9,2.6201166321880645,2.68435510603412,0,1,7.281815e-05,0.99992716,10671.002775930503,10.99919879436493,12099.118673801422,22770.121449731923,1.0,1
1,1,1,1,1,6,1,28,186.334133904902,6.0,0,0.135004531273543,0.0054923781012502,1,0,0.9578791,0.042120874,686.334133904902,0.2527252435684204,277.99776792526245,964.3319018301645,0.0,1
0,1,1,1,1,12,1,29,329.9340576066378,12.0,4,4.5573367693937765,4.53428153247774,0,1,8.38348e-05,0.99991614,5229.934057606638,11.998993635177612,13198.892998695374,18428.827056302012,0.0,1
1,1,0,0,1,1,1,28,246.2115526588095,1.0,1,0.822002981118028,0.0,1,0,0.9954203,0.004579723,1846.2115526588095,0.004579722881317139,5.0376951694488525,1851.2492478282584,0.0,3
0,1,0,0,1,1,1,36,151.82323311956424,1.0,2,1.3855325488034214,1.4804635793898124,0,2,0.01029107,0.9897089,2851.823233119564,0.9897089004516602,1088.6797904968262,3940.5030236163902,0.0,3
0,1,1,1,1,12,1,34,16.607012176344,12.0,8,2.009079501180669,1.92601437451522,0,1,0.00011456485,0.99988544,9316.607012176344,11.9986252784729,13198.48780632019,22515.094818496535,0.0,1
0,1,0,1,1,12,1,23,271.5255793571036,11.0,21,1.4102150595858292,1.3598170473530673,0,1,0.00018949433,0.9998105,23871.525579357105,10.99791568517685,12097.707253694534,35969.23283305164,1.0,1
1,1,1,1,1,1,0,29,9.469088632041164,1.0,2,3.1063441625944552,3.1675868332173227,0,2,0.012544382,0.9874556,2709.4690886320413,0.9874556064605713,1086.2011671066284,3795.6702557386698,0.0,1
1,1,1,1,1,12,0,32,63.86604632561038,11.0,1,0.9935538650228256,1.0686589852786652,0,1,0.0069030765,0.99309695,1663.8660463256103,10.924066424369812,12016.473066806793,13680.339113132404,1.0,1
0,1,1,0,1,1,1,30,272.3779354391009,1.0,1,0.1523211344309256,0.2778830947946932,0,0,0.19979279,0.8002072,1872.3779354391008,0.8002071976661682,880.227917432785,2752.605852871886,0.0,3
0,1,1,0,1,12,1,25,143.51199532894674,12.0,4,2.2284626316837275,2.194672720839156,0,1,0.0003457112,0.9996543,5043.511995328947,11.995851516723633,13195.436668395996,18238.948663724943,0.0,1
0,1,1,1,1,12,0,25,113.05840079725728,12.0,3,1.9576020679657773,2.0099718567421627,0,1,0.0028175025,0.9971825,3913.0584007972575,11.966189861297607,13162.808847427368,17075.867248224626,0.0,1
0,1,0,1,1,1,1,25,195.14038909556544,1.0,5,2.3520295886638616,2.2961454190686608,0,2,0.004775787,0.99522424,6195.140389095565,0.9952242374420166,1094.7466611862183,7289.887050281784,0.0,0
0,1,0,0,1,12,1,29,363.8613944195943,12.0,5,3.363988476096073,3.5258272761480867,0,1,4.1346357e-05,0.99995863,6363.861394419594,11.99950361251831,13199.453973770142,19563.315368189735,0.0,0
1,1,1,1,1,6,1,31,129.42183999189794,6.0,4,0.3686787041142554,0.1226018825357128,0,1,0.000918523,0.9990815,5029.421839991898,5.994488954544067,6593.937849998474,11623.359689990371,0.0,1
1,0,1,0,1,6,0,26,66.80376627406797,6.0,3,1.9696053274104013,1.9944149348529403,0,0,0.033339147,0.96666086,3866.803766274068,5.799965143203735,6379.961657524109,10246.765423798177,0.0,3
1,1,1,0,1,6,1,33,218.3977131575265,5.0,6,0.7473763237789615,0.6792346358903024,0,1,0.000827555,0.99917245,7318.397713157527,4.995862245559692,5495.448470115662,12813.846183273188,1.0,1
1,0,1,0,1,1,0,28,210.2992128271653,1.0,1,1.6647270205365254,2.0745086545363054,1,0,0.7227652,0.2772348,1810.2992128271653,0.2772347927093506,304.95827198028564,2115.257484807451,0.0,3
1,0,1,1,1,1,0,23,161.9033426402166,1.0,2,0.4718166126636071,0.3753181953350964,0,0,0.109840654,0.89015937,2861.9033426402166,0.8901593685150146,979.1753053665161,3841.0786480067327,0.0,3
0,1,0,0,1,6,0,25,313.46882085109405,6.0,1,3.1960798185516266,3.2849455083851216,0,2,0.0055691195,0.9944309,1913.468820851094,5.966585397720337,6563.243937492371,8476.712758343465,0.0,0
0,1,0,0,1,1,0,32,159.2267255415881,1.0,1,1.8103722345098847,1.643288981017922,1,0,0.3430236,0.6569764,1759.2267255415882,0.6569764018058777,722.6740419864655,2481.9007675280536,0.0,3
1,1,0,0,1,12,0,26,6.3730215689676015,12.0,1,1.5568761481864166,1.51356408726487,0,1,0.42460772,0.57539225,1606.3730215689675,6.904706954956055,7595.17765045166,9201.550672020629,0.0,3
1,0,1,0,1,6,0,30,185.558238630902,6.0,3,1.306739906471441,1.4808532233399152,0,0,0.020294016,0.979706,3985.558238630902,5.878235936164856,6466.059529781342,10451.617768412243,0.0,3
0,1,1,1,1,6,0,26,6.038435983615643,6.0,1,1.587778933673738,1.6556469741686128,0,1,0.6117796,0.38822043,1606.0384359836157,2.329322576522827,2562.25483417511,4168.293270158725,0.0,1
1,1,1,0,0,12,1,35,174.65439975952597,11.0,3,3.4715040444941785,3.456041313007745,0,3,5.8621332e-05,0.99994135,3974.654399759526,10.999354839324951,12099.290323257446,16073.944723016972,1.0,2
0,1,1,1,1,1,0,29,207.4647181165249,1.0,4,2.021520139856976,1.7685758936136682,0,0,0.034049936,0.9659501,5107.464718116525,0.965950071811676,1062.5450789928436,6170.009797109368,0.0,1
1,1,0,0,0,12,0,26,297.1624047907999,12.0,6,2.4878892140665982,2.4278359797086413,0,3,0.00014360876,0.9998564,7397.1624047908,11.998276948928833,13198.104643821716,20595.267048612517,0.0,2
0,1,1,0,1,1,0,25,26.806748054953715,1.0,2,2.745407311123201,2.8747495814814914,1,2,0.6405425,0.3594575,2726.806748054954,0.35945749282836914,395.40324211120605,3122.20999016616,0.0,0
0,1,1,1,1,6,0,31,34.68236412494068,6.0,3,0.9528395133662062,1.0217457930695992,0,1,0.034390874,0.96560913,3834.6823641249407,5.793654799461365,6373.020279407501,10207.702643532442,0.0,1
0,1,1,1,1,1,0,29,83.05682856664495,1.0,7,2.1780485617507126,2.122485397072014,0,2,0.0017561311,0.99824387,8283.056828566645,0.9982438683509827,1098.068255186081,9381.125083752726,0.0,1
0,1,1,0,1,6,0,31,96.99148304935557,6.0,6,1.5510092951007255,1.4870263571041136,0,1,0.005952141,0.9940479,7196.991483049355,5.964287281036377,6560.716009140015,13757.707492189369,0.0,3
0,1,1,0,1,6,1,29,1.81774167510946,6.0,0,0.9791882210196776,0.5405791481881189,1,0,0.86156946,0.13843054,501.81774167510946,0.8305832147598267,913.6415362358093,1415.459277910919,0.0,3
1,0,0,0,1,1,0,24,109.9659433743197,1.0,0,0.3139051591565622,0.0,1,0,0.9985964,0.0014036298,609.9659433743197,0.0014036297798156738,1.5439927577972412,611.509936132117,0.0,3
1,1,0,0,1,1,0,30,51.50590559598789,1.0,0,1.794575014018564,1.1370219629696914,1,0,0.99025226,0.009747744,551.5059055959879,0.009747743606567383,10.722517967224121,562.228423563212,0.0,3
1,1,0,0,1,1,0,33,105.16118599716911,1.0,1,0.5282483528028508,0.5893429936109357,0,0,0.09167116,0.90832883,1705.161185997169,0.9083288311958313,999.1617143154144,2704.3229003125834,0.0,3
0,1,0,0,1,1,1,30,284.67775440555675,1.0,4,2.348433207876445,2.3619793456394573,0,2,0.0025928963,0.9974071,5184.677754405557,0.997407078742981,1097.147786617279,6281.825541022836,0.0,0
0,1,1,0,1,1,1,30,136.3721970522347,1.0,2,2.4953429081040857,2.4788612133027472,0,2,0.033480175,0.96651983,2836.3721970522347,0.966519832611084,1063.1718158721924,3899.544012924427,0.0,0
1,1,0,0,1,1,1,28,225.52894735720665,1.0,2,1.9213300560375115,1.998263923553875,0,2,0.18883105,0.81116897,2925.5289473572066,0.8111689686775208,892.2858655452728,3817.8148129024794,0.0,0
0,1,0,0,1,1,0,31,213.81615710456668,1.0,0,2.509591227230462,2.33847231858888,1,2,0.76546794,0.23453206,713.8161571045666,0.23453205823898315,257.98526406288147,971.8014211674481,0.0,0
1,1,1,1,1,1,1,29,159.36188577328522,1.0,1,1.145692396164442,1.190448255529794,0,0,0.072229214,0.9277708,1759.3618857732852,0.9277707934379578,1020.5478727817535,2779.909758555039,0.0,1
1,1,1,0,1,6,0,36,252.8564549039787,6.0,11,3.7322998794245095,3.848739130569772,0,2,0.00014690189,0.9998531,12852.856454903978,5.999118447303772,6599.030292034149,19451.88674693813,0.0,0
0,1,1,0,0,1,1,20,190.0740812821692,1.0,1,1.8074798748030527,0.7333866539184257,1,3,0.9984737,0.0015262961,1790.0740812821691,0.0015262961387634277,1.6789257526397705,1791.753007034809,0.0,2
0,1,1,1,1,1,0,23,122.76556262715756,1.0,1,0.0,0.0,1,0,0.9287156,0.07128441,1722.7655626271576,0.07128441333770752,78.41285467147827,1801.1784172986358,0.0,3
1,1,0,1,1,1,1,31,136.05228375480957,1.0,4,1.4856109926481058,1.654889683112862,0,2,0.007896773,0.9921032,5036.05228375481,0.9921032190322876,1091.3135409355164,6127.365824690326,0.0,3
1,1,0,0,1,6,1,28,45.61541893896639,6.0,2,2.1915054364217745,2.1711176162150445,0,2,0.025617769,0.9743822,2745.6154189389663,5.846293330192566,6430.9226632118225,9176.53808215079,0.0,0
1,1,1,1,1,12,1,25,203.3508544774926,12.0,4,1.2151713021490944,1.152487234397584,0,1,0.00037410273,0.9996259,5103.350854477492,11.995511054992676,13195.062160491943,18298.413014969436,0.0,1
0,1,1,1,1,12,1,26,230.243479115324,10.0,1,2.343401028958105,2.2776425258156507,0,1,0.032303877,0.96769613,1830.243479115324,9.676961302757263,10644.65743303299,12474.900912148314,2.0,1
0,1,1,1,0,6,1,31,8.256842466747372,5.0,1,1.1544163099049327,1.0272083050244312,0,3,0.024356596,0.9756434,1608.2568424667475,4.878216981887817,5366.038680076599,6974.295522543347,1.0,2
1,1,1,1,1,12,0,24,126.40422568303823,10.0,1,1.5956728115208942,1.627901886857026,0,1,0.03479125,0.96520877,1726.4042256830382,9.652087688446045,10617.29645729065,12343.700682973687,2.0,1
0,1,1,1,0,1,1,26,103.81468566076916,1.0,0,2.3915084315247177,2.1069020343001217,1,3,0.97552705,0.024472952,603.8146856607691,0.024472951889038086,26.920247077941895,630.734932738711,0.0,2
0,1,0,0,1,12,0,28,112.79570178125988,11.0,3,2.67232521578028,2.753441855174416,0,1,0.00063419435,0.9993658,3912.79570178126,10.993023872375488,12092.326259613037,16005.121961394298,1.0,0
1,1,0,0,1,1,1,30,181.09516988748263,1.0,1,0.0,0.0,0,0,0.17328668,0.8267133,1781.0951698874826,0.8267133235931396,909.3846559524536,2690.479825839936,0.0,3
0,1,0,1,0,1,1,33,175.1347212433519,1.0,2,2.468283199089197,2.5301399405370475,0,3,0.0037007001,0.9962993,2875.134721243352,0.9962993264198303,1095.9292590618134,3971.0639803051654,0.0,2
0,1,1,1,1,12,1,31,56.87989785434846,9.0,5,2.834753583941441,2.914802134756083,0,1,9.495256e-05,0.99990505,6056.879897854348,8.999145448207855,9899.05999302864,15955.93989088299,3.0,1
1,1,1,1,1,12,0,31,170.01077527272795,11.0,2,0.1135925577652277,0.1369201995189266,0,1,0.0006697723,0.9993302,2870.010775272728,10.992632448673248,12091.895693540573,14961.9064688133,1.0,1
0,1,1,1,1,1,1,35,144.9097386520961,1.0,11,4.091156208338785,4.146970017142508,0,2,0.0003454771,0.99965453,12744.909738652095,0.9996545314788818,1099.61998462677,13844.529723278865,0.0,0
0,1,0,1,1,1,0,35,100.99581135907572,1.0,0,2.1642537915412974,2.2682187291879488,0,2,0.04625319,0.9537468,600.9958113590757,0.9537467956542969,1049.1214752197266,1650.1172865788021,0.0,0
0,1,0,0,1,6,0,23,224.4396361703711,6.0,5,0.5107395441385305,0.3548362036858456,0,0,0.0029699423,0.9970301,6224.439636170371,5.98218047618866,6580.398523807526,12804.838159977897,0.0,3
1,1,0,0,1,6,0,25,155.13400658534218,6.0,3,1.0536781663559929,1.2273668353696006,0,0,0.031415783,0.96858424,3955.1340065853424,5.811505436897278,6392.655980587006,10347.789987172348,0.0,3
1,1,0,0,1,1,0,25,40.20066426097674,1.0,0,1.819385027195444,0.2579132632306358,1,0,0.99998987,1.013279e-05,540.2006642609767,1.0132789611816406e-05,0.011146068572998047,540.2118103295497,0.0,3
0,1,1,1,1,12,1,27,162.21924506461966,12.0,5,0.9959345375641266,0.9639098486729828,0,1,0.00010683987,0.9998932,6162.21924506462,11.99871826171875,13198.590087890625,19360.809332955243,0.0,1
0,1,0,0,0,1,1,28,96.07559943254248,1.0,1,0.7517248765974935,0.0,1,3,0.9972119,0.0027881265,1696.0755994325425,0.0027881264686584473,3.066939115524292,1699.1425385480668,0.0,2
1,1,0,0,1,1,1,25,56.104113757746106,1.0,2,2.1381470236410243,2.6644324976769163,1,2,0.68054956,0.31945044,2756.1041137577463,0.3194504380226135,351.3954818248749,3107.499595582621,0.0,0
0,0,1,1,1,1,0,31,140.1850287450275,1.0,6,1.4580268558791445,1.3224997555522156,0,0,0.010472248,0.98952776,7240.185028745028,0.9895277619361877,1088.4805381298065,8328.665566874835,0.0,3
0,0,0,0,1,6,1,33,75.1132070309704,6.0,6,2.0531053863468323,2.1177935106200168,0,2,0.00029420585,0.9997058,7175.11320703097,5.998234748840332,6598.058223724365,13773.171430755336,0.0,0
0,1,0,0,1,6,0,30,217.2522405284329,6.0,2,0.8844168480401784,0.8805690047689371,0,0,0.01775387,0.98224616,2917.252240528433,5.893476963043213,6482.824659347534,9400.076899875967,0.0,3
0,1,1,1,0,1,0,30,44.31496208485044,1.0,5,1.027639682606033,0.9474704222021376,1,3,0.52780026,0.47219974,6044.314962084851,0.4721997380256653,519.4197118282318,6563.734673913083,0.0,2
1,1,1,1,1,1,1,33,162.01467220624193,1.0,3,2.4696761992144904,2.6326625378083848,0,2,0.0031028576,0.99689716,3962.014672206242,0.9968971610069275,1096.5868771076202,5058.601549313862,0.0,1
1,0,0,0,1,1,0,35,186.9368810421448,1.0,6,2.518738436842301,2.55857450230118,0,2,0.0007575705,0.9992424,7286.936881042145,0.9992424249649048,1099.1666674613953,8386.103548503539,0.0,0
0,0,1,0,1,6,0,30,24.620589027716235,5.0,2,0.0,0.0,0,0,0.07970556,0.92029446,2724.620589027716,4.601472318172455,5061.6195499897,7786.240139017416,1.0,3
1,1,1,1,1,12,0,31,284.1227327396685,11.0,2,1.4730187372671086,1.5221577932381405,0,1,0.0012949655,0.998705,2984.1227327396687,10.985755324363708,12084.33085680008,15068.453589539748,1.0,1
0,1,1,1,1,6,1,26,158.35892321141986,6.0,9,0.8567992130461721,1.0145136944332007,0,1,0.00044612735,0.99955386,10558.35892321142,5.997323155403137,6597.055470943451,17155.41439415487,0.0,1
1,1,0,0,1,12,1,27,90.72630335169208,12.0,2,2.9253438672453544,2.6091608129353587,0,1,0.0049284375,0.9950716,2790.726303351692,11.940859079360962,13134.944987297058,15925.67129064875,0.0,0
1,1,0,1,1,12,1,33,97.53755182623276,12.0,0,4.034458165917387,4.005640883870135,0,1,0.00089060934,0.9991094,597.5375518262327,11.989312648773193,13188.243913650513,13785.781465476746,0.0,0
1,0,0,0,1,12,0,28,351.6337919164846,12.0,3,2.1765539279490667,2.17991264609627,0,1,0.00036957551,0.99963045,4151.633791916484,11.995565414428711,13195.121955871582,17346.755747788065,0.0,0
1,1,0,0,1,1,0,26,153.2601541945045,1.0,1,1.84884661817468,2.263137296019024,1,0,0.87528837,0.12471163,1753.2601541945046,0.12471163272857666,137.18279600143433,1890.442950195939,0.0,3
1,1,0,0,1,6,1,31,61.49936612542719,6.0,2,3.0829967748481617,3.1598812463880668,0,2,0.0029921604,0.99700785,2761.499366125427,5.982047080993652,6580.251789093018,9341.751155218444,0.0,0
0,1,1,1,1,6,0,26,145.14610871452442,6.0,0,1.5328905173550424,0.6966266752975576,1,0,0.99852127,0.0014787316,645.1461087145244,0.008872389793395996,9.759628772735596,654.90573748726,0.0,1
1,0,1,0,1,1,0,27,127.67215166173555,1.0,1,1.6560102572254118,1.707497645437032,1,0,0.75301033,0.24698967,1727.6721516617356,0.2469896674156189,271.6886341571808,1999.3607858189164,0.0,3
1,1,1,1,1,1,0,27,234.83193616059845,1.0,3,2.2285156814325955,2.1923930097726747,0,2,0.04785513,0.95214486,4034.8319361605986,0.9521448612213135,1047.3593473434448,5082.191283504044,0.0,1
1,1,0,0,1,1,0,25,128.58725174340694,1.0,1,0.4084000719604137,0.4280222570492068,0,0,0.49312323,0.50687677,1728.587251743407,0.5068767666816711,557.5644433498383,2286.1516950932455,0.0,3
1,1,1,1,1,12,1,33,42.635200625092565,12.0,2,5.079241818217404,4.976679932267676,0,1,0.000108129345,0.9998919,2742.6352006250927,11.99870252609253,13198.572778701782,15941.207979326875,0.0,0
0,0,1,0,1,6,0,30,85.82188753498224,6.0,4,3.7977964399899418,3.8294855970433255,0,2,0.00046995678,0.99953,4985.821887534982,5.997180104255676,6596.898114681244,11582.720002216225,0.0,0
1,1,0,0,1,1,1,32,184.7793438740406,1.0,2,2.5410211154611577,2.445104269504688,0,2,0.009480383,0.99051964,2884.7793438740405,0.990519642829895,1089.5716071128845,3974.350950986925,0.0,0
0,1,0,0,1,1,1,31,145.1677921153934,1.0,5,1.7952993110881346,1.6982453703064568,0,2,0.0021571212,0.9978429,6145.167792115393,0.9978429079055786,1097.6271986961365,7242.79499081153,0.0,0
0,1,0,0,1,1,1,28,434.5303324545514,1.0,3,0.5620886348973031,0.3928964439180071,0,0,0.0050096237,0.99499035,4234.530332454551,0.994990348815918,1094.4893836975098,5329.019716152061,0.0,3
1,1,1,0,1,1,0,31,74.74029824027613,1.0,3,1.1033979796218374,0.9508183634001384,0,0,0.2596965,0.7403035,3874.740298240276,0.7403035163879395,814.3338680267334,4689.07416626701,0.0,3
0,1,1,0,1,12,0,30,176.3363948758738,8.0,6,2.165110621946571,2.1920769944248844,0,1,0.00026705905,0.9997329,7276.336394875874,7.997863292694092,8797.649621963501,16073.986016839375,4.0,1
1,1,1,1,1,6,0,28,341.22706403445693,6.0,2,1.2620245295152812,1.0578198160002763,0,1,0.15679853,0.84320146,3041.227064034457,5.0592087507247925,5565.129625797272,8606.35668983173,0.0,1
0,1,0,0,1,12,1,23,209.1308658897616,10.0,1,2.2639830069722744,2.3672299948475097,0,1,0.09369056,0.9063094,1809.1308658897615,9.06309425830841,9969.403684139252,11778.534550029013,2.0,0
0,1,1,1,1,1,0,26,219.6261450449739,1.0,2,0.1148628903693342,0.0407645072312134,0,0,0.31875286,0.6812471,2919.626145044974,0.6812471151351929,749.3718266487122,3668.997971693686,0.0,3
0,1,1,1,1,6,0,32,247.0792367058776,6.0,8,2.136044877443442,2.118594717010017,0,1,0.00034711542,0.99965286,9547.079236705878,5.997917175292969,6597.708892822266,16144.788129528144,0.0,1
0,1,0,0,1,1,1,28,233.40441566106145,1.0,5,2.678078618363241,2.6303587059546043,0,2,0.0018969056,0.9981031,6233.404415661062,0.9981030821800232,1097.9133903980255,7331.317806059087,0.0,0
0,1,0,1,1,12,0,28,122.97172688617276,12.0,3,1.3139292622278569,1.4627390022202125,0,1,0.002607135,0.9973929,3922.9717268861727,11.968714714050293,13165.586185455322,17088.557912341494,0.0,1
0,1,0,0,1,1,0,30,136.2189635496585,1.0,0,1.42007162675207,1.3649099217878566,1,0,0.86443895,0.13556105,636.2189635496585,0.1355610489845276,149.11715388298035,785.3361174326388,0.0,3
0,1,0,0,1,1,0,27,223.39998201715144,1.0,16,0.0300240608683926,0.0,0,0,0.004400525,0.99559945,18323.399982017152,0.9955994486808777,1095.1593935489655,19418.559375566118,0.0,3
0,1,0,0,1,12,0,29,204.7461386255205,12.0,6,2.379552667407128,2.3223068915218525,0,1,0.00015765063,0.99984235,7304.746138625521,11.998108148574829,13197.918963432312,20502.665102057832,0.0,0
1,0,1,0,1,1,0,26,198.364039690918,1.0,4,1.4537265557281356,1.5775924037750269,0,0,0.041862354,0.95813763,5098.364039690918,0.9581376314163208,1053.9513945579529,6152.315434248871,0.0,3
1,1,0,0,0,1,0,25,91.18703201789624,1.0,0,1.3975582584614592,1.492952416192538,1,3,0.99088913,0.009110868,591.1870320178963,0.009110867977142334,10.021954774856567,601.2089867927529,0.0,2
1,1,1,0,1,6,1,27,72.34124939627056,6.0,0,0.2820929331256008,0.0,1,0,0.98473984,0.01526016,572.3412493962705,0.091560959815979,100.7170557975769,673.0583051938474,0.0,3
1,1,0,0,1,1,1,26,148.43405221982957,1.0,2,2.955502722139616,2.8892113616592767,0,2,0.07578557,0.9242144,2848.4340522198295,0.9242144227027893,1016.6358649730682,3865.0699171928977,0.0,0
1,1,1,0,1,1,0,32,149.969932310754,1.0,0,2.091131272381229,1.2989937624733368,1,0,0.9915132,0.008486807,649.969932310754,0.008486807346343994,9.335488080978394,659.3054203917324,0.0,3
0,1,1,1,1,1,1,28,68.70262997431657,1.0,3,0.4557992501906467,0.3746152738083589,0,0,0.054259993,0.94574,3868.7026299743166,0.9457399845123291,1040.313982963562,4909.016612937879,0.0,3
1,1,1,0,1,1,0,30,60.77256775103721,1.0,1,0.9177184283402866,0.5556341503369084,1,0,0.90786785,0.09213215,1660.7725677510373,0.09213215112686157,101.34536623954773,1762.117933990585,0.0,3
1,1,0,0,1,12,1,27,185.3798270617195,12.0,3,3.2721159557989634,3.2325545964109645,0,1,0.00010320146,0.9998968,3985.3798270617194,11.998761892318726,13198.638081550598,17184.017908612317,0.0,0
1,1,0,1,1,1,0,26,116.97384774433056,1.0,2,0.5578895202905217,0.0731734155858108,1,0,0.96014893,0.03985107,2816.9738477443307,0.03985106945037842,43.83617639541626,2860.810024139747,0.0,3
0,1,0,0,1,6,1,30,77.14634615889452,6.0,3,3.2111148698792635,3.0865796211824064,0,2,0.00211319,0.99788684,3877.1463461588946,5.9873210191726685,6586.053121089935,10463.199467248829,0.0,0
1,1,1,0,1,1,0,28,32.675114308451576,1.0,1,2.924051488333835,2.5454658196105138,1,2,0.70856255,0.29143745,1632.6751143084516,0.29143744707107544,320.581191778183,1953.2563060866346,0.0,0
0,1,0,0,1,1,0,29,106.77783154917796,1.0,1,1.7647017086630417,1.2866778869109954,1,0,0.922128,0.07787198,1706.777831549178,0.07787197828292847,85.65917611122131,1792.4370076603993,0.0,3
0,1,1,0,1,12,0,33,12.879439319078298,12.0,10,0.9136930918183208,0.9005059607979509,0,1,0.0025092186,0.99749076,11512.879439319078,11.969889163970947,13166.878080368042,24679.75751968712,0.0,1
1,1,0,0,1,1,1,37,400.07504388879096,1.0,1,0.2985447581254748,0.357076600931443,0,0,0.011005238,0.9889948,2000.075043888791,0.9889947772026062,1087.8942549228668,3087.9692988116576,0.0,3
1,0,0,0,1,1,0,24,2.0398125910880083,1.0,0,0.8204759826203519,1.589286651047758,1,0,0.99936455,0.0006354451,502.039812591088,0.0006354451179504395,0.6989896297454834,502.73880222083346,0.0,3
1,0,1,1,1,1,0,24,141.09978646362924,1.0,2,1.5879799703672717,1.0032553063533114,1,0,0.97948974,0.020510256,2841.0997864636292,0.02051025629043579,22.56128191947937,2863.6610683831086,0.0,3
0,0,1,0,1,6,1,31,83.38504665665523,6.0,8,2.4394038959307784,2.322534011583156,0,2,0.00070107216,0.99929893,9383.385046656655,5.995793581008911,6595.372939109802,15978.757985766457,0.0,0
1,1,0,0,1,1,0,28,69.5698502038769,1.0,2,1.2465550209155745,1.242550693563095,0,0,0.36735538,0.63264465,2769.5698502038767,0.6326446533203125,695.9091186523438,3465.4789688562205,0.0,3
0,1,0,0,1,1,0,29,365.711351420288,1.0,7,0.0,0.0,0,0,0.0011108281,0.99888915,8565.711351420288,0.998889148235321,1098.7780630588531,9664.489414479141,0.0,3
1,1,0,0,1,12,1,27,334.4726562273314,7.0,0,3.6848758219547504,3.672932590812016,0,2,0.0020904746,0.99790955,834.4726562273314,6.9853668212890625,7683.903503417969,8518.3761596453,5.0,0
1,1,0,0,1,12,0,29,117.22340439766724,10.0,1,0.6534722893351899,0.6655836882485573,0,1,0.024304276,0.9756957,1717.2234043976673,9.756957292556763,10732.653021812439,12449.876426210107,2.0,3
1,1,0,0,1,1,1,32,207.58317246058232,1.0,7,1.5553912062527764,1.527622515969998,0,2,0.001222479,0.9987775,8407.583172460581,0.9987775087356567,1098.6552596092224,9506.238432069804,0.0,0
1,1,0,0,1,1,0,28,36.24329677378928,1.0,4,3.3474381427336546,3.347092160713467,0,2,0.0024671906,0.9975328,4936.24329677379,0.9975327849388123,1097.2860634326935,6033.529360206483,0.0,0
1,1,0,0,1,1,1,27,23.77663181020151,1.0,2,1.1297152676644142,0.3673196672401715,1,0,0.9983909,0.001609087,2723.7766318102017,0.0016090869903564453,1.7699956893920898,2725.546627499594,0.0,3
1,1,0,0,1,1,0,32,135.7567220684424,1.0,2,2.579025242260892,2.4760556306138297,0,2,0.017798537,0.98220146,2835.7567220684423,0.9822014570236206,1080.4216027259827,3916.178324794425,0.0,0
0,1,0,0,1,1,0,26,47.199104046527474,1.0,1,2.691317632897715,2.1487666067726887,1,2,0.96123374,0.038766265,1647.1991040465275,0.03876626491546631,42.64289140701294,1689.8419954535404,0.0,3
1,1,1,1,1,12,0,30,124.22886572895828,11.0,11,2.8211008895730605,2.809569525621033,0,1,5.729917e-05,0.9999427,12724.22886572896,10.99936991930008,12099.306911230087,24823.53577695905,1.0,1
0,1,1,1,1,12,1,27,242.85441083159645,11.0,2,0.5835302843440207,0.5677511538961516,0,1,0.001197222,0.9988028,2942.8544108315964,10.986830592155457,12085.513651371002,15028.368062202599,1.0,1
0,1,1,1,1,1,1,32,30.50465946099804,1.0,5,2.4426190106135484,2.3011395628263265,0,2,0.011211236,0.9887888,6030.5046594609985,0.9887887835502625,1087.6676619052887,7118.172321366287,0.0,1
1,1,0,1,1,1,0,28,173.53447937566432,1.0,2,2.503405614355957,2.5477677849211133,0,2,0.033581186,0.9664188,2873.5344793756644,0.9664188027381897,1063.0606830120087,3936.595162387673,0.0,0
1,1,1,1,1,12,1,28,99.83755018916386,12.0,5,3.519139127428866,3.477328148733241,0,1,5.741732e-05,0.9999426,6099.837550189164,11.999311208724976,13199.242329597473,19299.079879786637,0.0,1
0,1,0,0,1,1,0,29,88.05093054549322,1.0,0,1.5727191169261816,0.6170368763301111,1,0,0.9992318,0.00076818466,588.0509305454932,0.0007681846618652344,0.8450031280517578,588.895933673545,0.0,3
0,1,1,1,1,1,1,32,216.5309919676316,1.0,1,2.3114353201718285,2.3333015379389934,0,2,0.028638719,0.9713613,1816.5309919676315,0.9713612794876099,1068.4974074363708,2885.0283994040024,0.0,1
0,1,0,0,0,6,0,28,273.4658893686528,6.0,2,0.0,0.0,0,3,0.12379894,0.87620103,2973.465889368653,5.257206201553345,5782.926821708679,8756.392711077333,0.0,2
0,0,1,0,1,1,0,27,11.317388628210525,1.0,5,2.3391744768263574,2.4292017946466413,0,0,0.0037155326,0.9962845,6011.31738862821,0.9962844848632812,1095.9129333496094,7107.23032197782,0.0,3
0,1,1,1,1,6,0,27,8.790507807167215,5.0,0,2.2933762847657166,1.8314005799133923,1,1,0.9781676,0.021832407,508.7905078071672,0.10916203260421753,120.07823586463928,628.8687436718064,1.0,1
0,1,0,1,0,12,1,29,148.15396249389312,11.0,2,1.5936486307484132,1.4306243317287026,0,3,0.0066313082,0.9933687,2848.1539624938932,10.927055537700653,12019.761091470718,14867.91505396461,1.0,2
1,1,0,0,1,1,1,34,356.2089726515053,1.0,6,2.69444777853898,2.8233662068826826,0,2,9.4128845e-05,0.9999059,7456.208972651505,0.9999058842658997,1099.8964726924896,8556.105445343994,0.0,0
0,1,1,1,1,12,1,35,76.98991432893263,12.0,2,1.4277841850498394,1.2557653682321923,0,1,0.0009975543,0.99900246,2776.9899143289326,11.988029479980469,13186.832427978516,15963.822342307449,0.0,1
0,1,1,1,1,1,0,25,112.66901705544944,1.0,9,1.2691977344836298,1.367309248451578,0,0,0.013775002,0.986225,10512.66901705545,0.9862250089645386,1084.8475098609924,11597.516526916443,0.0,1
0,0,0,0,1,6,1,30,159.7082480456553,6.0,5,2.7898975786191764,2.4168750468773523,1,2,0.0013601409,0.9986399,6159.708248045656,5.991839289665222,6591.023218631744,12750.7314666774,0.0,0
1,1,0,0,1,6,0,29,79.61444772391809,6.0,7,0.0,0.054889036929946,0,0,0.0033661823,0.9966338,8279.614447723918,5.979802966117859,6577.783262729645,14857.397710453562,0.0,3
1,1,0,0,1,1,0,23,326.2912089012649,1.0,6,0.0650750070018071,0.1438529185885907,0,0,0.0020357156,0.99796426,7426.291208901265,0.9979642629623413,1097.7606892585754,8524.05189815984,0.0,3
1,1,0,0,0,1,0,29,222.98092699790368,1.0,1,1.8404730040244992,1.0220867561332867,1,3,0.99436814,0.005631864,1822.9809269979037,0.005631864070892334,6.195050477981567,1829.1759774758852,0.0,2
0,1,1,0,1,6,1,27,35.42584524282299,6.0,2,2.120051302966866,2.128584016431049,0,1,0.041482214,0.9585178,2735.425845242823,5.7511067390441895,6326.217412948608,9061.64325819143,0.0,1
1,1,1,1,1,1,0,31,126.42352423881832,1.0,2,2.3312608077791346,2.34629255362042,0,2,0.04566446,0.9543356,2826.423524238818,0.9543355703353882,1049.769127368927,3876.192651607745,0.0,1
1,0,1,0,1,1,0,26,51.178821926604826,1.0,0,1.6361388911994277,0.619474633972755,1,0,0.9998319,0.0001680851,551.1788219266048,0.00016808509826660156,0.18489360809326172,551.363715534698,0.0,3
1,1,0,0,1,1,1,27,300.1783465739506,1.0,4,1.4660401335768738,1.4210056901513972,0,0,0.014111318,0.98588866,5200.178346573951,0.985888659954071,1084.4775259494781,6284.655872523429,0.0,3
0,1,0,0,0,1,0,28,108.79864840364036,1.0,0,2.1141872809275566,1.905909781340746,1,3,0.97992355,0.020076454,608.7986484036403,0.020076453685760498,22.084099054336548,630.8827474579768,0.0,2
0,0,1,0,1,12,0,27,274.07073587217343,11.0,3,3.2758686027839805,3.325798292954576,0,1,0.00013558102,0.9998644,4074.0707358721734,10.998508393764496,12098.359233140945,16172.42996901312,1.0,0
0,1,0,0,0,1,0,30,118.20225892857636,1.0,0,1.7677465983848524,1.791925212793931,0,3,0.4232414,0.5767586,618.2022589285764,0.576758623123169,634.4344854354858,1252.6367443640622,0.0,2
1,1,1,0,0,12,1,29,214.71837327730384,12.0,1,1.798869084921764,1.6723680291701988,0,3,0.15767655,0.8423234,1814.7183732773037,10.10788106918335,11118.669176101685,12933.38754937899,0.0,2
0,1,0,0,1,1,1,30,142.63128769902087,1.0,0,0.9873424148996526,0.0,1,0,0.9961242,0.003875792,642.6312876990208,0.0038757920265197754,4.263371229171753,646.8946589281926,0.0,3
0,1,0,1,1,6,0,31,91.2169229758522,5.0,12,1.6737452130554389,1.6619478167581454,0,1,0.0007037068,0.9992963,13791.216922975853,4.996481537818909,5496.1296916008,19287.34661457665,1.0,1
0,1,0,0,1,1,0,33,60.202736613653634,1.0,1,1.5591614722775913,1.520916645078994,0,0,0.16132893,0.8386711,1660.2027366136535,0.838671088218689,922.5381970405579,2582.7409336542114,0.0,3
0,0,0,0,1,1,0,31,196.14607823495183,1.0,5,0.5860085132498474,0.5798014873988194,0,0,0.0012095361,0.99879044,6196.146078234952,0.998790442943573,1098.6694872379303,7294.815565472883,0.0,3
0,1,0,0,1,1,0,30,175.8806056540907,1.0,3,0.6787978172084004,0.6002697188155882,0,0,0.03944413,0.96055585,3975.8806056540907,0.9605558514595032,1056.6114366054535,5032.492042259544,0.0,3
0,1,1,0,1,12,0,28,41.220505070255705,12.0,0,2.7061968858403094,2.9140410852987766,0,1,0.02315657,0.9768434,541.2205050702557,11.722121000289917,12894.333100318909,13435.553605389165,0.0,0
0,1,1,0,1,12,1,30,181.1564569876561,12.0,3,3.4746595249777226,3.649549131981433,0,1,0.000101921956,0.9998981,3981.156456987656,11.998776912689209,13198.65460395813,17179.811060945787,0.0,0
0,1,1,0,1,1,0,35,236.6614742090576,1.0,4,4.387361089243203,4.514109860557057,0,2,0.0005568678,0.9994431,5136.661474209058,0.9994431138038635,1099.3874251842499,6236.048899393308,0.0,0
1,1,0,0,1,1,1,33,33.45913033372241,1.0,0,1.8376297278822469,1.4594531269475537,1,0,0.92738825,0.07261175,533.4591303337224,0.0726117491722107,79.87292408943176,613.3320544231542,0.0,3
0,1,0,0,1,1,0,29,60.88597746920245,1.0,5,0.0,0.0,1,0,0.013313486,0.9866865,6060.885977469203,0.9866865277290344,1085.3551805019379,7146.241157971141,0.0,3
1,1,1,1,1,1,0,29,0.3621530981063579,1.0,3,2.994456932379359,2.8101339237488263,0,2,0.01818853,0.98181146,3800.3621530981063,0.9818114638328552,1079.9926102161407,4880.354763314247,0.0,1
1,1,0,0,1,12,1,33,127.24537784103764,12.0,8,1.5303669877365396,1.6335604627188716,0,1,0.00010859805,0.9998914,9427.245377841038,11.99869680404663,13198.566484451294,22625.811862292332,0.0,0
0,1,1,0,1,12,0,33,166.60490109080283,12.0,1,3.1243255266211896,3.1556042413482133,0,1,0.0021091588,0.99789083,1766.6049010908027,11.974689960479736,13172.15895652771,14938.763857618513,0.0,0
1,1,0,0,1,1,0,28,218.9793210101596,1.0,1,1.3981459291021971,0.6555554825077692,1,0,0.99523985,0.004760146,1818.9793210101595,0.004760146141052246,5.236160755157471,1824.215481765317,0.0,3
1,1,0,1,1,1,0,20,274.3483506713299,1.0,2,2.4154705788866284,1.9983183549974144,1,0,0.9635212,0.036478817,2974.34835067133,0.03647881746292114,40.12669920921326,3014.4750498805433,0.0,3
1,0,1,0,1,12,0,34,120.18333187582388,11.0,2,1.6990915113684353,1.7609313381803708,0,1,0.0005998845,0.99940014,2820.183331875824,10.993401527404785,12092.741680145264,14912.925012021087,1.0,1
1,1,0,0,1,1,1,31,60.11956220815193,1.0,1,0.6131568700561877,0.0,1,0,0.94309187,0.05690813,1660.1195622081518,0.05690813064575195,62.59894371032715,1722.718505918479,0.0,3
1,0,0,0,1,1,1,29,76.52833053094884,1.0,15,1.8929664230664576,1.971985664503624,0,2,0.002148159,0.99785185,17076.52833053095,0.9978518486022949,1097.6370334625244,18174.165363993474,0.0,0
0,1,0,0,1,12,0,23,149.70677913223082,12.0,4,0.0,0.0,0,0,0.004647679,0.9953523,5049.706779132231,11.944227933883667,13138.650727272034,18188.357506404263,0.0,3
0,1,1,0,1,12,1,31,136.7500381458801,12.0,6,3.814766281815794,3.723900148458199,0,1,7.209239e-05,0.9999279,7236.75003814588,11.999134540557861,13199.047994613647,20435.79803275953,0.0,0
1,1,0,0,1,1,0,27,62.8018705614254,1.0,3,2.2436853981965545,0.8241910487843356,1,0,0.9989292,0.0010707974,3862.8018705614254,0.0010707974433898926,1.1778771877288818,3863.9797477491543,0.0,3
1,0,1,0,1,1,0,33,134.4534177677098,1.0,1,1.9602161742422912,1.9832295707012269,0,0,0.13118747,0.86881256,1734.4534177677099,0.8688125610351562,955.6938171386719,2690.1472349063815,0.0,3
0,1,0,0,1,6,0,32,60.10700656781641,3.0,7,2.3361785390190906,2.429859983185689,0,2,0.00021348697,0.9997865,8260.107006567816,2.9993594884872437,3299.295437335968,11559.402443903784,3.0,0
1,1,0,0,1,1,1,25,67.54339095080279,1.0,0,1.8504870591264488,1.0575989047127825,1,0,0.99940574,0.0005942583,567.5433909508027,0.0005942583084106445,0.653684139251709,568.1970750900545,0.0,3
0,1,0,0,1,1,0,24,97.0047886835096,1.0,1,1.2845671556335028,0.0,1,0,0.9997161,0.00028389692,1697.0047886835096,0.00028389692306518555,0.3122866153717041,1697.3170752988813,0.0,3
1,1,0,0,1,1,0,28,162.3447885050194,1.0,0,1.0417493364854735,1.257552028707761,1,0,0.9313195,0.068680525,662.3447885050194,0.0686805248260498,75.54857730865479,737.8933658136742,0.0,3
0,0,1,0,1,6,0,25,60.71392668980903,6.0,1,1.7752052973725394,1.2166412357568936,1,0,0.9853544,0.0146455765,1660.713926689809,0.08787345886230469,96.66080474853516,1757.3747314383443,0.0,3
0,1,1,0,1,1,0,34,52.73343816803806,1.0,12,1.5931248794559376,1.5059001965542174,0,2,0.023138016,0.97686195,13752.733438168038,0.9768619537353516,1074.5481491088867,14827.281587276924,0.0,0
0,1,1,0,1,1,0,36,336.7510851222013,1.0,6,2.815382105773825,2.9689805897025776,0,2,0.00020029573,0.9997997,7436.751085122201,0.9997997283935547,1099.7797012329102,8536.530786355112,0.0,0
1,1,1,0,1,6,0,32,18.50820802355298,6.0,1,1.4937862987516466,1.206262543215349,1,0,0.45659608,0.5434039,1618.508208023553,3.2604235410690308,3586.465895175934,5204.974103199487,0.0,3
0,1,1,0,1,6,0,34,242.93877264782373,6.0,5,3.915676188641672,3.8959595111659113,0,2,0.00019328209,0.9998067,6242.9387726478235,5.9988402128219604,6598.7242341041565,12841.66300675198,0.0,0
1,1,1,1,1,6,0,25,30.05628296593905,6.0,4,1.3508005960501654,1.445442536231656,0,1,0.2033571,0.7966429,4930.056282965939,4.779857397079468,5257.843136787415,10187.899419753354,0.0,1
1,1,1,0,1,1,0,24,82.89381613604027,1.0,1,1.4800854280868934,0.5663685891097185,1,0,0.99919516,0.0008048415,1682.8938161360402,0.0008048415184020996,0.8853256702423096,1683.7791418062825,0.0,3
0,1,1,1,1,1,0,32,320.22660390645126,1.0,0,3.0292827945582634,3.1767274310860563,0,2,0.055399403,0.9446006,820.2266039064513,0.9446005821228027,1039.060640335083,1859.2872442415342,0.0,1
1,1,0,0,1,12,1,26,129.4116502426639,12.0,3,3.640010400181312,3.8609181312702647,0,1,0.00012879005,0.9998712,3929.411650242664,11.998454332351685,13198.299765586853,17127.711415829515,0.0,0
1,1,0,0,1,1,0,29,81.78368532117129,1.0,0,1.9632416260490064,1.7212500104952215,1,0,0.92062795,0.07937205,581.7836853211713,0.07937204837799072,87.3092532157898,669.0929385369611,0.0,3
0,0,0,0,1,1,0,33,226.66119583138536,1.0,4,1.3113500553727455,1.4903948467347767,0,0,0.0052950014,0.994705,5126.661195831385,0.9947050213813782,1094.175523519516,6220.836719350901,0.0,3
0,1,1,1,1,6,0,29,273.50845086735444,6.0,4,2.1980122841628784,2.395981753504872,0,1,0.0011797644,0.99882025,5173.508450867354,5.992921471595764,6592.213618755341,11765.722069622694,0.0,1
0,0,1,0,1,6,0,31,293.85146551824766,6.0,4,2.392453905850388,2.4223453680749527,0,2,0.0007584127,0.9992416,5193.851465518248,5.995449542999268,6594.994497299194,11788.845962817442,0.0,0
1,1,0,0,1,1,0,37,247.9638293813684,1.0,3,0.2757694094442691,0.1085474130874055,0,0,0.048088115,0.95191187,4047.963829381368,0.9519118666648865,1047.1030533313751,5095.066882712743,0.0,3
1,1,1,1,1,6,1,29,133.97552399615444,6.0,1,4.0364844490321286,3.96378221704448,0,2,0.0048588766,0.99514115,1733.9755239961544,5.970846891403198,6567.931580543518,8301.907104539672,0.0,1
0,1,0,0,1,1,0,32,215.3953377061472,1.0,2,2.185458833898956,2.039348066593607,0,2,0.05710682,0.9428932,2915.395337706147,0.9428932070732117,1037.1825277805328,3952.57786548668,0.0,0
0,1,1,1,1,12,1,30,256.57689864872896,9.0,7,3.5246299041432567,3.4527153787185703,0,1,3.88887e-05,0.99996114,8456.57689864873,8.999650239944458,9899.615263938904,18356.192162587635,3.0,1
1,1,0,0,1,12,1,27,241.6118669553272,12.0,2,2.8612490552942624,2.747279427487225,0,1,0.0009328355,0.9990672,2941.611866955327,11.988806247711182,13187.6868724823,16129.298739437627,0.0,0
0,1,0,0,1,12,1,27,352.6913514133232,12.0,9,0.0,0.0553424400600378,0,1,5.7659676e-05,0.99994236,10752.691351413323,11.999308347702026,13199.239182472229,23951.930533885552,0.0,3
1,1,0,0,1,1,1,35,76.35621577434405,1.0,7,2.1881896121445155,2.128461929715672,0,2,0.00097539043,0.9990246,8276.356215774344,0.9990246295928955,1098.927092552185,9375.283308326529,0.0,0
0,1,1,1,1,12,1,31,166.22082868938205,4.0,2,2.6548682332427216,2.623629632751136,0,1,0.0038349635,0.99616504,2866.220828689382,3.9846601486206055,4383.126163482666,7249.346992172048,8.0,1
1,1,0,0,1,12,1,29,39.39745457621515,11.0,11,3.2933902120961385,3.133054777226778,0,1,6.312756e-05,0.9999369,12639.397454576216,10.999305665493011,12099.236232042313,24738.63368661853,1.0,0
1,1,0,0,1,1,0,31,149.02020254276212,1.0,7,1.142254181808273,0.982939775281443,0,0,0.0052578137,0.9947422,8349.020202542762,0.994742214679718,1094.2164361476898,9443.236638690452,0.0,3
0,1,0,0,1,1,0,28,26.769980661123647,1.0,1,1.6645288473942672,2.6098635080579973,1,0,0.93492687,0.06507313,1626.7699806611236,0.06507313251495361,71.58044576644897,1698.3504264275725,0.0,3
1,1,0,1,1,1,1,32,83.80809570721925,1.0,3,2.1767184512546773,2.2033105814409906,0,2,0.0070921965,0.9929078,3883.8080957072193,0.9929078221321106,1092.1986043453217,4976.006700052541,0.0,0
1,1,1,1,1,12,1,31,143.42302668106737,9.0,10,1.8533939048007968,2.0463455048737464,0,1,0.00014924964,0.99985075,11643.423026681068,8.998656749725342,9898.522424697876,21541.945451378946,3.0,1
0,1,1,0,1,1,0,31,157.22464472363183,1.0,3,3.5295527472747104,3.3761840027549948,0,2,0.0024079003,0.9975921,3957.2246447236316,0.9975920915603638,1097.3513007164001,5054.575945440032,0.0,0
0,1,1,1,1,6,1,32,230.4929193390112,6.0,9,1.653517720989722,1.5927440641898056,0,1,0.00043276098,0.9995672,10630.49291933901,5.997403264045715,6597.143590450287,17227.6365097893,0.0,1
1,1,0,0,1,1,0,29,51.12015301163513,1.0,2,1.750475741574992,1.0671623050894017,1,0,0.9768137,0.023186326,2751.120153011635,0.023186326026916504,25.504958629608154,2776.625111641243,0.0,3
1,1,0,0,1,6,1,32,115.7542429899104,6.0,10,0.0,0.2099717529747078,0,0,0.00041477766,0.9995852,11615.754242989911,5.997511267662048,6597.262394428253,18213.016637418164,0.0,3
1,1,1,1,1,12,0,30,234.65134152261248,10.0,4,2.7336223438413323,2.754166522443718,0,1,0.00015328854,0.9998467,5134.651341522613,9.998466968536377,10998.313665390015,16132.965006912627,2.0,1
0,1,0,1,0,1,0,30,101.58777941315051,1.0,4,2.382862174672084,2.3271665552793497,0,3,0.0087838825,0.9912161,5001.58777941315,0.9912161231040955,1090.337735414505,6091.925514827655,0.0,2
0,1,0,0,1,1,0,31,26.519392036437512,1.0,6,1.4234940607491595,1.4466485541789644,0,0,0.019187396,0.9808126,7126.519392036437,0.9808126091957092,1078.8938701152802,8205.413262151716,0.0,3
1,1,1,1,1,12,0,31,193.2639415762181,11.0,7,3.1844887246972458,3.2482784436317003,0,1,5.471352e-05,0.9999453,8393.263941576219,10.999398112297058,12099.337923526764,20492.60186510298,1.0,1
1,1,0,0,1,1,0,34,215.7882885847871,1.0,1,2.363757058997204,2.156248176227869,0,2,0.111908354,0.8880916,1815.788288584787,0.8880916237831116,976.9007861614227,2792.68907474621,0.0,0
0,1,1,1,1,6,1,30,147.91791533105504,6.0,20,2.0517347039759355,2.0208166711079567,0,1,0.00039244414,0.99960756,22647.917915331054,5.997645378112793,6597.409915924072,29245.327831255127,0.0,1
0,0,1,0,1,6,1,29,90.87621999546288,6.0,2,1.5494314655467083,1.5732102829265395,0,0,0.038572468,0.9614275,2790.876219995463,5.768565058708191,6345.42156457901,9136.297784574474,0.0,3
0,1,0,0,1,12,1,28,106.90594462868472,8.0,6,2.8571425133076263,2.6993585456285096,0,1,0.00019411319,0.99980587,7206.905944628685,7.998446941375732,8798.291635513306,16005.19758014199,4.0,0
1,1,0,0,1,1,0,29,50.38736954390106,1.0,0,1.0929730152367387,0.3037661134681306,1,0,0.9996997,0.0003002882,550.3873695439011,0.00030028820037841797,0.33031702041625977,550.7176865643173,0.0,3
0,1,0,0,1,1,0,25,178.59872698371242,1.0,0,1.8379875375457468,1.883401888684808,1,0,0.9749892,0.025010824,678.5987269837124,0.02501082420349121,27.511906623840332,706.1106336075527,0.0,3
1,1,0,1,1,1,1,36,172.74230275005797,1.0,3,2.63548484344582,2.6270144241174664,0,2,0.0039673094,0.9960327,3972.742302750058,0.99603271484375,1095.635986328125,5068.378289078183,0.0,0
0,1,1,1,1,12,0,31,58.46242449426983,11.0,7,3.6456327755355966,3.707729219551648,0,1,5.6208763e-05,0.9999438,8258.46242449427,10.999381721019745,12099.31989312172,20357.782317615987,1.0,1
0,1,1,1,1,1,0,31,40.98716320990478,1.0,9,1.7911139338773914,1.8410285739420973,0,2,0.00437537,0.9956246,10440.987163209904,0.9956246018409729,1095.1870620250702,11536.174225234974,0.0,1
1,1,0,0,1,6,1,28,156.90784222392753,5.0,2,4.8447712169425206,4.925904912837572,0,2,0.0012390593,0.99876094,2856.9078422239277,4.993804693222046,5493.1851625442505,8350.093004768178,1.0,0
1,1,1,1,1,12,0,31,115.73552304187808,11.0,1,1.7048519540088949,1.7695725401707,0,1,0.005711057,0.9942889,1715.735523041878,10.937178134918213,12030.895948410034,13746.631471451912,1.0,1
1,1,0,0,1,1,1,30,352.1114667800297,1.0,1,1.0977745665463556,1.2923345863658393,0,0,0.014617436,0.98538256,1952.1114667800298,0.9853825569152832,1083.9208126068115,3036.0322793868413,0.0,3
0,1,0,0,1,12,1,35,178.79730690797925,9.0,23,2.5240028389071982,2.5255009643838875,0,1,4.3621658e-05,0.99995637,25978.797306907978,8.99960732460022,9899.568057060242,35878.365363968216,3.0,0
0,1,1,1,1,12,0,31,78.27333857851222,9.0,0,1.3921474748532452,1.5856672742380074,0,1,0.024940172,0.9750598,578.2733385785123,8.775538265705109,9653.09209227562,10231.365430854132,3.0,1
0,1,1,0,1,1,0,29,275.6548794867922,1.0,6,2.7806712471827537,2.9974335408076387,0,2,0.0018493122,0.9981507,7375.654879486792,0.9981507062911987,1097.9657769203186,8473.62065640711,0.0,0
0,0,0,0,1,1,1,25,120.34990748211408,1.0,3,1.742737999021979,1.2144111697288529,1,0,0.94356394,0.05643606,3920.349907482114,0.05643606185913086,62.079668045043945,3982.429575527158,0.0,3
0,1,1,1,1,1,0,30,21.54385391049153,1.0,6,1.8646824963110744,1.885114790507629,0,0,0.005494361,0.99450564,7121.543853910492,0.9945056438446045,1093.956208229065,8215.500062139556,0.0,1
1,1,0,0,1,1,0,27,48.959142793110246,1.0,1,2.860397814928282,2.8436333508669334,0,2,0.17778781,0.8222122,1648.9591427931102,0.8222122192382812,904.4334411621094,2553.3925839552194,0.0,0
0,1,1,0,1,12,0,32,7.231454178084108,12.0,2,3.469823437383881,3.5052618897655163,0,1,9.985269e-05,0.99990016,2707.2314541780843,11.998801946640015,13198.682141304016,15905.9135954821,0.0,0
0,1,1,0,1,1,1,27,151.8482204175413,1.0,12,4.226185337552264,4.185463279471092,0,2,0.0002734405,0.99972653,13851.848220417542,0.9997265338897705,1099.6991872787476,14951.54740769629,0.0,0
1,1,0,0,1,1,0,27,308.87606242253537,1.0,0,1.864253920776328,1.8150926315786933,1,0,0.7721112,0.22788882,808.8760624225354,0.227888822555542,250.6777048110962,1059.5537672336316,0.0,3
1,1,1,0,1,12,1,30,4.774297407951039,12.0,2,2.0346186213206203,1.950272928651504,0,1,0.0034050257,0.99659497,2704.774297407951,11.959139585494995,13155.053544044495,15859.827841452447,0.0,1
1,1,1,0,1,1,1,29,143.80779542573657,1.0,3,0.7111804902842459,0.741214814842256,0,0,0.026674319,0.97332567,3943.8077954257365,0.9733256697654724,1070.6582367420197,5014.466032167757,0.0,3
0,1,1,0,1,6,0,25,9.992834824755963,5.0,1,3.1380023034833853,3.1213211192051205,1,2,0.7374673,0.2625327,1609.992834824756,1.3126635551452637,1443.92991065979,3053.922745484546,1.0,0
1,1,1,1,1,12,0,25,228.04075987821324,10.0,7,2.3849150968920485,2.4216546382688326,0,1,0.00015128193,0.9998487,8428.040759878213,9.9984872341156,10998.33595752716,19426.376717405372,2.0,1
1,1,1,1,1,12,1,38,37.3715913421149,9.0,9,1.9592987715692312,1.807746923105699,0,1,0.00036720777,0.9996328,10437.371591342115,8.99669498205185,9896.364480257034,20333.73607159915,3.0,1
1,0,1,0,1,1,0,30,119.8671636547936,1.0,0,2.8549268951265514,3.046368797355006,1,2,0.74595815,0.25404185,619.8671636547936,0.254041850566864,279.4460356235504,899.313199278344,0.0,0
1,1,1,1,1,12,1,35,43.53476353898952,12.0,6,2.7335111497151168,2.5942307582409003,0,1,0.000242898,0.9997571,7143.53476353899,11.997085332870483,13196.793866157532,20340.328629696523,0.0,1
1,1,0,1,1,6,1,32,169.9852483119726,6.0,1,3.504664552284362,3.686428116450616,0,2,0.001547819,0.9984522,1769.9852483119726,5.990713119506836,6589.7844314575195,8359.769679769492,0.0,0
0,1,0,0,1,1,1,26,334.4948731619128,1.0,8,0.1853763867987732,0.2786450193856619,0,0,0.00040457115,0.9995954,9634.494873161913,0.9995954036712646,1099.554944038391,10734.049817200304,0.0,3
1,1,1,1,1,6,0,24,20.977590030783123,6.0,5,1.6974206190558183,1.6652490216914462,0,1,0.041072134,0.95892787,6020.977590030783,5.753567218780518,6328.923940658569,12349.901530689353,0.0,1
1,1,1,1,1,12,1,28,184.95496123983705,12.0,1,3.41575825539614,3.654250717314641,0,1,0.0007977818,0.9992022,1784.954961239837,11.990426301956177,13189.468932151794,14974.423893391631,0.0,1
1,0,0,0,1,1,0,33,197.0895662900957,1.0,2,1.518531612399193,1.459388850631853,0,0,0.09080928,0.9091907,2897.0895662900957,0.9091907143592834,1000.1097857952118,3897.1993520853075,0.0,3
1,1,0,0,1,1,1,29,48.34531006939388,1.0,3,0.7031422809622803,0.7687617020894789,0,0,0.103759244,0.8962408,3848.3453100693937,0.896240770816803,985.8648478984833,4834.2101579678765,0.0,3
0,1,0,0,1,1,1,24,43.96998860256199,1.0,9,2.503552423084539,2.496937404740499,0,2,0.0043514934,0.9956485,10443.969988602563,0.9956485033035278,1095.2133536338806,11539.183342236443,0.0,0
1,1,1,1,1,1,1,34,71.54279786512949,1.0,2,4.248851062657368,4.36427770383163,0,2,0.001319634,0.99868035,2771.5427978651296,0.9986803531646729,1098.5483884811401,3870.0911863462698,0.0,0
0,1,1,0,1,1,0,27,91.1787201935725,1.0,5,2.3480422317117338,2.3089472541217884,0,2,0.00393749,0.9960625,6091.178720193572,0.9960625171661377,1095.6687688827515,7186.847489076324,0.0,0
0,1,0,0,1,1,1,30,169.01137084506274,1.0,9,2.537157021157041,2.4518853375074303,0,2,0.00051282585,0.99948716,10569.011370845063,0.9994871616363525,1099.4358777999878,11668.44724864505,0.0,0
0,1,0,0,1,1,1,33,336.2258693715655,1.0,2,0.6616601312509929,0.5168130531085584,0,0,0.021649959,0.97835004,3036.2258693715658,0.978350043296814,1076.1850476264954,4112.410916998061,0.0,3
1,1,0,1,1,6,0,28,284.0466649083009,6.0,6,1.0055933643948818,0.9523102743323476,0,0,0.0039592036,0.9960408,7384.046664908301,5.976244926452637,6573.8694190979,13957.916084006201,0.0,3
0,1,1,0,1,12,0,21,170.05296906793228,12.0,0,2.2846703759371243,2.0834537196581406,1,1,0.9436345,0.05636549,670.0529690679323,0.6763858795166016,744.0244674682617,1414.077436536194,0.0,1
1,1,0,0,1,1,0,26,290.2489636475188,1.0,5,1.5199311880784991,1.661034614903157,0,0,0.0022601385,0.99773985,6290.248963647518,0.997739851474762,1097.5138366222382,7387.762800269757,0.0,3
1,1,1,1,1,12,1,31,173.5511302976902,5.0,3,3.0001626013317138,3.111820360755127,0,1,0.0019947847,0.9980052,3973.55113029769,4.99002605676651,5489.028662443161,9462.579792740851,7.0,1
1,0,0,0,1,1,1,31,534.2561818694521,1.0,2,2.325127983689414,2.26724085798868,0,2,0.005909951,0.99409,3234.256181869452,0.9940900206565857,1093.4990227222443,4327.755204591696,0.0,0
1,1,1,0,1,1,0,26,92.67190306702032,1.0,2,0.7749876774809344,0.0,1,0,0.9979966,0.0020033717,2792.67190306702,0.0020033717155456543,2.2037088871002197,2794.8756119541204,0.0,3
1,1,1,0,0,6,0,31,141.16015316800176,6.0,3,1.7046360639506883,1.8013059352390686,0,3,0.012059806,0.9879402,3941.1601531680017,5.927641153335571,6520.405268669128,10461.565421837131,0.0,2
1,1,1,1,1,6,1,30,187.8320617699841,6.0,3,1.8748207910372243,1.822118189204959,0,1,0.0047203917,0.9952796,3987.832061769984,5.971677660942078,6568.845427036285,10556.67748880627,0.0,1
0,1,0,0,1,1,0,25,168.31359762674924,1.0,0,0.935406948294018,0.3622837103720716,1,0,0.99924964,0.0007503629,668.3135976267492,0.0007503628730773926,0.8253991603851318,669.1389967871344,0.0,3
1,1,1,1,1,1,0,36,210.0790247156144,1.0,3,2.273008962805448,2.2658096950035285,0,2,0.007280557,0.9927195,4010.079024715614,0.9927194714546204,1091.9914186000824,5102.070443315697,0.0,1
0,0,1,0,1,6,0,28,128.57894136495872,6.0,1,2.183966233285976,2.301610958666575,1,0,0.31249398,0.687506,1728.5789413649586,4.125036120414734,4537.539732456207,6266.118673821165,0.0,3
0,1,0,0,1,12,0,26,41.4372718797149,6.0,1,1.6715906964320733,1.7027748326841106,1,0,0.6842766,0.31572342,1641.437271879715,1.8943405151367188,2083.7745666503906,3725.2118385301055,6.0,1
1,1,0,0,1,1,0,35,203.63778436292665,1.0,1,2.342536816464333,2.315428997813373,0,2,0.057938527,0.9420615,1803.6377843629266,0.9420614838600159,1036.2676322460175,2839.905416608944,0.0,0
0,1,1,1,0,12,0,27,260.6426671024405,12.0,3,0.7580531670061232,0.6326216596426009,0,3,0.0029238167,0.99707615,4060.6426671024406,11.964913845062256,13161.405229568481,17222.047896670923,0.0,2
1,0,0,0,1,1,1,31,52.25241656649904,1.0,0,1.943065457994348,1.8124052408348508,1,0,0.79475254,0.20524746,552.252416566499,0.20524746179580688,225.77220797538757,778.0246245418866,0.0,3
1,1,1,0,1,1,1,33,149.92265198249467,1.0,0,0.545473098928652,0.4835239749218715,0,0,0.17106347,0.8289365,649.9226519824947,0.8289365172386169,911.8301689624786,1561.7528209449733,0.0,3
1,1,1,1,1,6,1,30,252.5022066742038,6.0,6,1.7473773429498396,1.752409449174224,0,1,0.0006562884,0.9993437,7352.502206674204,5.996062159538269,6595.668375492096,13948.1705821663,0.0,1
0,1,1,1,1,6,1,35,384.40920282059614,6.0,1,0.9792356164031222,0.9632919497773934,0,1,0.0043781484,0.99562186,1984.4092028205962,5.973731160163879,6571.104276180267,8555.513479000863,0.0,1
0,1,1,1,1,1,0,29,216.6928323270664,1.0,3,3.1472797534265124,3.1247433202666413,0,2,0.0028788422,0.99712116,4016.6928323270663,0.9971211552619934,1096.8332707881927,5113.526103115259,0.0,1
0,1,0,0,1,12,0,31,147.36510432589472,12.0,6,1.7147384548541813,1.6232025592947268,0,1,0.0002937787,0.9997062,7247.365104325895,11.996474504470825,13196.121954917908,20443.487059243802,0.0,0
0,1,1,1,1,1,1,29,37.958713834695104,1.0,8,2.770844775546217,2.6362822561857504,0,2,0.008593111,0.9914069,9337.958713834694,0.9914069175720215,1090.5476093292236,10428.506323163918,0.0,1
0,1,1,1,1,1,0,29,311.1339598335244,1.0,6,0.6468085385552744,0.6186102058610936,0,0,0.0015709148,0.99842906,7411.133959833524,0.9984290599822998,1098.2719659805298,8509.405925814055,0.0,1
1,1,1,1,1,6,0,30,29.49392247232273,6.0,6,2.2853153237217683,2.389732362807542,0,1,0.002723845,0.9972761,7129.493922472323,5.9836567640304565,6582.022440433502,13711.516362905826,0.0,1
0,1,0,1,1,1,1,31,314.00229784570683,1.0,7,3.57981178530531,3.5917924430454664,0,2,0.00014538254,0.9998546,8514.002297845707,0.9998546242713928,1099.840086698532,9613.84238454424,0.0,0
0,1,1,1,1,12,0,33,237.37653218894408,12.0,3,1.3535745489466648,1.4217934978408018,0,1,0.0008454113,0.99915457,4037.376532188944,11.98985481262207,13188.840293884277,17226.21682607322,0.0,1
1,1,1,0,1,1,0,31,176.67330033160272,1.0,11,3.4229193577038384,3.455214796746353,0,2,0.00037080594,0.9996292,12776.673300331602,0.9996291995048523,1099.5921194553375,13876.26541978694,0.0,0
0,1,0,0,1,1,1,27,89.73072961434883,1.0,1,1.6721762049911555,1.7777851100360729,1,0,0.66974294,0.33025706,1689.7307296143488,0.3302570581436157,363.2827639579773,2053.0134935723263,0.0,3
1,1,1,0,1,12,0,33,170.9885087875038,12.0,7,1.312776751985147,1.4500723677238332,0,1,0.00023707315,0.99976295,8370.988508787505,11.99715542793274,13196.870970726013,21567.859479513518,0.0,1
0,0,0,0,1,1,0,30,35.68910373061878,1.0,2,2.248898689755588,2.3113550078902434,0,0,0.07177651,0.9282235,2735.6891037306186,0.9282234907150269,1021.0458397865295,3756.734943517148,0.0,3
1,1,1,0,1,12,0,33,3.351133579333564,11.0,1,1.3167585652387226,1.2128605286106593,0,1,0.027364094,0.9726359,1603.3511335793335,10.698995172977448,11768.894690275192,13372.245823854526,1.0,1
1,1,0,0,1,1,0,28,32.029892399865886,1.0,15,3.731020336086362,3.809599535381705,0,2,0.0006684083,0.9993316,17032.029892399867,0.9993315935134888,1099.2647528648376,18131.294645264705,0.0,0
1,1,0,0,1,6,1,30,212.5601275351078,6.0,2,2.230868037977302,2.266767570506369,0,2,0.006866499,0.9931335,2912.5601275351078,5.958800911903381,6554.6810030937195,9467.241130628827,0.0,0
0,0,0,0,1,1,0,25,194.2244204893001,1.0,0,1.2665659212187124,0.5527022987052969,1,0,0.9991597,0.0008403063,694.2244204893001,0.000840306282043457,0.9243369102478027,695.1487573995479,0.0,3
0,0,1,0,1,1,0,28,350.2309668405017,1.0,8,0.7730015144339717,0.8660779554989736,0,0,0.0011569617,0.998843,9650.230966840501,0.9988430142402649,1098.7273156642914,10748.958282504793,0.0,3
1,1,0,0,1,1,0,25,88.34965489665136,1.0,0,1.8692527427455183,1.5678808635472592,1,0,0.999067,0.0009329915,588.3496548966514,0.0009329915046691895,1.0262906551361084,589.3759455517875,0.0,3
1,1,1,0,1,1,1,29,245.50258275904548,1.0,1,1.7660821348587306,1.4597377301362655,1,0,0.78633106,0.21366894,1845.5025827590455,0.21366894245147705,235.03583669662476,2080.53841945567,0.0,3
0,1,1,1,1,12,1,30,41.404023304064296,10.0,5,1.528145565867719,1.3577805856415648,0,1,0.0017346265,0.9982654,6041.404023304064,9.982653856277466,10980.919241905212,17022.323265209277,2.0,1
0,1,0,0,1,1,1,22,64.20313115994179,1.0,0,1.3477081277794043,0.0554023718046605,1,0,0.9997727,0.00022727251,564.2031311599418,0.00022727251052856445,0.2499997615814209,564.4531309215232,0.0,3
0,1,1,1,1,12,0,29,124.62951700988316,10.0,5,2.7466765358188123,2.719588028272077,0,1,0.00019566444,0.9998043,6124.629517009883,9.998043179512024,10997.847497463226,17122.47701447311,2.0,1
1,1,0,1,1,1,0,27,57.16470387904282,1.0,3,2.1711759005118,2.200318681692613,0,2,0.13712059,0.8628794,3857.164703879043,0.8628793954849243,949.1673350334167,4806.33203891246,0.0,3
1,1,1,0,1,12,1,34,177.3318866957959,2.0,11,1.5203591515755743,1.4536363674956148,0,1,0.00069582474,0.9993042,12777.331886695796,1.9986083507537842,2198.4691858291626,14975.801072524959,10.0,1
0,0,1,0,1,1,0,30,265.0723355455302,1.0,3,2.8721422885691528,2.8114392822897263,0,2,0.016763264,0.98323673,4065.07233554553,0.9832367300987244,1081.5604031085968,5146.632738654127,0.0,0
0,1,1,0,1,6,0,26,81.82808294157567,6.0,2,0.0,0.0,1,0,0.6527836,0.34721643,2781.8280829415758,2.0832985639572144,2291.628420352936,5073.456503294512,0.0,3
1,0,0,0,1,1,1,28,210.9343620958154,1.0,2,0.6878035760791017,0.0,1,0,0.9849744,0.015025616,2910.9343620958152,0.015025615692138672,16.52817726135254,2927.4625393571678,0.0,3
1,1,1,0,1,1,1,32,238.7294425929849,1.0,1,1.3466839476599932,1.3843916970473698,0,0,0.07039254,0.92960745,1838.729442592985,0.9296074509620667,1022.5681960582733,2861.2976386512582,0.0,3
0,1,1,1,0,12,1,29,139.46263197080054,12.0,3,3.7097246217996833,3.7016092594859695,0,3,0.00016170809,0.9998383,3939.4626319708004,11.998059511184692,13197.865462303162,17137.328094273962,0.0,2
1,0,0,0,0,1,0,34,70.75214884028384,1.0,12,1.2281051768407254,1.3051988113546853,0,3,0.004287939,0.99571204,13770.752148840284,0.9957120418548584,1095.2832460403442,14866.035394880628,0.0,2
1,0,1,0,1,1,0,27,38.079166621062974,1.0,1,1.6578641747322098,0.7712520849868091,1,0,0.9984169,0.0015830994,1638.079166621063,0.001583099365234375,1.7414093017578125,1639.8205759228208,0.0,3
0,1,1,1,1,12,1,29,68.82402801918195,12.0,2,1.7228431586436743,1.7079531273239938,0,1,0.007632528,0.99236745,2768.824028019182,11.908409357070923,13099.250292778015,15868.074320797197,0.0,1
0,0,0,0,1,6,0,33,145.26880126508846,6.0,3,0.8117554319162408,0.7578959384867778,0,0,0.013887587,0.9861124,3945.2688012650883,5.916674494743347,6508.341944217682,10453.61074548277,0.0,3
1,0,0,0,1,12,0,29,74.39221083118746,8.0,2,2.3868099615676965,2.310855489696817,0,1,0.012605059,0.9873949,2774.3922108311876,7.8991594314575195,8689.075374603271,11463.467585434459,4.0,0
1,1,0,1,0,6,0,36,25.1822023282986,5.0,4,1.1807603401772786,1.1797808119700948,0,3,0.00585284,0.9941472,4925.182202328298,4.9707359075546265,5467.809498310089,10392.991700638388,1.0,2
0,1,1,1,1,12,1,29,108.07113961218984,12.0,10,2.5148108541176866,2.3937434150543737,0,1,0.00011027649,0.99988973,11608.07113961219,11.998676776885986,13198.544454574585,24806.615594186776,0.0,1
1,1,1,1,1,12,0,28,5.219340515827781,10.0,12,3.0750858195502384,3.1298279871210406,0,1,0.00012984299,0.9998702,13705.219340515829,9.998701810836792,10998.571991920471,24703.7913324363,2.0,1
0,1,0,0,1,6,1,30,206.4217911773812,6.0,10,3.1330608251953467,3.0151753064164084,0,2,0.000520423,0.9994796,11706.421791177381,5.996877551078796,6596.565306186676,18302.987097364057,0.0,0
1,1,1,1,1,1,1,27,143.45398646710203,1.0,5,0.5372393110302593,0.4899528853596908,0,0,0.0010158607,0.99898416,6143.453986467102,0.998984158039093,1098.8825738430023,7242.336560310105,0.0,1
1,1,0,0,1,12,1,27,256.6437292721175,9.0,6,0.7563793557614511,0.6560873929019129,0,1,0.0002286662,0.99977136,7356.6437292721175,8.997942209243774,9897.736430168152,17254.38015944027,3.0,1
1,1,1,1,1,12,1,24,398.39514986912553,12.0,4,1.1804068124555358,1.3138990476535286,0,1,0.00012664076,0.99987334,5298.395149869126,11.998480081558228,13198.32808971405,18496.723239583174,0.0,1
1,0,1,1,1,6,0,31,305.4336349791938,6.0,2,2.481952671229573,2.342917413889661,0,1,0.0054327166,0.9945673,3005.433634979194,5.9674036502838135,6564.144015312195,9569.577650291389,0.0,1
0,1,0,0,1,1,0,25,100.80647082971822,1.0,3,2.681434889165532,2.5320910129061303,1,2,0.15361372,0.8463863,3900.8064708297184,0.8463863134384155,931.0249447822571,4831.831415611976,0.0,0
1,1,1,1,1,12,0,28,64.6429133059742,12.0,1,2.555142338625953,2.402152499054508,0,1,0.014574297,0.9854257,1664.6429133059742,11.825108528137207,13007.619380950928,14672.262294256901,0.0,1
1,1,1,1,1,6,0,31,104.26664820081716,4.0,15,1.7125960178211432,1.7306504877437778,0,1,0.0008365589,0.99916345,17104.266648200817,3.9966537952423096,4396.3191747665405,21500.585822967358,2.0,1
1,1,1,1,1,6,1,32,247.39626964490293,5.0,1,1.7176463350671636,1.7548952786641785,0,1,0.006113674,0.99388635,1847.396269644903,4.969431757926941,5466.374933719635,7313.771203364538,1.0,1
1,1,0,0,0,12,1,36,172.28392993362868,10.0,4,2.7839757702408336,3.0332919952623683,0,3,4.6997273e-05,0.99995303,5072.283929933628,9.99953031539917,10999.483346939087,16071.767276872715,2.0,2
1,1,0,0,1,12,1,24,207.6111697092712,11.0,1,1.5860087121556157,1.4899994921147166,0,1,0.033181053,0.9668189,1807.6111697092713,10.635008215904236,11698.50903749466,13506.12020720393,1.0,3
1,1,0,0,1,1,0,26,67.91361202217685,1.0,3,1.9465260467324603,1.9969592918270207,0,0,0.1846005,0.8153995,3867.913612022177,0.8153995275497437,896.939480304718,4764.853092326895,0.0,3
0,1,0,0,1,1,0,29,9.569326533618124,1.0,0,2.3118486331838897,2.2947499851563986,1,2,0.9082956,0.09170443,509.5693265336181,0.09170442819595337,100.8748710155487,610.4441975491668,0.0,3
1,1,0,0,1,6,0,28,143.34347847948953,6.0,1,2.4309729178337443,2.454390298790825,0,2,0.26471344,0.7352866,1743.3434784794895,4.411719560623169,4852.891516685486,6596.234995164976,0.0,0
1,1,1,0,0,1,1,27,157.1239211794612,1.0,16,1.3405941878141852,1.099388660613719,0,3,0.0029499512,0.99705005,18257.12392117946,0.9970500469207764,1096.755051612854,19353.878972792314,0.0,2
1,1,1,1,1,1,0,29,126.02301396024868,1.0,1,2.2390405077907363,1.819948784353548,1,0,0.832647,0.16735297,1726.0230139602486,0.16735297441482544,184.08827185630798,1910.1112858165566,0.0,1
1,1,1,0,1,6,0,29,41.18542875709708,6.0,1,1.9574357800933213,1.961646423680052,0,0,0.3313274,0.66867256,1641.185428757097,4.012035369873047,4413.238906860352,6054.424335617448,0.0,3
0,1,0,0,1,1,0,34,8.739327193274526,1.0,0,2.093033808947472,2.0513868672375706,0,2,0.11860201,0.88139796,508.7393271932745,0.8813979625701904,969.5377588272095,1478.277086020484,0.0,3
1,0,0,0,1,1,1,25,297.17525410701745,1.0,7,1.998146404217724,1.968359844075091,0,2,0.0017093648,0.99829066,8497.175254107018,0.9982906579971313,1098.1197237968445,9595.294977903863,0.0,0
1,1,0,0,1,1,0,22,36.42945536862858,1.0,1,1.80948421598954,1.34011464522016,1,0,0.99798286,0.0020171404,1636.4294553686286,0.0020171403884887695,2.2188544273376465,1638.6483097959663,0.0,3
0,1,1,1,1,12,1,30,429.4690753300995,12.0,3,2.4991153282872527,2.4004919258499737,0,1,0.00024978895,0.9997502,4229.469075330099,11.997002363204956,13196.702599525452,17426.171674855552,0.0,1
0,1,0,0,0,1,1,24,85.76724843702486,1.0,0,0.7861322994298774,0.0,1,3,0.99934036,0.0006596446,585.7672484370248,0.000659644603729248,0.7256090641021729,586.492857501127,0.0,2
0,1,1,1,0,1,0,31,127.80173239259555,1.0,3,2.6329024959610856,2.7054218572901823,0,3,0.015539548,0.9844605,3927.8017323925956,0.9844604730606079,1082.9065203666687,5010.708252759265,0.0,2
1,1,1,1,0,12,1,33,103.22677898351152,11.0,5,1.5641311861109597,1.810101762979288,0,3,0.00023540703,0.9997646,6103.226778983511,10.997410833835602,12097.151917219162,18200.37869620267,1.0,2
0,0,0,0,1,1,0,30,102.34100476285651,1.0,0,0.3776502195900997,0.0,1,0,0.98714787,0.012852132,602.3410047628565,0.012852132320404053,14.137345552444458,616.478350315301,0.0,3
1,1,1,0,1,1,0,29,2.3733692624797555,1.0,1,1.84499776722836,1.4770504338824757,1,0,0.97750187,0.02249813,1602.3733692624799,0.022498130798339844,24.747943878173828,1627.1213131406537,0.0,3
0,1,0,0,1,12,0,27,241.8388734114339,9.0,5,2.529121725981869,2.591788976696319,0,1,0.00011209559,0.9998879,6241.838873411434,8.998990952968597,9898.890048265457,16140.728921676891,3.0,0
0,1,0,0,1,1,1,27,142.8420796884096,1.0,0,2.05612182163883,1.4785684805532198,1,0,0.99411255,0.005887449,642.8420796884096,0.005887448787689209,6.47619366645813,649.3182733548678,0.0,3
1,1,0,0,1,12,1,33,203.25753965952987,12.0,1,3.3133608741558427,3.1949634984467186,0,1,0.00072918256,0.9992708,1803.2575396595298,11.991249561309814,13190.374517440796,14993.632057100325,0.0,0
1,1,0,0,1,1,1,31,273.51656061524966,1.0,5,1.8759328367806576,1.837224131719688,0,2,0.0016552599,0.9983447,6273.51656061525,0.9983447194099426,1098.179191350937,7371.695751966186,0.0,0
0,1,1,0,1,1,1,34,92.43200584140943,1.0,9,3.092172614433641,3.0186286325282827,0,2,0.0012732059,0.9987268,10492.432005841409,0.9987267851829529,1098.5994637012482,11591.031469542657,0.0,0
0,1,0,0,1,1,1,25,143.63329782701388,1.0,1,2.1587574823588995,0.575407252971269,1,0,0.99992824,7.176399e-05,1743.6332978270138,7.176399230957031e-05,0.07894039154052734,1743.7122382185544,0.0,3
0,1,1,0,1,1,0,26,61.51816695249109,1.0,0,3.0750963077172027,2.4259530030718284,1,2,0.9738971,0.0261029,561.5181669524911,0.026102900505065918,28.71319055557251,590.2313575080636,0.0,0
1,1,0,0,1,1,0,26,0.682228209858522,1.0,3,1.5714531090768395,1.6379023914040558,1,0,0.5154757,0.4845243,3800.6822282098583,0.48452430963516235,532.9767405986786,4333.658968808537,0.0,3
1,1,1,1,1,12,0,31,202.98928247042744,12.0,3,3.8740444107823886,3.864964778105651,0,1,8.2852326e-05,0.99991715,4002.9892824704275,11.999005794525146,13198.906373977661,17201.89565644809,0.0,1
0,1,0,0,1,1,0,28,245.42345253470108,1.0,1,0.2999834888698625,0.0,1,0,0.97185826,0.028141737,1845.423452534701,0.02814173698425293,30.955910682678223,1876.3793632173793,0.0,3
1,0,0,0,1,1,0,28,0.9722496017189286,1.0,1,1.1194012695683384,1.3289186798303427,1,0,0.9128452,0.087154806,1600.9722496017189,0.0871548056602478,95.87028622627258,1696.8425358279915,0.0,3
1,1,1,0,1,6,0,26,187.86367891444584,2.0,1,1.0243149075937428,0.3145820263228982,1,0,0.98092616,0.019073844,1787.863678914446,0.038147687911987305,41.962456703186035,1829.826135617632,4.0,3
1,0,1,0,1,1,0,23,80.80762571230339,1.0,1,2.008768853842281,1.8083236020471285,1,0,0.9762295,0.023770511,1680.8076257123034,0.023770511150360107,26.147562265396118,1706.9551879776996,0.0,3
0,1,0,0,1,1,0,31,142.16804942496768,1.0,3,2.6207307410437592,2.5642431988592973,0,2,0.046050258,0.95394975,3942.1680494249676,0.9539497494697571,1049.3447244167328,4991.5127738417,0.0,0
1,1,1,1,1,12,0,26,85.32573271538796,3.0,4,1.766439401394429,1.6757912260736731,0,1,0.020730682,0.9792693,4985.325732715388,2.9378079771995544,3231.58877491951,8216.914507634898,9.0,1
1,1,1,1,1,6,1,35,181.8877308210831,6.0,2,2.5568872608410245,2.5978481452969904,0,1,0.00079317373,0.99920684,2881.887730821083,5.995241045951843,6594.765150547028,9476.65288136811,0.0,1
0,1,1,1,1,12,0,26,165.87698135064218,11.0,10,3.2753136518619828,3.1220953657182053,0,1,3.0766765e-05,0.99996924,11665.876981350642,10.999661684036255,12099.62785243988,23765.504833790525,1.0,1
1,1,1,0,1,1,0,26,429.15177856885714,1.0,1,2.624927715131608,2.718264174199497,0,2,0.031094613,0.9689054,2029.151778568857,0.9689053893089294,1065.7959282398224,3094.9477068086794,0.0,0
0,1,0,0,1,1,0,25,76.8821994811172,1.0,0,1.6867926372849449,1.1377743448871185,1,0,0.9993292,0.0006707907,576.8821994811171,0.0006707906723022461,0.7378697395324707,577.6200692206496,0.0,3
1,1,0,1,1,12,1,32,18.12477837943948,12.0,3,0.5041338973806966,0.4525413274206438,0,1,0.0030199976,0.99698,3818.1247783794397,11.963760137557983,13160.136151313782,16978.26092969322,0.0,1
1,1,0,0,1,1,1,30,21.152365712574166,1.0,6,0.0,0.0,0,0,0.013669392,0.9863306,7121.1523657125745,0.9863306283950806,1084.9636912345886,8206.116056947163,0.0,3
0,1,1,0,1,1,0,26,139.21145185770604,1.0,0,1.6593176791565731,1.473797785971382,1,0,0.98827595,0.011724055,639.211451857706,0.01172405481338501,12.89646029472351,652.1079121524295,0.0,3
1,1,1,1,1,12,0,32,118.22178309048375,11.0,3,4.062009484418188,3.925523592081829,0,1,5.2339194e-05,0.99994767,3918.2217830904838,10.99942433834076,12099.366772174835,16017.58855526532,1.0,1
1,1,1,0,1,12,0,30,114.2608200195456,12.0,10,1.2701346857531433,1.5312135307614327,0,1,0.00013719469,0.9998628,11614.260820019546,11.998353481292725,13198.188829421997,24812.449649441543,0.0,1
0,0,1,0,1,1,0,30,165.61685791308986,1.0,1,2.126841322981253,1.1212046625690797,1,0,0.99404484,0.0059551597,1765.61685791309,0.005955159664154053,6.550675630569458,1772.1675335436594,0.0,3
0,1,0,0,1,1,0,26,25.75320938632356,1.0,0,1.2148703990738197,0.7869952865156074,1,0,0.99818206,0.0018179417,525.7532093863235,0.001817941665649414,1.9997358322143555,527.7529452185379,0.0,3
0,0,0,0,1,1,1,32,169.59923291226568,1.0,2,2.166626974310389,2.1106325590577653,0,2,0.017373303,0.9826267,2869.5992329122655,0.9826266765594482,1080.889344215393,3950.4885771276586,0.0,0
0,0,1,0,1,12,1,32,150.83580617052198,10.0,15,2.730232367317971,2.844504057373562,0,1,4.307098e-05,0.9999569,17150.835806170522,9.999569058418274,10999.525964260101,28150.361770430623,2.0,0
1,1,0,0,1,6,0,26,156.01458133679046,6.0,1,2.201649173707446,1.3554112315189506,1,0,0.9559101,0.044089913,1756.0145813367903,0.2645394802093506,290.99342823028564,2047.008009567076,0.0,3
1,0,1,0,1,1,0,32,88.58310610323385,1.0,3,0.9864569853132372,0.8737505518480998,0,0,0.14015587,0.85984415,3888.583106103234,0.8598441481590271,945.8285629749298,4834.411669078164,0.0,3
1,1,1,1,1,12,1,32,144.75187869057746,12.0,4,1.4012327622946097,1.3610716922962371,0,1,0.00022789811,0.99977213,5044.7518786905775,11.997265577316284,13196.992135047913,18241.74401373849,0.0,1
1,1,0,0,0,1,0,30,193.74897670785447,1.0,2,1.1593904495458058,1.1301102602301756,0,3,0.11732531,0.8826747,2893.7489767078546,0.8826746940612793,970.9421634674072,3864.691140175262,0.0,2
1,1,1,1,1,12,0,29,103.04803191413698,11.0,2,2.6980532347014097,2.7084958678067346,0,1,0.0007537054,0.9992463,2803.048031914137,10.991709291934967,12090.880221128464,14893.9282530426,1.0,1
1,1,0,0,1,1,0,21,232.3065385844048,1.0,0,0.3226210407506422,0.7881732894287704,1,0,0.98669124,0.0133087635,732.3065385844047,0.01330876350402832,14.639639854431152,746.9461784388359,0.0,3
1,1,1,0,1,6,0,34,138.62677849765936,5.0,7,2.0033745473559943,2.0816683583994564,0,2,0.00054987764,0.99945015,8338.626778497659,4.997250735759735,5496.975809335709,13835.602587833368,1.0,0
0,1,0,0,1,1,1,31,210.3011779284616,1.0,1,2.4071789082698003,1.1489517762582384,1,2,0.9983053,0.0016946793,1810.3011779284616,0.0016946792602539062,1.8641471862792969,1812.1653251147409,0.0,3
0,1,0,0,1,6,1,24,134.76619298803806,6.0,0,2.4487576558587287,2.139387814610692,1,2,0.9790967,0.02090329,634.766192988038,0.1254197359085083,137.96170949935913,772.7279024873972,0.0,0
1,1,1,1,1,12,1,29,194.3831646796184,8.0,1,4.545335192003546,4.525254665502667,0,1,0.0028202997,0.9971797,1794.3831646796184,7.977437496185303,8775.181245803833,10569.564410483452,4.0,1
1,1,0,0,1,1,1,34,148.5793841010333,1.0,2,2.9727742187608985,3.0963530438813938,0,2,0.0051579615,0.99484205,2848.579384101033,0.9948420524597168,1094.3262577056885,3942.9056418067216,0.0,0
0,1,1,0,0,1,0,30,122.23860731431296,1.0,3,0.0,0.3594509123748089,1,3,0.22464752,0.7753525,3922.238607314313,0.7753524780273438,852.8877258300781,4775.1263331443915,0.0,2
1,1,1,0,1,1,1,30,74.89771991136227,1.0,13,0.8530215832591771,0.6997469933689497,0,0,0.015735544,0.98426443,14874.897719911361,0.9842644333839417,1082.6908767223358,15957.588596633697,0.0,3
1,1,0,1,1,1,1,28,65.55278338485238,1.0,0,2.0805470636045293,2.2244512895206343,0,2,0.84718865,0.15281135,565.5527833848523,0.15281134843826294,168.09248328208923,733.6452666669416,0.0,3
1,1,1,0,0,12,0,33,205.4966105087761,12.0,2,0.5430049925141467,0.566155580042234,0,3,0.0005753348,0.99942464,2905.496610508776,11.993095636367798,13192.405200004578,16097.901810513355,0.0,2
0,0,0,0,1,1,1,23,124.32349034275556,1.0,1,2.0602269939203337,1.7177195488074075,1,0,0.9747874,0.025212586,1724.3234903427556,0.025212585926055908,27.7338445186615,1752.057334861417,0.0,3
0,1,1,0,1,12,1,33,258.76669735336486,6.0,1,2.6517488491773418,2.6079459962702183,0,1,0.003482355,0.99651766,1858.7666973533649,5.9791059494018555,6577.016544342041,8435.783241695406,6.0,1
1,1,1,0,1,12,1,27,83.58216533095649,11.0,2,2.653366631301532,2.5082878277569503,0,1,0.0030066075,0.99699336,2783.5821653309563,10.966926991939545,12063.6196911335,14847.201856464455,1.0,1
0,1,0,1,1,1,0,25,162.84564999270182,1.0,2,1.0655272374528542,0.1364795431324175,1,0,0.99726427,0.002735734,2862.845649992702,0.002735733985900879,3.009307384490967,2865.854957377193,0.0,3
0,1,0,0,1,1,0,32,133.2654605764576,1.0,12,3.3261247350763163,3.3645396310178373,0,2,0.00031988477,0.9996801,13833.265460576458,0.9996801018714905,1099.6481120586395,14932.913572635098,0.0,0
1,1,1,0,1,1,0,32,131.40536342234532,1.0,10,1.7006818421533312,1.7628948146627148,0,2,0.0017664336,0.99823356,11631.405363422346,0.9982335567474365,1098.0569124221802,12729.462275844526,0.0,0
1,1,1,1,0,1,0,31,91.41000560129072,1.0,3,3.3789610929671983,3.300611856554689,0,3,0.0030560235,0.99694395,3891.410005601291,0.9969439506530762,1096.6383457183838,4988.048351319674,0.0,2
1,0,0,0,1,1,0,31,9.593523668029029,1.0,14,2.131718038863307,2.147013017120832,0,2,0.0028875924,0.9971124,15909.593523668029,0.9971123933792114,1096.8236327171326,17006.417156385163,0.0,0
0,1,0,0,1,1,0,33,97.3641210131068,1.0,2,1.7070460560183651,1.6307002081629935,0,0,0.08822289,0.91177714,2797.364121013107,0.911777138710022,1002.9548525810242,3800.318973594131,0.0,3
1,1,1,0,1,6,1,28,227.76714616824088,6.0,4,1.1302262473732894,1.125771290028106,0,1,0.001782366,0.99821764,5127.767146168241,5.989305853843689,6588.236439228058,11716.003585396298,0.0,3
0,1,1,1,1,6,1,30,50.87450732311054,6.0,10,1.6930182133464324,1.7125722696248058,0,1,0.00059604814,0.99940395,11550.874507323111,5.996423721313477,6596.066093444824,18146.940600767935,0.0,1
0,1,0,0,1,12,1,27,15.558585818173215,12.0,6,0.8085820919371076,0.8979518006047,0,1,0.002122342,0.99787766,7115.558585818173,11.974531888961792,13171.985077857971,20287.543663676144,0.0,3
1,1,1,1,1,12,1,27,1.024875778616746,10.0,2,0.6142957307805883,0.5930365318307258,0,1,0.009250594,0.9907494,2701.0248757786167,9.907494187355042,10898.243606090546,13599.268481869163,2.0,1
1,1,1,0,1,6,1,32,69.97022194936274,6.0,4,2.59406816595338,2.51994867778492,0,2,0.0008760401,0.99912393,4969.970221949363,5.994743585586548,6594.217944145203,11564.188166094566,0.0,0
1,1,0,0,1,1,0,34,40.585638724135926,1.0,1,1.4323087883460497,0.2347055065975077,1,0,0.9982919,0.0017080903,1640.5856387241358,0.0017080903053283691,1.878899335861206,1642.464538059997,0.0,3
1,1,0,0,1,6,1,28,49.93936853811013,6.0,5,1.4104459383318666,1.3020230168345306,0,0,0.03388213,0.96611786,6049.93936853811,5.7967071533203125,6376.377868652344,12426.317237190455,0.0,3
0,1,1,0,1,6,0,32,192.3852789022296,6.0,7,1.965493201263719,1.9352551348259803,0,1,0.00035445121,0.99964553,8392.38527890223,5.9978731870651245,6597.660505771637,14990.045784673866,0.0,0
0,1,1,1,1,6,0,33,287.4646513071305,6.0,16,2.27463006434162,2.2421927736551592,0,1,0.00061758934,0.99938244,18387.46465130713,5.996294617652893,6595.924079418182,24983.388730725314,0.0,1
1,1,1,1,0,6,0,33,25.72789776235608,5.0,3,1.8151847257205591,1.6045017617179214,0,3,0.024703173,0.97529685,3825.727897762356,4.876484274864197,5364.1327023506165,9189.860600112972,1.0,2
0,1,1,1,1,1,0,30,196.076021426716,1.0,1,3.252623448508342,3.3041275529714467,0,2,0.007931035,0.99206895,1796.0760214267161,0.9920689463615417,1091.275840997696,2887.351862424412,0.0,1
0,1,0,0,1,6,0,29,112.15477486669327,6.0,3,2.1861841583490755,1.5508264624034864,1,0,0.3601059,0.6398941,3912.154774866693,3.839364767074585,4223.3012437820435,8135.456018648736,0.0,3
0,1,0,0,0,1,0,27,13.091703600934634,1.0,1,2.239540800362476,1.3999455963270482,1,3,0.99618536,0.0038146377,1613.0917036009346,0.0038146376609802246,4.196101427078247,1617.2878050280128,0.0,2
1,1,0,0,1,1,0,31,194.3900234308408,1.0,1,2.7636250143361125,2.8065746466653634,0,2,0.11693099,0.88306904,1794.3900234308408,0.8830690383911133,971.3759422302246,2765.7659656610654,0.0,0
0,0,1,1,1,1,1,27,381.7887330780626,1.0,0,1.3926343107856294,1.5400108663938936,0,0,0.0825146,0.9174854,881.7887330780626,0.9174854159355164,1009.233957529068,1891.0226906071307,0.0,1
0,1,0,0,1,1,0,28,468.20535976796094,1.0,2,0.7639119255394844,0.6605455208657438,0,0,0.11899229,0.88100773,3168.205359767961,0.881007730960846,969.1085040569305,4137.313863824891,0.0,3
0,0,0,0,1,6,0,28,51.63458871769427,6.0,5,3.230965582330017,3.3248972315889835,0,2,0.00030615053,0.9996939,6051.634588717694,5.998163223266602,6597.979545593262,12649.614134310956,0.0,0
1,1,0,0,1,6,1,39,140.82926998870218,6.0,9,1.9950934468755883,1.9467260726594824,0,2,0.0005260472,0.9994739,10540.829269988702,5.996843576431274,6596.527934074402,17137.357204063104,0.0,0
0,1,0,0,1,1,0,31,139.66526582851327,1.0,0,1.162559573400769,1.0014959153056522,1,0,0.8379625,0.16203749,639.6652658285133,0.16203749179840088,178.24124097824097,817.9065068067542,0.0,3
0,1,0,1,0,1,0,30,43.59149700347096,1.0,1,3.634475263452349,3.6418533268112654,0,3,0.028420405,0.9715796,1643.591497003471,0.9715796113014221,1068.7375724315643,2712.3290694350353,0.0,2
0,0,1,0,1,1,0,29,255.90537498026129,1.0,1,1.5729225005321277,1.2288185143178527,1,0,0.9311245,0.06887549,1855.9053749802613,0.06887549161911011,75.76304078102112,1931.6684157612824,0.0,3
0,1,1,1,0,6,1,29,272.62242724902745,6.0,8,3.1531046335658504,3.1306840620450007,0,3,0.00019101796,0.99980897,9572.622427249027,5.998853802680969,6598.739182949066,16171.361610198093,0.0,2
1,0,1,0,1,1,0,27,146.38370559564785,1.0,0,1.1510480719775211,0.8481427382846229,1,0,0.9870062,0.012993813,646.3837055956478,0.012993812561035156,14.293193817138672,660.6768994127865,0.0,3
0,1,0,0,1,1,1,25,128.86519647898524,1.0,0,1.70801016194025,0.7901576116468142,1,0,0.9984469,0.0015531182,628.8651964789852,0.0015531182289123535,1.7084300518035889,630.5736265307888,0.0,3
1,1,0,0,1,1,1,30,207.6167954717956,1.0,2,2.308360974463754,1.7610975971735516,1,2,0.846778,0.15322202,2907.6167954717957,0.15322202444076538,168.54422688484192,3076.1610223566377,0.0,0
0,1,1,0,1,12,1,29,79.70814219717711,6.0,3,2.1294027272452616,2.239949630014716,0,1,0.0064260107,0.99357396,3879.708142197177,5.961443781852722,6557.588160037994,10437.296302235172,6.0,1
0,0,1,0,1,1,1,33,412.60884842815534,1.0,7,0.8246827892592392,0.7744220607220229,0,0,0.001203305,0.9987967,8612.608848428155,0.9987967014312744,1098.6763715744019,9711.285220002557,0.0,3
0,0,1,0,1,1,1,29,33.06134638921007,1.0,9,1.1874392332039698,1.2212253937478723,0,0,0.0032732345,0.99672675,10433.06134638921,0.9967267513275146,1096.399426460266,11529.460772849476,0.0,3
1,1,0,0,1,6,0,28,115.77454029190906,6.0,2,1.1644171735608475,0.523379124769634,1,0,0.8141558,0.18584418,2815.774540291909,1.115065097808838,1226.5716075897217,4042.3461478816307,0.0,3
0,1,0,0,1,1,1,34,400.00476021901534,1.0,5,1.2951591223768912,1.392137778933646,0,2,0.00028091716,0.9997191,6400.004760219015,0.9997190833091736,1099.690991640091,7499.695751859106,0.0,0
1,0,1,0,1,1,0,27,8.000713840778246,1.0,0,0.104018576978931,0.0,1,0,0.9988772,0.0011227727,508.00071384077825,0.0011227726936340332,1.2350499629974365,509.2357638037757,0.0,3
1,1,1,1,1,12,0,30,1.5001163814980532,12.0,2,2.766293463323667,2.7843061836500085,0,1,0.0006530891,0.9993469,2701.500116381498,11.992162942886353,13191.379237174988,15892.879353556486,0.0,1
0,1,0,0,1,6,0,26,81.23249556738341,6.0,20,2.2844645852393377,2.2701968475627075,0,2,0.0010248632,0.99897516,22581.232495567383,5.993850946426392,6593.236041069031,29174.468536636414,0.0,0
1,1,1,0,1,1,0,28,14.7382813514659,1.0,4,0.0405876625295573,0.0394822931461452,0,0,0.07764689,0.9223531,4914.738281351466,0.9223530888557434,1014.5883977413177,5929.326679092784,0.0,3
1,1,0,1,1,1,1,32,5.927021444210683,1.0,1,2.5416126034048263,2.4314705568992774,0,2,0.017657064,0.98234296,1605.9270214442106,0.9823429584503174,1080.5772542953491,2686.5042757395595,0.0,0
1,0,1,1,1,1,0,29,224.0996624281296,1.0,8,2.5395462259157062,2.653997361904248,0,2,0.001594656,0.99840534,9524.099662428129,0.9984053373336792,1098.2458710670471,10622.345533495176,0.0,0
0,1,0,0,1,1,0,32,178.56761472566342,1.0,2,0.4787570785967441,0.694167687830635,0,0,0.07313356,0.9268664,2878.5676147256636,0.9268664121627808,1019.5530533790588,3898.1206681047224,0.0,3
0,1,0,0,1,1,1,25,45.80926187268282,1.0,0,1.580621115007586,1.5891506324883498,1,0,0.96792567,0.032074332,545.8092618726828,0.03207433223724365,35.28176546096802,581.0910273336508,0.0,3
0,1,0,0,1,1,0,34,219.671414598562,1.0,7,2.549299065624948,2.6188911371004155,0,2,0.0006550736,0.99934494,8419.671414598562,0.9993449449539185,1099.2794394493103,9518.950854047873,0.0,0
1,1,0,0,1,1,0,30,86.98780289504877,1.0,0,0.2207064506000782,0.0,1,0,0.97784096,0.02215904,586.9878028950487,0.022159039974212646,24.37494397163391,611.3627468666826,0.0,3
1,1,0,0,1,12,1,27,161.2922812884629,12.0,9,3.8374797473732247,3.9500118502852097,0,1,1.3728773e-05,0.9999863,10561.292281288463,11.99983549118042,13199.819040298462,23761.111321586926,0.0,0
1,1,1,1,1,6,1,34,253.8153680221585,5.0,18,1.6219631356294348,1.6644469258582175,0,1,0.00022890855,0.9997711,20553.81536802216,4.9988555908203125,5498.741149902344,26052.556517924502,1.0,1
0,1,0,0,1,6,0,30,147.1258836578668,6.0,3,1.4715114105435805,1.485912858150122,0,0,0.017891403,0.9821086,3947.125883657867,5.892651557922363,6481.9167137146,10429.042597372467,0.0,3
0,1,1,1,1,1,1,30,64.45272484316074,1.0,6,1.8255013535392848,1.9644349099024097,0,2,0.0023663512,0.99763364,7164.4527248431605,0.9976336359977722,1097.3969995975494,8261.84972444071,0.0,1
1,1,0,0,1,1,0,27,60.63624323322423,1.0,0,0.7551270745890979,0.0,1,0,0.99968994,0.00031006336,560.6362432332243,0.00031006336212158203,0.34106969833374023,560.977312931558,0.0,3
1,1,1,0,1,12,1,32,49.75736833690525,8.0,3,2.951439483302811,2.963552369596953,0,1,0.0007596865,0.99924034,3849.757368336905,7.993922710418701,8793.314981460571,12643.072349797476,4.0,1
1,1,0,0,1,1,1,30,136.73246787619814,1.0,14,2.093223125301269,2.0811314596000403,0,2,0.0014102114,0.9985898,16036.732467876198,0.998589813709259,1098.448795080185,17135.181262956383,0.0,0
0,0,0,0,1,1,0,28,123.86940960693754,1.0,2,0.4984460324909179,0.3718108877006612,1,0,0.4330063,0.5669937,2823.8694096069376,0.5669937133789062,623.6930847167969,3447.5624943237344,0.0,3
0,1,0,0,1,1,0,23,261.14304634061244,1.0,8,2.7460266382568284,2.768481199428075,0,2,0.007500099,0.9924999,9561.143046340612,0.9924998879432678,1091.7498767375946,10652.892923078207,0.0,0
1,1,0,0,1,1,0,28,104.472327187594,1.0,0,1.3100440765955734,1.0551811638961874,1,0,0.9775163,0.022483706,604.472327187594,0.0224837064743042,24.73207712173462,629.2044043093287,0.0,3
1,1,0,0,1,1,0,29,93.81709154986775,1.0,0,0.4448369627921744,0.0,1,0,0.9975152,0.0024847984,593.8170915498678,0.0024847984313964844,2.733278274536133,596.5503698244039,0.0,3
1,1,0,0,1,1,0,32,267.99236703718947,1.0,5,3.3662508766767347,3.466298732545136,0,2,0.00032662193,0.99967337,6267.992367037189,0.9996733665466309,1099.640703201294,7367.633070238483,0.0,0
1,1,0,0,1,6,1,31,195.0763030622758,6.0,11,2.5207742413112744,2.6454309066367574,0,2,0.0002751841,0.9997248,12795.076303062277,5.998348832130432,6598.183715343475,19393.260018405752,0.0,0
1,1,0,0,0,1,1,28,68.13645554011535,1.0,3,2.2399669297681566,2.29973913170267,0,3,0.03406258,0.96593744,3868.1364555401155,0.9659374356269836,1062.531179189682,4930.667634729798,0.0,2
1,1,0,0,1,12,1,31,105.64766231760348,12.0,4,0.5942881190641731,0.5450680770885687,0,1,0.00057633646,0.9994237,5005.647662317603,11.993084192276001,13192.392611503601,18198.040273821203,0.0,3
1,1,0,0,1,1,0,24,135.3957116214682,1.0,0,1.3902506063736928,0.7893214565878559,1,0,0.9991654,0.00083458424,635.3957116214682,0.0008345842361450195,0.9180426597595215,636.3137542812277,0.0,3
1,1,0,1,1,1,1,31,44.68595140160929,1.0,1,0.0,0.0,0,0,0.19070794,0.8092921,1644.6859514016094,0.8092920780181885,890.2212858200073,2534.907237221617,0.0,3
1,1,0,0,1,6,1,22,101.10754412192864,6.0,2,1.3778597107471455,0.3439152996098382,1,0,0.9844037,0.015596271,2801.1075441219286,0.09357762336730957,102.93538570404053,2904.042929825969,0.0,3
0,1,1,1,1,12,1,29,13.328842846511977,9.0,2,2.1869400766269407,2.3513171469513283,0,1,0.00060877675,0.9993912,2713.328842846512,8.994520783424377,9893.972861766815,12607.301704613328,3.0,1
0,1,1,1,1,1,1,34,226.80484478207103,1.0,0,1.3995287124213105,0.304130231918988,1,0,0.99512887,0.00487113,726.8048447820711,0.0048711299896240234,5.358242988586426,732.1630877706575,0.0,1
1,1,1,0,1,6,0,33,113.38342139903082,6.0,8,3.620360206759076,3.4348058700959,0,2,0.00015466024,0.9998453,9413.38342139903,5.999071955680847,6598.979151248932,16012.362572647962,0.0,0
0,1,0,0,1,12,1,25,33.11852870236497,12.0,2,0.7981690754506456,0.9555258294044652,0,1,0.038344465,0.96165556,2733.118528702365,11.53986668586731,12693.85335445404,15426.971883156406,0.0,3
0,1,1,0,1,6,1,30,172.68329443707637,5.0,6,2.2250145107060897,2.267793727073591,0,2,0.00041726464,0.9995827,7272.683294437076,4.9979135394096375,5497.704893350601,12770.388187787677,1.0,1
1,0,1,0,1,12,0,33,31.77114703343993,8.0,10,1.831577300867406,1.9245087682501727,0,1,0.00050214306,0.99949783,11531.77114703344,7.995982646942139,8795.580911636353,20327.352058669792,4.0,1
1,0,1,0,1,6,0,33,69.30126955123839,6.0,1,1.3672888170557456,1.4357205955881904,0,0,0.024515646,0.9754844,1669.3012695512384,5.852906227111816,6438.196849822998,8107.498119374237,0.0,3
0,1,1,1,1,12,0,31,223.1024484793248,8.0,4,3.8559158736511385,3.797062439609829,0,1,0.00015178692,0.9998482,5123.102448479325,7.998785495758057,8798.664045333862,13921.766493813187,4.0,1
0,1,1,0,1,1,0,33,231.7786277732758,1.0,3,1.4187910014963796,1.4504416522703951,0,0,0.019414363,0.98058563,4031.7786277732757,0.9805856347084045,1078.644198179245,5110.422825952521,0.0,3
1,1,0,0,1,1,0,26,31.066720662788924,1.0,1,1.1574505234749584,0.2695965736483236,1,0,0.999835,0.00016498566,1631.0667206627888,0.00016498565673828125,0.18148422241210938,1631.248204885201,0.0,3
1,1,1,0,1,12,0,33,2.406023033473062,12.0,8,2.28449743543651,2.3490699251786364,0,1,8.564024e-05,0.99991435,9302.406023033473,11.998972177505493,13198.869395256042,22501.275418289515,0.0,0
0,1,0,0,1,1,1,29,68.88376396482825,1.0,1,1.277168289948302,0.2928588693759281,1,0,0.9987404,0.001259625,1668.8837639648282,0.00125962495803833,1.385587453842163,1670.2693514186703,0.0,3
1,1,1,1,1,12,0,28,78.25054157456312,11.0,2,2.7861463628542094,2.8314394988262594,0,1,0.0005373007,0.9994627,2778.250541574563,10.994089961051941,12093.498957157135,14871.749498731699,1.0,1
0,1,1,1,1,6,0,32,61.91265691299797,5.0,3,1.6301081448164971,1.5962366400421395,0,1,0.0048411307,0.99515885,3861.912656912998,4.97579425573349,5473.373681306839,9335.286338219837,1.0,1
1,0,1,0,0,12,1,30,178.86181361265054,12.0,1,1.1018322113871908,1.0352697564713114,0,3,0.009910712,0.9900893,1778.8618136126506,11.8810715675354,13069.17872428894,14848.04053790159,0.0,2
